transaction_id,store_id,department,brand,channel,upc,sku,product_name,quantity,units_sold,units_received,revenue,cost,margin,price,discount,return_flag,exchange_flag,transaction_date,sell_through_flag,premium_flag,transaction_flag
TXN-03-05101,STORE-010,Home & Garden,BrandH,In-Store,UPC-447501123,SKU-HOM-9803,Chair,4,4,2,543.36,348.69,194.67,146.18,10.34,0,0,2025-12-20 15:00:00,0,0,1
TXN-03-02138,STORE-004,Grocery,BrandH,Online,UPC-204550407,SKU-GRO-5300,Milk,4,4,2,196.44,129.96,66.48,62.46,13.35,0,0,2025-12-19 12:00:00,1,0,1
TXN-03-02157,STORE-010,Apparel,BrandF,Online,UPC-610556244,SKU-APP-5240,Scarf,6,6,3,140.34,89.32,51.02,26.75,3.36,1,1,2025-12-28 20:00:00,1,0,1
TXN-03-01507,STORE-013,Apparel,BrandB,Online,UPC-145278740,SKU-APP-2850,Jacket,4,4,2,512.52,282.53,229.99,142.67,14.54,0,0,2025-12-19 23:00:00,0,1,1
TXN-03-06028,STORE-013,Home & Garden,BrandB,Mobile,UPC-319024980,SKU-HOM-1000,Lamp,7,7,0,817.18,442.76,374.42,141.88,25.14,0,0,2025-12-16 12:00:00,0,0,1
TXN-03-04918,STORE-010,Electronics,BrandD,In-Store,UPC-487254393,SKU-ELE-3407,Camera,4,4,0,1549.72,813.38,736.34,400.3,12.87,0,0,2025-12-07 08:00:00,0,0,1
TXN-03-01146,STORE-012,Apparel,BrandD,In-Store,UPC-175287943,SKU-APP-8020,Hat,6,6,1,1717.32,989.17,728.15,398.3,112.08,0,0,2025-12-29 08:00:00,1,1,1
TXN-03-03847,STORE-013,Home & Garden,BrandA,Online,UPC-745636190,SKU-HOM-8630,Tool Set,6,6,3,1908.6,958.79,949.81,325.09,6.99,0,0,2025-12-24 04:00:00,0,1,1
TXN-03-01687,STORE-014,Electronics,BrandC,In-Store,UPC-649042273,SKU-ELE-9792,Charger,3,3,2,622.5,352.89,269.61,250.5,43.0,0,0,2025-12-06 16:00:00,1,0,1
TXN-03-04938,STORE-009,Home & Garden,BrandC,Online,UPC-312938083,SKU-HOM-2938,Lamp,3,3,3,156.45,64.26,92.19,65.54,13.39,0,0,2025-12-25 10:00:00,1,1,1
TXN-03-03682,STORE-010,Home & Garden,BrandC,Online,UPC-911455279,SKU-HOM-9301,Hose,3,3,4,1016.28,539.4,476.88,478.4,139.64,0,0,2025-12-09 22:00:00,0,0,1
TXN-03-04172,STORE-002,Apparel,BrandD,In-Store,UPC-501163630,SKU-APP-8740,T-Shirt,2,2,3,620.02,319.42,300.6,335.86,25.85,1,1,2025-12-04 07:00:00,1,0,1
TXN-03-05263,STORE-014,Home & Garden,BrandH,Online,UPC-394269047,SKU-HOM-2000,Chair,2,2,1,752.54,463.33,289.21,476.06,99.79,0,0,2025-12-14 17:00:00,1,0,1
TXN-03-01466,STORE-004,Home & Garden,BrandB,In-Store,UPC-787279672,SKU-HOM-3394,Chair,4,4,0,1515.96,768.81,747.15,448.8,69.81,0,0,2025-12-15 02:00:00,1,1,1
TXN-03-04016,STORE-007,Electronics,BrandD,In-Store,UPC-790269150,SKU-ELE-2143,Camera,8,8,1,960.8,486.14,474.66,164.61,44.51,0,0,2025-12-01 20:00:00,1,0,1
TXN-03-03493,STORE-009,Home & Garden,BrandE,Mobile,UPC-666429487,SKU-HOM-1168,Lamp,3,3,3,652.47,376.75,275.72,296.05,78.56,0,0,2025-12-21 13:00:00,1,1,1
TXN-03-05787,STORE-001,Sports,BrandD,Online,UPC-926314103,SKU-SPO-1305,Jersey,3,3,4,1316.19,901.22,414.97,450.58,11.85,0,0,2025-12-25 12:00:00,0,0,1
TXN-03-02902,STORE-015,Electronics,BrandD,In-Store,UPC-340844592,SKU-ELE-4723,Phone,5,5,0,1097.3,486.13,611.17,225.96,6.5,0,0,2025-12-11 01:00:00,0,0,1
TXN-03-05438,STORE-019,Sports,BrandE,Online,UPC-318792207,SKU-SPO-8480,Dumbbell,3,3,1,510.6,261.1,249.5,170.21,0.01,0,0,2025-12-09 06:00:00,1,0,1
TXN-03-00054,STORE-015,Grocery,BrandH,In-Store,UPC-401337309,SKU-GRO-9319,Coffee,4,4,4,1742.2,833.72,908.48,444.1,8.55,1,0,2025-12-20 00:00:00,1,0,1
TXN-03-02389,STORE-001,Grocery,BrandC,Online,UPC-636070585,SKU-GRO-3375,Cereal,3,3,0,188.67,130.93,57.74,71.61,8.72,0,0,2025-12-13 22:00:00,1,1,1
TXN-03-00460,STORE-002,Apparel,BrandF,Online,UPC-960969289,SKU-APP-7398,Jacket,2,2,1,835.82,372.67,463.15,419.56,1.65,0,0,2025-12-09 07:00:00,0,0,1
TXN-03-01516,STORE-019,Apparel,BrandA,In-Store,UPC-667360051,SKU-APP-6338,Scarf,2,2,0,697.62,413.13,284.49,359.49,10.68,0,0,2025-12-19 22:00:00,0,1,1
TXN-03-06287,STORE-015,Apparel,BrandG,Mobile,UPC-666140728,SKU-APP-2286,Socks,5,5,1,1100.85,521.65,579.2,268.72,48.55,0,0,2025-12-08 17:00:00,1,1,1
TXN-03-02945,STORE-017,Grocery,BrandC,Mobile,UPC-873182413,SKU-GRO-4816,Juice,1,1,1,121.12,89.02,32.1,160.57,39.45,0,0,2025-12-25 21:00:00,1,1,1
TXN-03-02269,STORE-003,Grocery,BrandD,Mobile,UPC-571227347,SKU-GRO-4253,Juice,8,8,4,648.72,277.1,371.62,81.38,0.29,0,0,2025-12-29 15:00:00,1,1,1
TXN-03-01453,STORE-005,Electronics,BrandB,In-Store,UPC-391730889,SKU-ELE-8410,Phone,7,7,3,94.36,65.16,29.2,18.62,5.14,0,0,2025-12-07 09:00:00,1,0,1
TXN-03-02086,STORE-007,Home & Garden,BrandC,In-Store,UPC-260925149,SKU-HOM-8140,Tool Set,4,4,0,729.68,536.67,193.01,228.2,45.78,0,0,2025-12-15 17:00:00,1,1,1
TXN-03-02148,STORE-008,Sports,BrandB,Mobile,UPC-762881736,SKU-SPO-5807,Cap,7,7,4,47.81,33.13,14.68,8.19,1.36,0,0,2025-12-24 05:00:00,1,1,1
TXN-03-06372,STORE-018,Electronics,BrandG,Online,UPC-439771342,SKU-ELE-4798,Charger,7,7,3,1695.54,694.2,1001.34,260.98,18.76,0,0,2025-12-17 05:00:00,1,1,1
TXN-03-04647,STORE-003,Apparel,BrandA,In-Store,UPC-510110347,SKU-APP-3292,Hat,1,1,4,306.55,135.61,170.94,404.5,97.95,0,0,2025-12-23 20:00:00,1,0,1
TXN-03-01303,STORE-015,Apparel,BrandH,Online,UPC-352396163,SKU-APP-3600,Scarf,4,4,4,625.36,436.68,188.68,205.18,48.84,0,0,2025-12-28 06:00:00,1,0,1
TXN-03-02162,STORE-007,Electronics,BrandA,Online,UPC-380042468,SKU-ELE-4913,Charger,3,3,0,511.77,338.55,173.22,190.7,20.11,0,0,2025-12-05 07:00:00,1,1,1
TXN-03-04282,STORE-010,Grocery,BrandE,In-Store,UPC-286049713,SKU-GRO-4608,Bread,8,8,3,1213.44,753.07,460.37,182.96,31.28,0,0,2025-12-11 02:00:00,1,0,1
TXN-03-00703,STORE-004,Grocery,BrandF,In-Store,UPC-984083834,SKU-GRO-9865,Bread,3,3,2,292.29,179.04,113.25,111.57,14.14,0,0,2025-12-10 22:00:00,1,0,1
TXN-03-02830,STORE-011,Home & Garden,BrandA,Online,UPC-921860960,SKU-HOM-6886,Rug,9,9,4,3283.74,2032.54,1251.2,439.87,75.01,0,0,2025-12-03 17:00:00,1,0,1
TXN-03-02782,STORE-006,Grocery,BrandE,Online,UPC-142626899,SKU-GRO-9722,Cereal,4,4,4,1425.72,767.72,658.0,402.73,46.3,0,0,2025-12-28 15:00:00,1,0,1
TXN-03-02177,STORE-016,Grocery,BrandA,In-Store,UPC-926406163,SKU-GRO-2599,Cereal,3,3,1,1058.34,772.91,285.43,395.87,43.09,1,0,2025-12-09 08:00:00,0,0,1
TXN-03-02380,STORE-009,Home & Garden,BrandF,In-Store,UPC-773736925,SKU-HOM-1171,Rug,4,4,3,241.6,137.41,104.19,63.88,3.48,0,0,2025-12-15 20:00:00,1,1,1
TXN-03-02160,STORE-011,Grocery,BrandE,In-Store,UPC-709152346,SKU-GRO-3240,Milk,5,5,1,108.6,77.85,30.75,22.2,0.48,0,0,2025-12-14 21:00:00,0,0,1
TXN-03-03538,STORE-006,Sports,BrandC,Mobile,UPC-441744031,SKU-SPO-4313,Running Shoes,5,5,1,46.35,31.43,14.92,10.36,1.09,0,0,2025-12-07 14:00:00,0,0,1
TXN-03-02861,STORE-013,Sports,BrandH,Online,UPC-910008379,SKU-SPO-3974,Resistance Band,6,6,2,2228.7,1452.72,775.98,451.95,80.5,0,0,2025-12-29 03:00:00,0,0,1
TXN-03-01497,STORE-016,Sports,BrandH,Online,UPC-453635696,SKU-SPO-7649,Cap,9,9,3,3123.99,1924.48,1199.51,418.19,71.08,0,0,2025-12-26 16:00:00,1,0,1
TXN-03-06351,STORE-003,Electronics,BrandC,Online,UPC-739486075,SKU-ELE-6102,Monitor,8,8,4,2443.36,1268.7,1174.66,310.62,5.2,0,0,2025-12-09 20:00:00,1,0,1
TXN-03-06032,STORE-008,Home & Garden,BrandA,In-Store,UPC-407534354,SKU-HOM-7276,Hose,3,3,4,692.01,514.5,177.51,245.01,14.34,1,1,2025-12-15 16:00:00,1,0,1
TXN-03-03608,STORE-004,Sports,BrandH,In-Store,UPC-652760774,SKU-SPO-5094,Jersey,4,4,4,618.44,360.02,258.42,182.74,28.13,0,0,2025-12-17 02:00:00,0,1,1
TXN-03-16419,STORE-006,Electronics,BrandC,Mobile,UPC-366273835,SKU-ELE-4308,Monitor,9,9,3,2495.97,1085.58,1410.39,371.99,94.66,0,0,2025-12-21 06:00:00,1,0,1
TXN-03-01430,STORE-002,Home & Garden,BrandC,In-Store,UPC-194030420,SKU-HOM-2695,Vase,9,9,2,4091.22,2930.1,1161.12,486.53,31.95,0,0,2025-12-21 09:00:00,0,0,1
TXN-03-06346,STORE-014,Home & Garden,BrandG,In-Store,UPC-560742080,SKU-HOM-9044,Hose,3,3,2,58.71,40.27,18.44,25.64,6.07,1,0,2025-12-09 01:00:00,1,0,1
TXN-03-03314,STORE-011,Home & Garden,BrandE,In-Store,UPC-509412486,SKU-HOM-8861,Vase,2,2,4,379.9,157.15,222.75,225.67,35.72,0,0,2025-12-03 10:00:00,1,0,1
TXN-03-00531,STORE-015,Apparel,BrandD,In-Store,UPC-779008776,SKU-APP-1408,Scarf,4,4,3,381.84,208.35,173.49,106.69,11.23,1,0,2025-12-16 02:00:00,1,0,1
TXN-03-03593,STORE-014,Home & Garden,BrandE,Online,UPC-441381974,SKU-HOM-5500,Hose,5,5,3,1445.6,879.32,566.28,401.09,111.97,0,0,2025-12-01 19:00:00,1,0,1
TXN-03-05083,STORE-004,Home & Garden,BrandG,In-Store,UPC-477500544,SKU-HOM-9853,Tool Set,1,1,0,55.44,31.54,23.9,63.83,8.39,1,0,2025-12-24 19:00:00,0,1,1
TXN-03-00512,STORE-014,Apparel,BrandB,Online,UPC-503257465,SKU-APP-9378,Hat,1,1,3,240.72,165.34,75.38,249.36,8.64,0,0,2025-12-13 00:00:00,0,0,1
TXN-03-01885,STORE-004,Apparel,BrandA,Online,UPC-913178630,SKU-APP-7102,Shoes,3,3,0,730.14,371.35,358.79,300.22,56.84,0,0,2025-12-04 01:00:00,0,1,1
TXN-03-00446,STORE-014,Grocery,BrandC,Online,UPC-491793983,SKU-GRO-5174,Milk,8,8,2,657.04,417.78,239.26,111.6,29.47,0,0,2025-12-05 17:00:00,1,1,1
TXN-03-03890,STORE-003,Sports,BrandC,Mobile,UPC-707227932,SKU-SPO-3223,Cap,3,3,2,571.89,229.58,342.31,250.08,59.45,0,0,2025-12-04 10:00:00,0,0,1
TXN-03-01480,STORE-006,Home & Garden,BrandA,Online,UPC-331345762,SKU-HOM-9187,Plant Pot,4,4,3,1334.44,618.4,716.04,384.21,50.6,0,0,2025-12-17 14:00:00,0,0,1
TXN-03-00148,STORE-010,Home & Garden,BrandF,Online,UPC-242952466,SKU-HOM-7392,Chair,5,5,2,463.15,219.74,243.41,118.37,25.74,0,0,2025-12-15 04:00:00,1,0,1
TXN-03-05761,STORE-016,Apparel,BrandH,Online,UPC-296653186,SKU-APP-3272,T-Shirt,1,1,4,306.5,175.62,130.88,331.97,25.47,0,0,2025-12-17 20:00:00,0,0,1
TXN-03-06244,STORE-019,Sports,BrandB,Online,UPC-357772124,SKU-SPO-4182,Jersey,1,1,2,292.05,165.68,126.37,300.02,7.97,0,0,2025-12-07 19:00:00,1,0,1
TXN-03-03166,STORE-017,Grocery,BrandF,In-Store,UPC-678196992,SKU-GRO-6552,Bread,5,5,1,1497.4,672.98,824.42,335.79,36.31,0,0,2025-12-20 18:00:00,0,0,1
TXN-03-00722,STORE-008,Apparel,BrandB,In-Store,UPC-108953450,SKU-APP-8052,Dress,9,9,0,3319.47,2128.44,1191.03,390.76,21.93,0,0,2025-12-15 22:00:00,1,0,1
TXN-03-01737,STORE-003,Apparel,BrandC,Mobile,UPC-618335238,SKU-APP-2898,T-Shirt,7,7,0,491.75,238.3,253.45,71.58,1.33,0,0,2025-12-19 07:00:00,1,0,1
TXN-03-05600,STORE-005,Grocery,BrandE,In-Store,UPC-936953504,SKU-GRO-9653,Cereal,3,3,4,146.58,103.15,43.43,61.9,13.04,0,0,2025-12-17 13:00:00,1,0,1
TXN-03-05064,STORE-013,Home & Garden,BrandB,In-Store,UPC-959909551,SKU-HOM-2258,Plant Pot,6,6,4,91.8,65.32,26.48,21.44,6.14,1,0,2025-12-08 14:00:00,0,0,1
TXN-03-03371,STORE-014,Sports,BrandD,In-Store,UPC-172735463,SKU-SPO-9588,Water Bottle,8,8,0,2963.36,1596.79,1366.57,412.39,41.97,0,0,2025-12-18 20:00:00,0,0,1
TXN-03-04577,STORE-011,Home & Garden,BrandG,In-Store,UPC-114431808,SKU-HOM-9808,Chair,3,3,1,647.64,358.4,289.24,269.32,53.44,1,0,2025-12-20 07:00:00,1,0,1
TXN-03-02625,STORE-015,Electronics,BrandD,Online,UPC-293747730,SKU-ELE-1302,Headphones,9,9,3,2373.39,998.74,1374.65,289.19,25.48,0,0,2025-12-04 22:00:00,1,0,1
TXN-03-06065,STORE-006,Apparel,BrandD,In-Store,UPC-463556545,SKU-APP-3405,Jacket,5,5,2,482.75,211.52,271.23,122.92,26.37,0,0,2025-12-03 01:00:00,1,0,1
TXN-03-01305,STORE-009,Electronics,BrandF,Online,UPC-474422379,SKU-ELE-7101,Charger,5,5,0,524.75,382.38,142.37,133.18,28.23,0,0,2025-12-07 14:00:00,1,0,1
TXN-03-03809,STORE-003,Electronics,BrandH,Online,UPC-465416869,SKU-ELE-7537,Headphones,2,2,2,289.2,127.76,161.44,146.7,2.1,1,0,2025-12-27 05:00:00,1,1,1
TXN-03-01537,STORE-008,Home & Garden,BrandD,Online,UPC-924089431,SKU-HOM-1868,Hose,4,4,2,297.8,151.4,146.4,100.83,26.38,0,0,2025-12-17 15:00:00,1,1,1
TXN-03-00090,STORE-009,Grocery,BrandB,In-Store,UPC-417181556,SKU-GRO-1641,Bread,6,6,1,1671.36,1118.64,552.72,344.94,66.38,0,0,2025-12-27 19:00:00,1,0,1
TXN-03-02474,STORE-016,Sports,BrandD,In-Store,UPC-822316119,SKU-SPO-1500,Dumbbell,4,4,2,1094.04,498.07,595.97,289.92,16.41,0,0,2025-12-24 16:00:00,1,0,1
TXN-03-05146,STORE-017,Electronics,BrandG,Online,UPC-668246741,SKU-ELE-6408,Tablet,5,5,2,1520.4,609.87,910.53,373.02,68.94,0,0,2025-12-27 15:00:00,1,0,1
TXN-03-03164,STORE-004,Grocery,BrandB,Online,UPC-176967931,SKU-GRO-7554,Snack Bar,5,5,2,2250.6,1625.21,625.39,493.77,43.65,0,0,2025-12-19 14:00:00,1,0,1
TXN-03-01431,STORE-007,Apparel,BrandD,In-Store,UPC-717048231,SKU-APP-5512,Hat,3,3,2,576.18,402.73,173.45,228.87,36.81,0,0,2025-12-07 03:00:00,1,0,1
TXN-03-00179,STORE-005,Electronics,BrandD,In-Store,UPC-275339150,SKU-ELE-7397,Camera,9,9,0,2001.87,911.89,1089.98,257.01,34.58,0,0,2025-12-27 22:00:00,1,0,1
TXN-03-00682,STORE-018,Electronics,BrandA,Online,UPC-240848191,SKU-ELE-7970,Phone,5,5,3,1437.0,584.45,852.55,381.38,93.98,0,0,2025-12-25 04:00:00,1,0,1
TXN-03-01117,STORE-002,Home & Garden,BrandH,In-Store,UPC-669821949,SKU-HOM-9780,Rug,8,8,1,769.28,353.76,415.52,102.59,6.43,0,0,2025-12-23 06:00:00,0,0,1
TXN-03-04276,STORE-018,Apparel,BrandE,In-Store,UPC-295792584,SKU-APP-9668,Socks,6,6,1,2350.92,1142.5,1208.42,472.49,80.67,0,0,2025-12-23 15:00:00,1,1,1
TXN-03-04390,STORE-008,Grocery,BrandH,Online,UPC-712164053,SKU-GRO-1439,Snack Bar,6,6,0,1275.42,572.4,703.02,231.97,19.4,0,0,2025-12-19 15:00:00,1,0,1
TXN-03-01145,STORE-003,Apparel,BrandH,In-Store,UPC-152258530,SKU-APP-1233,Scarf,3,3,1,1153.35,547.53,605.82,396.17,11.72,0,0,2025-12-24 02:00:00,1,0,1
TXN-03-06256,STORE-018,Sports,BrandC,In-Store,UPC-324303090,SKU-SPO-5411,Resistance Band,7,7,1,609.0,309.5,299.5,105.4,18.4,0,0,2025-12-02 03:00:00,0,0,1
TXN-03-04781,STORE-013,Home & Garden,BrandH,Mobile,UPC-220732238,SKU-HOM-4280,Vase,9,9,2,1028.16,505.11,523.05,133.04,18.8,1,0,2025-12-15 14:00:00,1,0,1
TXN-03-01847,STORE-003,Grocery,BrandG,Online,UPC-758050341,SKU-GRO-6325,Coffee,7,7,1,2649.57,1619.85,1029.72,483.11,104.6,0,0,2025-12-17 07:00:00,0,0,1
TXN-03-01313,STORE-005,Electronics,BrandC,In-Store,UPC-184410654,SKU-ELE-9794,Monitor,1,1,0,201.45,83.53,117.92,280.76,79.31,0,0,2025-12-08 08:00:00,1,0,1
TXN-03-02924,STORE-018,Home & Garden,BrandD,In-Store,UPC-407810321,SKU-HOM-2525,Plant Pot,8,8,1,732.24,407.78,324.46,124.21,32.68,0,0,2025-12-17 20:00:00,1,0,1
TXN-03-06108,STORE-009,Electronics,BrandB,In-Store,UPC-491269317,SKU-ELE-3358,Laptop,9,9,4,1899.45,802.65,1096.8,293.63,82.58,0,0,2025-12-03 00:00:00,1,1,1
TXN-03-03764,STORE-014,Electronics,BrandC,In-Store,UPC-343456621,SKU-ELE-2566,Headphones,9,9,0,2722.68,1872.26,850.42,350.88,48.36,0,0,2025-12-26 03:00:00,0,1,1
TXN-03-03778,STORE-017,Home & Garden,BrandF,Online,UPC-861464138,SKU-HOM-5318,Hose,4,4,4,1607.24,819.7,787.54,424.48,22.67,0,0,2025-12-26 16:00:00,0,0,1
TXN-03-04502,STORE-018,Electronics,BrandD,Mobile,UPC-677919574,SKU-ELE-6799,Laptop,2,2,0,635.42,255.54,379.88,373.39,55.68,1,0,2025-12-11 00:00:00,1,1,1
TXN-03-06053,STORE-012,Home & Garden,BrandE,Mobile,UPC-829409802,SKU-HOM-1953,Plant Pot,1,1,2,28.89,17.05,11.84,38.13,9.24,0,0,2025-12-24 08:00:00,1,0,1
TXN-03-05870,STORE-002,Electronics,BrandH,Online,UPC-159416728,SKU-ELE-3838,Phone,1,1,3,359.15,234.37,124.78,471.21,112.06,0,0,2025-12-06 20:00:00,1,1,1
TXN-03-03951,STORE-015,Grocery,BrandF,Mobile,UPC-276421921,SKU-GRO-7043,Juice,7,7,3,600.04,391.3,208.74,87.79,2.07,0,0,2025-12-10 05:00:00,1,0,1
TXN-03-00302,STORE-019,Apparel,BrandB,In-Store,UPC-148180478,SKU-APP-6189,Jeans,9,9,1,3337.74,1930.33,1407.41,468.79,97.93,0,0,2025-12-13 23:00:00,1,0,1
TXN-03-01914,STORE-003,Apparel,BrandC,In-Store,UPC-962485576,SKU-APP-6182,Scarf,8,8,4,2645.2,1214.74,1430.46,332.99,2.34,1,0,2025-12-14 08:00:00,1,0,1
TXN-03-06109,STORE-005,Grocery,BrandD,Online,UPC-165074604,SKU-GRO-8499,Bread,3,3,0,871.41,349.29,522.12,297.75,7.28,0,0,2025-12-06 08:00:00,0,0,1
TXN-03-02695,STORE-018,Home & Garden,BrandG,In-Store,UPC-306638691,SKU-HOM-9546,Lamp,4,4,2,48.8,28.58,20.22,17.3,5.1,0,0,2025-12-23 14:00:00,1,1,1
TXN-03-01462,STORE-017,Home & Garden,BrandA,Online,UPC-786680651,SKU-HOM-4995,Chair,7,7,3,832.09,506.57,325.52,162.09,43.22,0,0,2025-12-17 13:00:00,1,1,1
TXN-03-03829,STORE-015,Grocery,BrandB,In-Store,UPC-813613935,SKU-GRO-3741,Coffee,5,5,1,1344.7,917.89,426.81,354.23,85.29,0,0,2025-12-19 00:00:00,1,0,1
TXN-03-02164,STORE-018,Apparel,BrandA,In-Store,UPC-841198931,SKU-APP-4245,Dress,2,2,3,423.66,227.39,196.27,282.61,70.78,1,1,2025-12-07 20:00:00,1,0,1
TXN-03-06103,STORE-009,Sports,BrandC,Online,UPC-220603153,SKU-SPO-3796,Yoga Mat,8,8,2,1922.4,1413.29,509.11,313.42,73.12,1,0,2025-12-06 20:00:00,1,0,1
TXN-03-04293,STORE-009,Electronics,BrandA,Mobile,UPC-201538457,SKU-ELE-4508,Tablet,5,5,3,1667.75,883.82,783.93,359.78,26.23,0,0,2025-12-01 04:00:00,1,0,1
TXN-03-05510,STORE-016,Electronics,BrandA,Online,UPC-381579535,SKU-ELE-7630,Monitor,3,3,2,295.02,182.79,112.23,132.71,34.37,0,0,2025-12-07 22:00:00,0,1,1
TXN-03-06073,STORE-013,Apparel,BrandA,In-Store,UPC-167016098,SKU-APP-9932,Jeans,8,8,0,3072.72,1617.57,1455.15,494.48,110.39,1,0,2025-12-02 08:00:00,0,0,1
TXN-03-00299,STORE-001,Apparel,BrandB,Online,UPC-502161250,SKU-APP-2712,Socks,7,7,2,1811.46,1133.65,677.81,274.15,15.37,0,0,2025-12-08 23:00:00,1,1,1
TXN-03-05333,STORE-016,Grocery,BrandA,In-Store,UPC-809573043,SKU-GRO-1303,Coffee,8,8,1,1181.6,563.24,618.36,185.35,37.65,0,0,2025-12-28 08:00:00,0,1,1
TXN-03-05111,STORE-015,Sports,BrandE,Mobile,UPC-747029567,SKU-SPO-1396,Running Shoes,4,4,3,1477.36,989.16,488.2,460.91,91.57,0,0,2025-12-24 12:00:00,1,1,1
TXN-03-02250,STORE-013,Sports,BrandB,In-Store,UPC-657653982,SKU-SPO-9074,Water Bottle,1,1,2,252.85,189.48,63.37,339.75,86.9,0,0,2025-12-01 14:00:00,1,0,1
TXN-03-05639,STORE-019,Grocery,BrandE,In-Store,UPC-418016102,SKU-GRO-3413,Pasta,6,6,0,2025.42,1281.5,743.92,457.85,120.28,0,0,2025-12-28 07:00:00,1,1,1
TXN-03-03479,STORE-007,Apparel,BrandF,Online,UPC-187257616,SKU-APP-9423,Hat,9,9,0,2286.45,1013.08,1273.37,290.74,36.69,0,0,2025-12-18 09:00:00,1,1,1
TXN-03-01058,STORE-017,Sports,BrandF,In-Store,UPC-163964577,SKU-SPO-2195,Jersey,8,8,1,3046.72,1890.86,1155.86,436.62,55.78,0,0,2025-12-16 16:00:00,0,0,1
TXN-03-01986,STORE-001,Apparel,BrandE,Online,UPC-510757834,SKU-APP-2009,Scarf,1,1,3,75.95,51.41,24.54,83.6,7.65,0,0,2025-12-21 10:00:00,1,1,1
TXN-03-02212,STORE-002,Sports,BrandE,In-Store,UPC-548700258,SKU-SPO-8281,Yoga Mat,3,3,4,854.16,460.9,393.26,320.89,36.17,0,0,2025-12-11 21:00:00,1,0,1
TXN-03-04772,STORE-004,Home & Garden,BrandC,Online,UPC-422995258,SKU-HOM-9593,Hose,3,3,2,1184.25,614.94,569.31,404.46,9.71,0,0,2025-12-11 19:00:00,0,1,1
TXN-03-03001,STORE-006,Electronics,BrandE,In-Store,UPC-425663130,SKU-ELE-9233,Monitor,6,6,4,2037.18,941.03,1096.15,442.69,103.16,0,0,2025-12-05 17:00:00,1,0,1
TXN-03-05222,STORE-019,Sports,BrandD,Mobile,UPC-300119904,SKU-SPO-1998,Yoga Mat,8,8,4,1237.52,668.62,568.9,158.57,3.88,0,0,2025-12-11 03:00:00,1,1,1
TXN-03-03992,STORE-005,Home & Garden,BrandE,Mobile,UPC-511247730,SKU-HOM-9523,Chair,9,9,1,698.22,282.48,415.74,108.33,30.75,0,0,2025-12-15 21:00:00,0,0,1
TXN-03-04672,STORE-002,Electronics,BrandA,Mobile,UPC-179487813,SKU-ELE-6669,Monitor,3,3,3,740.94,398.94,342.0,341.55,94.57,0,0,2025-12-18 12:00:00,1,0,1
TXN-03-04939,STORE-002,Electronics,BrandC,In-Store,UPC-986546951,SKU-ELE-8057,Monitor,6,6,3,1723.26,946.11,777.15,380.83,93.62,1,0,2025-12-23 06:00:00,1,0,1
TXN-03-03231,STORE-013,Electronics,BrandC,In-Store,UPC-157685505,SKU-ELE-3323,Headphones,8,8,2,2300.48,1508.41,792.07,329.34,41.78,0,0,2025-12-02 18:00:00,0,1,1
TXN-03-00776,STORE-001,Grocery,BrandA,In-Store,UPC-310333925,SKU-GRO-6214,Milk,5,5,0,1004.5,657.06,347.44,216.43,15.53,0,0,2025-12-16 05:00:00,0,0,1
TXN-03-01730,STORE-011,Apparel,BrandD,Online,UPC-360840503,SKU-APP-9234,T-Shirt,6,6,3,270.24,166.09,104.15,45.21,0.17,0,0,2025-12-11 23:00:00,1,1,1
TXN-03-05494,STORE-019,Electronics,BrandA,Online,UPC-794571388,SKU-ELE-9367,Monitor,8,8,1,76.48,40.5,35.98,11.72,2.16,0,0,2025-12-01 18:00:00,1,0,1
TXN-03-03720,STORE-018,Home & Garden,BrandF,In-Store,UPC-994009965,SKU-HOM-3373,Cushion,9,9,4,845.64,583.93,261.71,100.63,6.67,0,0,2025-12-21 02:00:00,1,0,1
TXN-03-00578,STORE-015,Apparel,BrandF,In-Store,UPC-503350826,SKU-APP-7270,Socks,5,5,0,603.85,242.54,361.31,149.28,28.51,0,0,2025-12-18 21:00:00,1,0,1
TXN-03-00977,STORE-017,Sports,BrandE,Online,UPC-979166400,SKU-SPO-5311,Cap,4,4,0,1194.84,645.76,549.08,325.85,27.14,0,0,2025-12-13 06:00:00,0,0,1
TXN-03-05727,STORE-014,Electronics,BrandD,Online,UPC-305738488,SKU-ELE-4407,Tablet,9,9,3,2756.97,1422.82,1334.15,364.76,58.43,0,0,2025-12-30 14:00:00,1,0,1
TXN-03-06023,STORE-013,Home & Garden,BrandH,In-Store,UPC-634663609,SKU-HOM-9959,Hose,1,1,1,213.65,98.75,114.9,245.6,31.95,0,0,2025-12-08 01:00:00,0,0,1
TXN-03-04589,STORE-003,Sports,BrandE,Online,UPC-541425364,SKU-SPO-6859,Water Bottle,6,6,1,1239.48,745.69,493.79,294.28,87.7,0,0,2025-12-29 03:00:00,0,0,1
TXN-03-03134,STORE-017,Sports,BrandE,In-Store,UPC-257572426,SKU-SPO-5140,Jersey,2,2,2,330.96,240.82,90.14,167.99,2.51,0,0,2025-12-19 19:00:00,1,1,1
TXN-03-02173,STORE-017,Home & Garden,BrandH,In-Store,UPC-758409471,SKU-HOM-6817,Rug,6,6,3,2032.86,1030.78,1002.08,379.54,40.73,0,0,2025-12-09 09:00:00,0,0,1
TXN-03-01468,STORE-007,Electronics,BrandF,Online,UPC-479932800,SKU-ELE-5388,Camera,8,8,2,326.24,178.84,147.4,43.45,2.67,0,0,2025-12-09 10:00:00,1,0,1
TXN-03-03095,STORE-007,Sports,BrandG,Online,UPC-164151796,SKU-SPO-7141,Water Bottle,9,9,3,726.93,471.18,255.75,88.43,7.66,0,0,2025-12-28 07:00:00,0,1,1
TXN-03-01673,STORE-005,Electronics,BrandE,In-Store,UPC-524317424,SKU-ELE-8437,Phone,7,7,0,1351.49,1000.6,350.89,268.52,75.45,0,0,2025-12-20 03:00:00,0,0,1
TXN-03-00255,STORE-004,Grocery,BrandH,In-Store,UPC-727546813,SKU-GRO-9067,Snack Bar,8,8,2,1867.36,1123.13,744.23,298.7,65.28,0,0,2025-12-07 12:00:00,0,1,1
TXN-03-06190,STORE-018,Apparel,BrandA,In-Store,UPC-888065215,SKU-APP-7333,Dress,8,8,4,614.32,370.35,243.97,78.68,1.89,0,0,2025-12-29 11:00:00,1,0,1
TXN-03-03272,STORE-019,Electronics,BrandB,In-Store,UPC-991423608,SKU-ELE-7738,Monitor,7,7,4,2389.45,1005.72,1383.73,475.52,134.17,0,0,2025-12-15 17:00:00,0,0,1
TXN-03-00398,STORE-015,Apparel,BrandF,Online,UPC-294803713,SKU-APP-7193,Jacket,1,1,3,287.59,153.31,134.28,295.76,8.17,0,0,2025-12-04 08:00:00,1,0,1
TXN-03-04839,STORE-013,Grocery,BrandE,Mobile,UPC-711701229,SKU-GRO-6625,Bread,8,8,3,1756.64,890.02,866.62,271.81,52.23,0,0,2025-12-28 11:00:00,1,1,1
TXN-03-06334,STORE-002,Electronics,BrandE,In-Store,UPC-524011340,SKU-ELE-2794,Phone,5,5,2,463.8,201.57,262.23,113.84,21.08,1,1,2025-12-03 11:00:00,1,1,1
TXN-03-00511,STORE-020,Apparel,BrandC,Online,UPC-787612139,SKU-APP-1629,Socks,8,8,3,3087.04,1413.7,1673.34,476.73,90.85,0,0,2025-12-23 04:00:00,1,1,1
TXN-03-02402,STORE-018,Grocery,BrandG,In-Store,UPC-658416305,SKU-GRO-6836,Cereal,9,9,1,2234.97,1385.28,849.69,259.36,11.03,0,0,2025-12-15 11:00:00,1,0,1
TXN-03-06185,STORE-004,Electronics,BrandG,Online,UPC-663392928,SKU-ELE-8074,Headphones,9,9,2,2253.6,1679.66,573.94,319.59,69.19,0,0,2025-12-19 19:00:00,1,0,1
TXN-03-01391,STORE-006,Home & Garden,BrandF,Online,UPC-990088897,SKU-HOM-5315,Chair,8,8,0,342.4,247.24,95.16,55.11,12.31,1,0,2025-12-29 11:00:00,0,0,1
TXN-03-06393,STORE-002,Sports,BrandA,In-Store,UPC-171010048,SKU-SPO-7364,Resistance Band,6,6,1,68.94,33.58,35.36,12.72,1.23,0,0,2025-12-11 13:00:00,1,0,1
TXN-03-00961,STORE-003,Electronics,BrandC,In-Store,UPC-606717071,SKU-ELE-1408,Speaker,4,4,1,1742.48,1051.7,690.78,455.18,19.56,0,0,2025-12-11 19:00:00,0,0,1
TXN-03-00717,STORE-015,Electronics,BrandB,In-Store,UPC-368776453,SKU-ELE-2472,Speaker,5,5,2,836.95,397.34,439.61,227.07,59.68,0,0,2025-12-13 05:00:00,0,0,1
TXN-03-02401,STORE-005,Apparel,BrandF,In-Store,UPC-565812479,SKU-APP-7817,Dress,5,5,3,1611.6,959.7,651.9,324.9,2.58,0,0,2025-12-11 16:00:00,1,1,1
TXN-03-02644,STORE-003,Grocery,BrandC,Online,UPC-184957410,SKU-GRO-1313,Snack Bar,7,7,1,749.07,391.01,358.06,145.2,38.19,0,0,2025-12-02 04:00:00,0,0,1
TXN-03-00845,STORE-004,Apparel,BrandA,In-Store,UPC-129312269,SKU-APP-1310,Jacket,5,5,0,731.45,510.68,220.77,160.33,14.04,0,0,2025-12-02 06:00:00,1,0,1
TXN-03-01115,STORE-006,Electronics,BrandG,In-Store,UPC-668068548,SKU-ELE-4925,Monitor,3,3,4,352.32,249.17,103.15,144.37,26.93,0,0,2025-12-28 23:00:00,1,0,1
TXN-03-04931,STORE-008,Grocery,BrandD,Online,UPC-166853414,SKU-GRO-1053,Juice,6,6,3,381.06,154.32,226.74,90.21,26.7,0,0,2025-12-29 13:00:00,1,0,1
TXN-03-01118,STORE-001,Electronics,BrandA,In-Store,UPC-487949098,SKU-ELE-6428,Monitor,5,5,1,1205.1,556.69,648.41,336.68,95.66,0,0,2025-12-15 05:00:00,0,0,1
TXN-03-04824,STORE-015,Electronics,BrandD,Online,UPC-200322853,SKU-ELE-5270,Headphones,2,2,3,712.68,517.75,194.93,357.22,0.88,0,0,2025-12-02 17:00:00,1,1,1
TXN-03-03955,STORE-009,Electronics,BrandC,Mobile,UPC-248158127,SKU-ELE-1380,Phone,6,6,4,1216.62,682.72,533.9,286.67,83.9,0,0,2025-12-16 16:00:00,0,1,1
TXN-03-06280,STORE-005,Electronics,BrandF,Online,UPC-956720197,SKU-ELE-8700,Headphones,5,5,2,70.1,31.28,38.82,14.41,0.39,0,0,2025-12-22 09:00:00,1,0,1
TXN-03-01555,STORE-020,Electronics,BrandG,In-Store,UPC-783335767,SKU-ELE-4397,Tablet,5,5,1,792.6,372.84,419.76,193.68,35.16,0,0,2025-12-09 21:00:00,1,0,1
TXN-03-03754,STORE-008,Apparel,BrandA,Online,UPC-177090003,SKU-APP-5351,Jacket,5,5,2,644.6,333.57,311.03,133.06,4.14,0,0,2025-12-19 13:00:00,1,0,1
TXN-03-00180,STORE-001,Home & Garden,BrandB,Mobile,UPC-775085203,SKU-HOM-2290,Rug,6,6,3,1508.46,875.76,632.7,275.8,24.39,0,0,2025-12-30 06:00:00,0,1,1
TXN-03-04015,STORE-012,Electronics,BrandG,Online,UPC-843575597,SKU-ELE-4107,Speaker,8,8,0,1686.88,1120.18,566.7,258.78,47.92,0,0,2025-12-13 07:00:00,1,1,1
TXN-03-03016,STORE-001,Apparel,BrandE,In-Store,UPC-151631798,SKU-APP-4486,T-Shirt,2,2,1,589.76,324.06,265.7,382.06,87.18,1,0,2025-12-29 07:00:00,1,0,1
TXN-03-00388,STORE-003,Sports,BrandB,Online,UPC-280476181,SKU-SPO-5186,Backpack,5,5,2,63.15,37.29,25.86,14.88,2.25,0,0,2025-12-14 09:00:00,0,1,1
TXN-03-01180,STORE-003,Grocery,BrandH,Online,UPC-217165629,SKU-GRO-7598,Coffee,2,2,4,335.8,228.26,107.54,227.28,59.38,1,0,2025-12-16 09:00:00,1,0,1
TXN-03-04346,STORE-018,Grocery,BrandC,Online,UPC-214541976,SKU-GRO-4771,Cereal,4,4,0,1578.44,634.53,943.91,497.5,102.89,0,0,2025-12-08 11:00:00,1,0,1
TXN-03-05103,STORE-001,Sports,BrandC,In-Store,UPC-502593583,SKU-SPO-7869,Cap,5,5,2,165.8,71.03,94.77,44.51,11.35,0,0,2025-12-03 10:00:00,0,0,1
TXN-03-01703,STORE-004,Sports,BrandF,Online,UPC-396541662,SKU-SPO-3191,Backpack,5,5,1,702.9,493.35,209.55,163.86,23.28,0,0,2025-12-07 18:00:00,1,0,1
TXN-03-00200,STORE-019,Apparel,BrandE,Online,UPC-823791312,SKU-APP-1971,Jeans,3,3,4,15.45,10.16,5.29,5.77,0.62,0,0,2025-12-25 01:00:00,1,0,1
TXN-03-00634,STORE-012,Electronics,BrandB,Mobile,UPC-982872947,SKU-ELE-4098,Tablet,9,9,2,3080.07,1637.2,1442.87,443.15,100.92,0,0,2025-12-26 23:00:00,0,1,1
TXN-03-02220,STORE-009,Sports,BrandC,In-Store,UPC-547004807,SKU-SPO-4318,Water Bottle,8,8,0,974.08,458.34,515.74,158.03,36.27,0,0,2025-12-13 19:00:00,1,1,1
TXN-03-02928,STORE-010,Home & Garden,BrandC,Online,UPC-949909806,SKU-HOM-6205,Plant Pot,6,6,0,1437.42,801.51,635.91,259.68,20.11,1,0,2025-12-18 18:00:00,1,0,1
TXN-03-02282,STORE-019,Grocery,BrandG,Online,UPC-961426777,SKU-GRO-9057,Bread,8,8,1,686.16,435.89,250.27,90.33,4.56,0,0,2025-12-05 13:00:00,1,1,1
TXN-03-04822,STORE-010,Home & Garden,BrandG,In-Store,UPC-595309184,SKU-HOM-6090,Rug,7,7,4,1579.06,636.35,942.71,307.47,81.89,0,0,2025-12-06 21:00:00,1,1,1
TXN-03-00068,STORE-002,Grocery,BrandD,Online,UPC-547496684,SKU-GRO-1622,Rice,3,3,0,85.02,56.99,28.03,36.28,7.94,0,0,2025-12-25 17:00:00,1,0,1
TXN-03-01263,STORE-005,Apparel,BrandG,In-Store,UPC-622351884,SKU-APP-8316,Shoes,4,4,4,730.84,402.49,328.35,219.61,36.9,0,0,2025-12-18 02:00:00,1,0,1
TXN-03-01663,STORE-018,Electronics,BrandD,In-Store,UPC-218478798,SKU-ELE-6830,Camera,5,5,4,1363.65,746.36,617.29,312.47,39.74,0,0,2025-12-03 12:00:00,1,0,1
TXN-03-02719,STORE-008,Home & Garden,BrandF,In-Store,UPC-949945818,SKU-HOM-4567,Hose,2,2,1,693.88,420.62,273.26,449.08,102.14,0,0,2025-12-21 16:00:00,1,0,1
TXN-03-03929,STORE-003,Apparel,BrandF,In-Store,UPC-302600750,SKU-APP-5589,Dress,8,8,1,2790.8,1644.43,1146.37,423.6,74.75,0,0,2025-12-08 18:00:00,0,0,1
TXN-03-02543,STORE-010,Sports,BrandE,Online,UPC-504727220,SKU-SPO-9534,Running Shoes,1,1,2,273.99,128.09,145.9,345.4,71.41,0,0,2025-12-10 08:00:00,0,0,1
TXN-03-04300,STORE-020,Grocery,BrandB,In-Store,UPC-659801269,SKU-GRO-7340,Milk,7,7,2,1712.34,1184.46,527.88,254.54,9.92,0,0,2025-12-20 14:00:00,1,0,1
TXN-03-03053,STORE-020,Grocery,BrandB,In-Store,UPC-726542435,SKU-GRO-1474,Pasta,8,8,2,1514.4,662.76,851.64,193.21,3.91,1,0,2025-12-30 08:00:00,1,1,1
TXN-03-02777,STORE-013,Sports,BrandH,Online,UPC-164989533,SKU-SPO-5529,Yoga Mat,4,4,2,920.44,555.91,364.53,316.16,86.05,0,0,2025-12-02 01:00:00,0,1,1
TXN-03-03153,STORE-002,Grocery,BrandG,In-Store,UPC-939268716,SKU-GRO-5302,Cereal,2,2,0,116.78,64.61,52.17,59.37,0.98,0,0,2025-12-05 04:00:00,1,0,1
TXN-03-06144,STORE-019,Sports,BrandA,Online,UPC-821552451,SKU-SPO-9066,Dumbbell,6,6,3,1100.22,814.88,285.34,244.34,60.97,0,0,2025-12-17 19:00:00,1,0,1
TXN-03-01332,STORE-019,Grocery,BrandG,Mobile,UPC-715675846,SKU-GRO-3524,Coffee,5,5,0,1530.25,646.95,883.3,370.49,64.44,0,0,2025-12-01 19:00:00,0,0,1
TXN-03-06141,STORE-013,Grocery,BrandA,Mobile,UPC-581259409,SKU-GRO-6927,Pasta,2,2,4,677.22,397.61,279.61,404.26,65.65,0,0,2025-12-27 15:00:00,1,0,1
TXN-03-00526,STORE-013,Grocery,BrandE,Online,UPC-998341274,SKU-GRO-4459,Coffee,6,6,4,610.08,366.55,243.53,111.64,9.96,0,0,2025-12-16 13:00:00,1,0,1
TXN-03-00729,STORE-018,Sports,BrandH,In-Store,UPC-813150903,SKU-SPO-1823,Jersey,4,4,1,997.56,547.85,449.71,249.95,0.56,0,0,2025-12-29 21:00:00,1,0,1
TXN-03-00395,STORE-001,Electronics,BrandE,Online,UPC-229582709,SKU-ELE-9641,Tablet,1,1,1,30.2,14.57,15.63,32.19,1.99,0,0,2025-12-24 20:00:00,1,0,1
TXN-03-06262,STORE-004,Home & Garden,BrandD,In-Store,UPC-553629994,SKU-HOM-2269,Tool Set,4,4,0,94.4,53.37,41.03,26.47,2.87,0,0,2025-12-28 08:00:00,1,1,1
TXN-03-02264,STORE-002,Apparel,BrandB,In-Store,UPC-330833053,SKU-APP-4426,Scarf,4,4,3,1757.04,994.4,762.64,496.87,57.61,0,0,2025-12-13 06:00:00,0,0,1
TXN-03-02706,STORE-012,Electronics,BrandD,In-Store,UPC-505982380,SKU-ELE-2548,Headphones,1,1,4,350.93,233.64,117.29,456.25,105.32,0,0,2025-12-25 12:00:00,0,0,1
TXN-03-03117,STORE-004,Home & Garden,BrandH,Mobile,UPC-680869137,SKU-HOM-6448,Vase,2,2,2,289.74,144.0,145.74,168.67,23.8,0,0,2025-12-06 18:00:00,1,0,1
TXN-03-02169,STORE-015,Electronics,BrandA,Online,UPC-696202451,SKU-ELE-7916,Laptop,7,7,1,1036.28,678.17,358.11,174.44,26.4,0,0,2025-12-28 00:00:00,0,0,1
TXN-03-06078,STORE-020,Apparel,BrandF,In-Store,UPC-746243596,SKU-APP-2949,Hat,8,8,1,2745.52,1198.36,1547.16,484.68,141.49,1,0,2025-12-21 10:00:00,0,0,1
TXN-03-01799,STORE-014,Apparel,BrandB,Online,UPC-365629005,SKU-APP-9281,Dress,6,6,2,1558.68,1158.73,399.95,276.51,16.73,0,0,2025-12-30 06:00:00,1,0,1
TXN-03-00801,STORE-019,Grocery,BrandF,Online,UPC-968587975,SKU-GRO-5804,Cereal,1,1,0,7.21,5.4,1.81,7.77,0.56,0,0,2025-12-10 16:00:00,1,0,1
TXN-03-00978,STORE-019,Apparel,BrandH,In-Store,UPC-169444093,SKU-APP-4132,Hat,7,7,3,2918.86,1587.33,1331.53,438.09,21.11,0,0,2025-12-04 08:00:00,0,0,1
TXN-03-04537,STORE-007,Home & Garden,BrandF,In-Store,UPC-858703895,SKU-HOM-1124,Vase,7,7,4,262.99,126.72,136.27,50.67,13.1,0,0,2025-12-04 18:00:00,0,0,1
TXN-03-00192,STORE-006,Electronics,BrandB,In-Store,UPC-204965223,SKU-ELE-6353,Phone,4,4,1,962.28,626.12,336.16,295.68,55.11,0,0,2025-12-25 07:00:00,1,1,1
TXN-03-04325,STORE-004,Home & Garden,BrandC,In-Store,UPC-215552704,SKU-HOM-4965,Hose,6,6,3,2751.54,1288.25,1463.29,499.92,41.33,0,0,2025-12-17 05:00:00,1,0,1
TXN-03-03247,STORE-001,Home & Garden,BrandE,In-Store,UPC-812545712,SKU-HOM-6182,Vase,8,8,3,1794.8,1133.93,660.87,289.01,64.66,0,0,2025-12-04 07:00:00,0,1,1
TXN-03-05551,STORE-012,Apparel,BrandE,In-Store,UPC-496002073,SKU-APP-4177,Jeans,4,4,4,397.64,210.84,186.8,141.54,42.13,1,1,2025-12-14 12:00:00,1,1,1
TXN-03-02041,STORE-015,Home & Garden,BrandF,Online,UPC-630616324,SKU-HOM-1373,Vase,5,5,3,296.85,161.09,135.76,79.61,20.24,0,0,2025-12-11 10:00:00,1,0,1
TXN-03-02919,STORE-009,Electronics,BrandE,In-Store,UPC-583160967,SKU-ELE-4668,Phone,2,2,4,196.78,116.92,79.86,105.81,7.42,0,0,2025-12-29 10:00:00,0,0,1
TXN-03-04765,STORE-010,Grocery,BrandB,Online,UPC-966194930,SKU-GRO-1915,Milk,8,8,4,978.8,445.94,532.86,131.21,8.86,0,0,2025-12-26 02:00:00,1,0,1
TXN-03-03650,STORE-005,Home & Garden,BrandE,In-Store,UPC-895903904,SKU-HOM-5150,Chair,6,6,4,677.82,340.27,337.55,114.03,1.06,0,0,2025-12-11 06:00:00,1,0,1
TXN-03-01137,STORE-020,Apparel,BrandH,Online,UPC-885273168,SKU-APP-2940,Socks,9,9,1,2181.42,947.8,1233.62,267.08,24.7,1,0,2025-12-05 02:00:00,1,0,1
TXN-03-04242,STORE-009,Electronics,BrandE,In-Store,UPC-683484877,SKU-ELE-3705,Monitor,4,4,4,1035.8,733.1,302.7,289.79,30.84,0,0,2025-12-12 20:00:00,0,0,1
TXN-03-01007,STORE-016,Grocery,BrandC,Mobile,UPC-921631995,SKU-GRO-9506,Snack Bar,3,3,1,415.44,215.85,199.59,157.2,18.72,0,0,2025-12-02 14:00:00,1,0,1
TXN-03-00885,STORE-001,Home & Garden,BrandD,Online,UPC-474626487,SKU-HOM-5615,Lamp,3,3,4,505.89,365.4,140.49,191.77,23.14,0,0,2025-12-17 16:00:00,1,0,1
TXN-03-02762,STORE-014,Sports,BrandF,In-Store,UPC-158609894,SKU-SPO-6509,Running Shoes,7,7,2,1927.38,1273.09,654.29,300.92,25.58,0,0,2025-12-16 14:00:00,0,0,1
TXN-03-01745,STORE-016,Home & Garden,BrandG,In-Store,UPC-406628655,SKU-HOM-4584,Plant Pot,7,7,4,1381.8,619.31,762.49,278.22,80.82,0,0,2025-12-07 21:00:00,0,0,1
TXN-03-03968,STORE-014,Grocery,BrandH,Online,UPC-417784606,SKU-GRO-3462,Rice,4,4,1,613.12,317.81,295.31,202.25,48.97,0,0,2025-12-13 23:00:00,0,0,1
TXN-03-02296,STORE-018,Electronics,BrandH,In-Store,UPC-302680769,SKU-ELE-2769,Laptop,2,2,4,245.68,174.52,71.16,127.9,5.06,0,0,2025-12-21 23:00:00,1,0,1
TXN-03-06379,STORE-005,Electronics,BrandH,Mobile,UPC-857117755,SKU-ELE-9212,Headphones,4,4,4,25.92,18.61,7.31,7.76,1.28,0,0,2025-12-08 17:00:00,0,1,1
TXN-03-02305,STORE-006,Electronics,BrandD,Online,UPC-282311606,SKU-ELE-3999,Laptop,7,7,0,528.08,302.26,225.82,80.43,4.99,0,0,2025-12-26 13:00:00,0,0,1
TXN-03-04641,STORE-005,Apparel,BrandD,Online,UPC-420888202,SKU-APP-2569,Jeans,3,3,1,882.87,596.94,285.93,350.78,56.49,1,0,2025-12-03 00:00:00,1,0,1
TXN-03-05039,STORE-002,Electronics,BrandF,In-Store,UPC-605163479,SKU-ELE-8769,Phone,2,2,1,786.68,397.47,389.21,476.52,83.18,0,0,2025-12-06 06:00:00,0,0,1
TXN-03-06266,STORE-002,Apparel,BrandC,In-Store,UPC-994831364,SKU-APP-7119,Hat,7,7,2,658.14,330.39,327.75,108.39,14.37,0,0,2025-12-14 22:00:00,1,1,1
TXN-03-02819,STORE-018,Apparel,BrandH,Mobile,UPC-625960162,SKU-APP-1139,Jacket,6,6,1,1508.04,616.57,891.47,333.86,82.52,0,0,2025-12-29 16:00:00,1,0,1
TXN-03-04932,STORE-013,Grocery,BrandG,Online,UPC-631673406,SKU-GRO-5698,Coffee,6,6,2,1674.96,1002.56,672.4,358.49,79.33,0,0,2025-12-26 20:00:00,0,0,1
TXN-03-01872,STORE-007,Apparel,BrandH,Mobile,UPC-264854507,SKU-APP-5337,Hat,5,5,0,929.0,387.51,541.49,227.45,41.65,0,0,2025-12-16 05:00:00,1,0,1
TXN-03-03681,STORE-015,Apparel,BrandC,Online,UPC-319470492,SKU-APP-1515,Shoes,9,9,4,2573.91,1645.23,928.68,297.12,11.13,0,0,2025-12-18 05:00:00,1,0,1
TXN-03-03597,STORE-018,Electronics,BrandC,Mobile,UPC-537200364,SKU-ELE-9995,Tablet,2,2,2,848.56,550.11,298.45,490.65,66.37,1,0,2025-12-22 17:00:00,1,1,1
TXN-03-02451,STORE-015,Home & Garden,BrandB,Online,UPC-433620855,SKU-HOM-4292,Vase,2,2,0,404.64,266.89,137.75,226.04,23.72,0,0,2025-12-16 07:00:00,0,1,1
TXN-03-04328,STORE-014,Electronics,BrandA,Online,UPC-640698122,SKU-ELE-5419,Headphones,9,9,3,2975.85,1535.39,1440.46,370.08,39.43,0,0,2025-12-08 10:00:00,1,0,1
TXN-03-04902,STORE-007,Apparel,BrandD,In-Store,UPC-904765045,SKU-APP-4076,Scarf,2,2,2,169.98,105.93,64.05,86.38,1.39,0,0,2025-12-23 18:00:00,0,1,1
TXN-03-03548,STORE-001,Sports,BrandC,In-Store,UPC-419510921,SKU-SPO-3464,Cap,4,4,0,1205.08,575.3,629.78,375.44,74.17,0,0,2025-12-21 21:00:00,1,1,1
TXN-03-03695,STORE-008,Sports,BrandH,In-Store,UPC-578296364,SKU-SPO-5330,Backpack,2,2,1,428.26,311.76,116.5,289.77,75.64,0,0,2025-12-18 13:00:00,1,0,1
TXN-03-01834,STORE-010,Sports,BrandH,Online,UPC-547904240,SKU-SPO-3842,Dumbbell,8,8,1,97.36,68.16,29.2,16.47,4.3,0,0,2025-12-03 10:00:00,0,0,1
TXN-03-05726,STORE-006,Grocery,BrandB,Online,UPC-617657046,SKU-GRO-5550,Cereal,2,2,2,188.78,85.17,103.61,97.37,2.98,0,0,2025-12-21 17:00:00,1,1,1
TXN-03-00760,STORE-011,Sports,BrandC,Online,UPC-217872600,SKU-SPO-7618,Jersey,2,2,4,93.46,45.52,47.94,66.5,19.77,0,0,2025-12-29 06:00:00,0,0,1
TXN-03-05602,STORE-001,Grocery,BrandD,In-Store,UPC-944482780,SKU-GRO-1560,Juice,3,3,0,552.6,351.62,200.98,258.99,74.79,0,0,2025-12-06 21:00:00,0,0,1
TXN-03-03711,STORE-004,Grocery,BrandD,In-Store,UPC-828442057,SKU-GRO-5554,Juice,1,1,0,151.0,69.63,81.37,190.91,39.91,0,0,2025-12-05 17:00:00,0,0,1
TXN-03-01547,STORE-016,Home & Garden,BrandF,Mobile,UPC-323137648,SKU-HOM-7133,Rug,9,9,0,445.86,252.42,193.44,61.78,12.24,0,0,2025-12-19 17:00:00,1,0,1
TXN-03-01073,STORE-012,Home & Garden,BrandE,Mobile,UPC-474529606,SKU-HOM-2299,Chair,8,8,3,1623.84,935.19,688.65,287.28,84.3,0,0,2025-12-12 15:00:00,1,0,1
TXN-03-03591,STORE-010,Grocery,BrandC,In-Store,UPC-120506864,SKU-GRO-7582,Milk,9,9,3,2287.89,1705.53,582.36,304.04,49.83,1,0,2025-12-04 14:00:00,1,1,1
TXN-03-04579,STORE-008,Electronics,BrandG,Online,UPC-337518737,SKU-ELE-1296,Phone,8,8,1,2756.64,1234.98,1521.66,418.35,73.77,0,0,2025-12-03 11:00:00,0,1,1
TXN-03-04426,STORE-012,Electronics,BrandC,In-Store,UPC-530946190,SKU-ELE-1870,Laptop,9,9,3,2789.82,1845.06,944.76,346.51,36.53,0,0,2025-12-23 16:00:00,0,0,1
TXN-03-04998,STORE-011,Apparel,BrandF,In-Store,UPC-659854408,SKU-APP-4069,Socks,9,9,1,2952.54,2212.36,740.18,395.76,67.7,0,0,2025-12-01 03:00:00,0,0,1
TXN-03-06212,STORE-016,Home & Garden,BrandH,Online,UPC-536284711,SKU-HOM-9819,Lamp,8,8,1,64.96,28.55,36.41,10.48,2.36,0,0,2025-12-16 05:00:00,1,0,1
TXN-03-03617,STORE-012,Apparel,BrandH,Mobile,UPC-576559751,SKU-APP-2314,Shoes,5,5,4,853.45,390.17,463.28,212.04,41.35,0,0,2025-12-06 20:00:00,0,1,1
TXN-03-01204,STORE-016,Sports,BrandH,In-Store,UPC-132195412,SKU-SPO-3365,Resistance Band,9,9,2,2138.31,1498.92,639.39,246.21,8.62,0,0,2025-12-10 10:00:00,1,0,1
TXN-03-03557,STORE-008,Grocery,BrandF,Online,UPC-917298286,SKU-GRO-2360,Pasta,4,4,3,838.4,397.37,441.03,224.79,15.19,0,0,2025-12-27 08:00:00,0,0,1
TXN-03-01771,STORE-002,Home & Garden,BrandE,In-Store,UPC-325675879,SKU-HOM-4286,Plant Pot,5,5,0,73.3,37.02,36.28,15.13,0.47,0,0,2025-12-07 22:00:00,1,0,1
TXN-03-03129,STORE-007,Home & Garden,BrandG,Online,UPC-409925020,SKU-HOM-6765,Cushion,3,3,4,701.55,490.79,210.76,271.07,37.22,0,0,2025-12-28 16:00:00,1,1,1
TXN-03-03182,STORE-009,Apparel,BrandE,Online,UPC-930821973,SKU-APP-2035,Hat,1,1,1,422.69,241.4,181.29,442.17,19.48,0,0,2025-12-07 21:00:00,1,0,1
TXN-03-00348,STORE-020,Apparel,BrandG,In-Store,UPC-477229952,SKU-APP-5502,Jacket,2,2,3,317.64,162.49,155.15,169.99,11.17,0,0,2025-12-10 00:00:00,1,0,1
TXN-03-03573,STORE-002,Electronics,BrandC,Online,UPC-513215789,SKU-ELE-8069,Speaker,8,8,4,453.92,240.66,213.26,68.82,12.08,0,0,2025-12-23 15:00:00,0,1,1
TXN-03-03582,STORE-020,Grocery,BrandG,In-Store,UPC-547933231,SKU-GRO-1147,Milk,6,6,2,950.1,645.95,304.15,215.68,57.33,0,0,2025-12-08 09:00:00,0,1,1
TXN-03-05500,STORE-018,Electronics,BrandH,Mobile,UPC-978179424,SKU-ELE-5497,Speaker,9,9,0,1655.28,1117.59,537.69,210.28,26.36,0,0,2025-12-05 06:00:00,1,0,1
TXN-03-00687,STORE-018,Electronics,BrandH,Online,UPC-527939871,SKU-ELE-3514,Headphones,8,8,3,1342.96,620.46,722.5,181.08,13.21,0,0,2025-12-29 00:00:00,1,1,1
TXN-03-00067,STORE-019,Grocery,BrandF,Mobile,UPC-896463202,SKU-GRO-2004,Milk,9,9,4,3139.38,1593.55,1545.83,352.84,4.02,1,0,2025-12-26 10:00:00,1,0,1
TXN-03-06217,STORE-017,Grocery,BrandA,In-Store,UPC-476468477,SKU-GRO-7405,Pasta,9,9,3,3444.3,2069.85,1374.45,460.24,77.54,0,0,2025-12-14 05:00:00,1,0,1
TXN-03-02093,STORE-006,Apparel,BrandG,Mobile,UPC-416270578,SKU-APP-1174,Socks,7,7,0,909.3,551.04,358.26,146.01,16.11,0,0,2025-12-22 15:00:00,1,1,1
TXN-03-06093,STORE-002,Apparel,BrandB,In-Store,UPC-242050755,SKU-APP-2043,Hat,2,2,1,49.14,31.13,18.01,26.93,2.36,0,0,2025-12-08 03:00:00,1,0,1
TXN-03-04102,STORE-009,Electronics,BrandB,In-Store,UPC-674176841,SKU-ELE-1456,Monitor,9,9,0,2574.72,1790.15,784.57,362.55,76.47,0,0,2025-12-18 05:00:00,1,0,1
TXN-03-00082,STORE-003,Electronics,BrandC,Online,UPC-118716816,SKU-ELE-6772,Tablet,7,7,2,2054.29,1466.31,587.98,369.31,75.84,0,0,2025-12-09 00:00:00,1,1,1
TXN-03-01805,STORE-011,Grocery,BrandG,Online,UPC-799573439,SKU-GRO-4992,Rice,7,7,0,1523.55,1089.48,434.07,264.61,46.96,0,0,2025-12-28 05:00:00,1,1,1
TXN-03-03610,STORE-007,Apparel,BrandC,Mobile,UPC-163844263,SKU-APP-5993,Jacket,1,1,0,239.0,171.04,67.96,299.2,60.2,0,0,2025-12-27 07:00:00,1,0,1
TXN-03-03987,STORE-019,Sports,BrandE,In-Store,UPC-681369380,SKU-SPO-6918,Cap,5,5,4,370.4,246.85,123.55,78.96,4.88,0,0,2025-12-10 13:00:00,1,0,1
TXN-03-05723,STORE-004,Electronics,BrandF,Online,UPC-784700867,SKU-ELE-3790,Laptop,3,3,1,867.84,410.2,457.64,314.62,25.34,0,0,2025-12-26 22:00:00,1,0,1
TXN-03-01632,STORE-019,Home & Garden,BrandF,Online,UPC-390316469,SKU-HOM-1426,Lamp,1,1,3,167.94,88.17,79.77,239.43,71.49,0,0,2025-12-11 05:00:00,1,0,1
TXN-03-02035,STORE-005,Apparel,BrandH,In-Store,UPC-976633647,SKU-APP-7877,Jeans,4,4,3,1568.24,818.5,749.74,448.93,56.87,0,0,2025-12-03 02:00:00,1,0,1
TXN-03-05202,STORE-003,Home & Garden,BrandF,In-Store,UPC-473436107,SKU-HOM-5011,Chair,2,2,2,395.52,209.6,185.92,202.85,5.09,0,0,2025-12-19 07:00:00,0,0,1
TXN-03-00647,STORE-005,Grocery,BrandB,Online,UPC-874569656,SKU-GRO-4242,Cereal,3,3,1,1373.01,894.43,478.58,462.72,5.05,1,0,2025-12-19 02:00:00,1,0,1
TXN-03-00281,STORE-020,Apparel,BrandE,In-Store,UPC-304982019,SKU-APP-8181,Scarf,1,1,4,36.56,26.02,10.54,41.34,4.78,0,0,2025-12-23 19:00:00,1,0,1
TXN-03-01093,STORE-020,Apparel,BrandD,Mobile,UPC-853056315,SKU-APP-8999,Socks,6,6,1,1722.12,1231.85,490.27,287.7,0.68,0,0,2025-12-08 02:00:00,1,0,1
TXN-03-02395,STORE-001,Sports,BrandC,Online,UPC-333963535,SKU-SPO-4103,Resistance Band,1,1,1,162.8,73.56,89.24,198.48,35.68,0,0,2025-12-13 08:00:00,0,0,1
TXN-03-04731,STORE-011,Grocery,BrandB,Mobile,UPC-602337661,SKU-GRO-5051,Bread,3,3,2,772.53,460.67,311.86,314.52,57.01,0,0,2025-12-07 14:00:00,1,0,1
TXN-03-02817,STORE-016,Sports,BrandC,In-Store,UPC-323176157,SKU-SPO-4204,Resistance Band,9,9,2,2797.74,1781.57,1016.17,421.71,110.85,0,0,2025-12-11 15:00:00,1,1,1
TXN-03-05949,STORE-010,Grocery,BrandE,In-Store,UPC-847103002,SKU-GRO-7761,Cereal,4,4,2,749.0,502.99,246.01,213.67,26.42,0,0,2025-12-24 17:00:00,0,0,1
TXN-03-02717,STORE-020,Electronics,BrandE,Mobile,UPC-770537306,SKU-ELE-1069,Headphones,2,2,0,614.16,348.79,265.37,431.53,124.45,0,0,2025-12-20 04:00:00,1,0,1
TXN-03-00172,STORE-013,Electronics,BrandH,In-Store,UPC-126737444,SKU-ELE-4309,Laptop,7,7,1,1988.63,1156.46,832.17,372.13,88.04,0,0,2025-12-01 08:00:00,0,1,1
TXN-03-04696,STORE-016,Grocery,BrandB,In-Store,UPC-938072234,SKU-GRO-1627,Bread,7,7,4,2515.94,1216.01,1299.93,436.24,76.82,0,0,2025-12-29 14:00:00,1,1,1
TXN-03-02882,STORE-018,Grocery,BrandA,In-Store,UPC-409396193,SKU-GRO-8798,Bread,7,7,1,1390.13,659.79,730.34,209.81,11.22,0,0,2025-12-11 22:00:00,0,0,1
TXN-03-03559,STORE-014,Sports,BrandH,In-Store,UPC-618276172,SKU-SPO-5539,Backpack,3,3,3,349.86,262.23,87.63,134.64,18.02,0,0,2025-12-15 18:00:00,1,0,1
TXN-03-00271,STORE-018,Sports,BrandF,Online,UPC-955948957,SKU-SPO-8663,Cap,6,6,0,2720.76,1883.21,837.55,459.16,5.7,1,0,2025-12-03 11:00:00,1,0,1
TXN-03-05375,STORE-003,Sports,BrandH,Mobile,UPC-339039287,SKU-SPO-7503,Cap,7,7,0,319.34,149.73,169.61,64.66,19.04,0,0,2025-12-21 10:00:00,1,1,1
TXN-03-00185,STORE-013,Grocery,BrandG,Online,UPC-996144353,SKU-GRO-8934,Snack Bar,9,9,2,3995.19,2240.13,1755.06,495.69,51.78,0,0,2025-12-23 12:00:00,0,0,1
TXN-03-03833,STORE-018,Grocery,BrandG,Online,UPC-450779775,SKU-GRO-8696,Bread,6,6,0,989.64,539.87,449.77,233.4,68.46,0,0,2025-12-03 10:00:00,0,0,1
TXN-03-00251,STORE-009,Apparel,BrandD,Online,UPC-633663801,SKU-APP-7372,Hat,3,3,1,1183.23,480.49,702.74,476.88,82.47,0,0,2025-12-30 08:00:00,1,0,1
TXN-03-02344,STORE-010,Sports,BrandC,Online,UPC-918009901,SKU-SPO-2720,Jersey,7,7,4,359.31,261.79,97.52,62.77,11.44,0,0,2025-12-08 14:00:00,0,0,1
TXN-03-03976,STORE-006,Grocery,BrandG,Online,UPC-485706680,SKU-GRO-2409,Cereal,6,6,2,445.14,259.46,185.68,94.77,20.58,0,0,2025-12-17 18:00:00,0,0,1
TXN-03-04017,STORE-014,Grocery,BrandC,In-Store,UPC-319037339,SKU-GRO-4961,Bread,7,7,4,1241.17,896.59,344.58,196.1,18.79,0,0,2025-12-12 12:00:00,0,1,1
TXN-03-02736,STORE-006,Grocery,BrandG,In-Store,UPC-970066837,SKU-GRO-8527,Juice,4,4,1,56.0,26.18,29.82,18.26,4.26,0,0,2025-12-29 07:00:00,1,0,1
TXN-03-06004,STORE-019,Grocery,BrandG,In-Store,UPC-840928966,SKU-GRO-4528,Cereal,4,4,0,311.44,149.83,161.61,87.55,9.69,0,0,2025-12-24 16:00:00,1,1,1
TXN-03-06038,STORE-012,Electronics,BrandE,In-Store,UPC-594064940,SKU-ELE-3122,Phone,6,6,2,663.48,294.04,369.44,152.04,41.46,0,0,2025-12-24 07:00:00,0,1,1
TXN-03-03421,STORE-016,Sports,BrandF,In-Store,UPC-191800913,SKU-SPO-6867,Backpack,1,1,4,321.66,149.69,171.97,451.26,129.6,0,0,2025-12-12 17:00:00,1,1,1
TXN-03-01227,STORE-015,Electronics,BrandE,In-Store,UPC-462301608,SKU-ELE-9625,Laptop,7,7,3,1687.91,842.84,845.07,334.96,93.83,0,0,2025-12-04 05:00:00,1,1,1
TXN-03-02343,STORE-017,Grocery,BrandA,In-Store,UPC-671015597,SKU-GRO-5237,Rice,7,7,4,1041.67,572.38,469.29,160.26,11.45,0,0,2025-12-14 23:00:00,0,1,1
TXN-03-00992,STORE-019,Apparel,BrandC,In-Store,UPC-245003173,SKU-APP-9513,Scarf,4,4,2,1206.48,619.63,586.85,375.08,73.46,0,0,2025-12-21 07:00:00,1,1,1
TXN-03-02428,STORE-018,Sports,BrandA,Mobile,UPC-951661337,SKU-SPO-8750,Backpack,8,8,4,2296.72,1479.97,816.75,376.3,89.21,0,0,2025-12-04 00:00:00,1,0,1
TXN-03-02742,STORE-010,Home & Garden,BrandE,In-Store,UPC-126956046,SKU-HOM-5106,Lamp,3,3,3,104.25,70.18,34.07,42.37,7.62,0,0,2025-12-28 03:00:00,1,0,1
TXN-03-02183,STORE-005,Grocery,BrandG,In-Store,UPC-971964379,SKU-GRO-4974,Coffee,7,7,4,714.98,358.1,356.88,106.1,3.96,0,0,2025-12-17 04:00:00,1,0,1
TXN-03-00457,STORE-006,Electronics,BrandE,In-Store,UPC-142584900,SKU-ELE-3229,Laptop,7,7,4,1578.15,808.32,769.83,248.72,23.27,0,0,2025-12-26 17:00:00,0,0,1
TXN-03-01459,STORE-017,Home & Garden,BrandG,In-Store,UPC-730760060,SKU-HOM-1019,Cushion,2,2,2,124.08,68.88,55.2,82.77,20.73,0,0,2025-12-02 17:00:00,0,0,1
TXN-03-05272,STORE-001,Grocery,BrandG,Mobile,UPC-251293508,SKU-GRO-3488,Snack Bar,2,2,1,454.32,223.46,230.86,277.65,50.49,0,0,2025-12-14 07:00:00,0,0,1
TXN-03-02156,STORE-013,Electronics,BrandE,In-Store,UPC-868548416,SKU-ELE-7532,Monitor,5,5,0,525.2,379.26,145.94,106.98,1.94,0,0,2025-12-28 06:00:00,1,1,1
TXN-03-04785,STORE-013,Grocery,BrandE,In-Store,UPC-268631210,SKU-GRO-1326,Cereal,9,9,2,2526.93,1624.04,902.89,379.49,98.72,0,0,2025-12-17 04:00:00,0,1,1
TXN-03-02346,STORE-003,Sports,BrandB,Online,UPC-397338154,SKU-SPO-7150,Resistance Band,5,5,1,70.65,30.14,40.51,16.5,2.37,0,0,2025-12-11 16:00:00,1,1,1
TXN-03-01778,STORE-019,Apparel,BrandA,In-Store,UPC-670429719,SKU-APP-1174,Dress,9,9,2,1060.02,625.95,434.07,142.49,24.71,0,0,2025-12-02 20:00:00,1,0,1
TXN-03-00805,STORE-017,Sports,BrandH,Online,UPC-483031938,SKU-SPO-6836,Cap,8,8,0,2547.76,1401.22,1146.54,333.61,15.14,0,0,2025-12-27 06:00:00,1,1,1
TXN-03-05647,STORE-014,Grocery,BrandE,Mobile,UPC-878366196,SKU-GRO-4947,Milk,1,1,0,207.93,144.08,63.85,257.61,49.68,0,0,2025-12-03 14:00:00,1,0,1
TXN-03-03671,STORE-002,Apparel,BrandH,In-Store,UPC-544596466,SKU-APP-1947,Socks,7,7,1,3367.28,2194.23,1173.05,499.47,18.43,0,0,2025-12-20 01:00:00,1,1,1
TXN-03-05100,STORE-014,Home & Garden,BrandB,Mobile,UPC-541854469,SKU-HOM-8760,Hose,1,1,3,381.8,216.89,164.91,390.85,9.05,0,0,2025-12-03 23:00:00,1,1,1
TXN-03-01436,STORE-009,Grocery,BrandA,Online,UPC-629192167,SKU-GRO-2963,Snack Bar,4,4,3,1359.32,790.18,569.14,393.76,53.93,0,0,2025-12-29 23:00:00,1,0,1
TXN-03-04725,STORE-019,Home & Garden,BrandF,In-Store,UPC-385555439,SKU-HOM-1269,Hose,4,4,2,277.88,167.05,110.83,69.71,0.24,0,0,2025-12-22 06:00:00,1,1,1
TXN-03-00678,STORE-020,Home & Garden,BrandC,In-Store,UPC-568788709,SKU-HOM-5121,Cushion,8,8,2,2479.28,1271.39,1207.89,436.19,126.28,0,0,2025-12-12 04:00:00,1,0,1
TXN-03-02556,STORE-005,Sports,BrandG,Online,UPC-471667083,SKU-SPO-2223,Dumbbell,9,9,0,1660.41,724.05,936.36,193.38,8.89,0,0,2025-12-03 11:00:00,1,0,1
TXN-03-01594,STORE-007,Grocery,BrandC,Mobile,UPC-105269249,SKU-GRO-6270,Pasta,8,8,3,1373.76,849.87,523.89,239.9,68.18,0,0,2025-12-11 18:00:00,1,0,1
TXN-03-01095,STORE-016,Grocery,BrandF,In-Store,UPC-902244264,SKU-GRO-5548,Rice,1,1,3,294.96,150.7,144.26,376.95,81.99,1,0,2025-12-02 19:00:00,1,0,1
TXN-03-00629,STORE-011,Grocery,BrandH,Mobile,UPC-679617104,SKU-GRO-3953,Cereal,8,8,2,1089.36,708.7,380.66,191.61,55.44,0,0,2025-12-20 20:00:00,1,1,1
TXN-03-05570,STORE-015,Sports,BrandE,Online,UPC-963281319,SKU-SPO-9881,Running Shoes,7,7,2,1700.09,960.95,739.14,310.06,67.19,0,0,2025-12-03 10:00:00,1,0,1
TXN-03-01712,STORE-008,Electronics,BrandE,In-Store,UPC-818479079,SKU-ELE-2546,Phone,4,4,2,1763.88,791.48,972.4,486.09,45.12,0,0,2025-12-02 10:00:00,1,0,1
TXN-03-00265,STORE-020,Electronics,BrandF,In-Store,UPC-780645141,SKU-ELE-7865,Camera,3,3,3,243.45,125.49,117.96,93.79,12.64,0,0,2025-12-03 19:00:00,0,1,1
TXN-03-06100,STORE-012,Home & Garden,BrandG,Online,UPC-383508366,SKU-HOM-3461,Plant Pot,8,8,4,481.52,204.17,277.35,78.85,18.66,0,0,2025-12-16 00:00:00,1,0,1
TXN-03-01264,STORE-014,Grocery,BrandD,In-Store,UPC-314328998,SKU-GRO-3249,Cereal,4,4,4,193.8,80.41,113.39,49.64,1.19,0,0,2025-12-08 21:00:00,0,0,1
TXN-03-00252,STORE-014,Home & Garden,BrandE,Online,UPC-111890674,SKU-HOM-8791,Lamp,3,3,1,250.02,182.35,67.67,118.01,34.67,0,0,2025-12-04 22:00:00,1,0,1
TXN-03-01081,STORE-006,Grocery,BrandF,In-Store,UPC-441244344,SKU-GRO-6321,Milk,2,2,3,521.68,286.2,235.48,370.49,109.65,0,0,2025-12-06 10:00:00,0,1,1
TXN-03-04922,STORE-009,Home & Garden,BrandG,Mobile,UPC-880355907,SKU-HOM-1075,Cushion,9,9,2,460.98,327.85,133.13,65.81,14.59,0,0,2025-12-16 19:00:00,0,0,1
TXN-03-02358,STORE-005,Home & Garden,BrandD,In-Store,UPC-165909351,SKU-HOM-3176,Chair,4,4,0,106.76,62.66,44.1,30.6,3.91,0,0,2025-12-01 06:00:00,0,1,1
TXN-03-00226,STORE-008,Electronics,BrandB,In-Store,UPC-905781369,SKU-ELE-5935,Speaker,1,1,0,118.8,86.29,32.51,159.54,40.74,0,0,2025-12-06 06:00:00,0,0,1
TXN-03-01209,STORE-001,Electronics,BrandA,Online,UPC-208853659,SKU-ELE-7530,Speaker,6,6,4,870.18,353.68,516.5,164.54,19.51,0,0,2025-12-19 11:00:00,1,0,1
TXN-03-01677,STORE-007,Apparel,BrandE,In-Store,UPC-955173376,SKU-APP-5202,Scarf,3,3,3,1252.41,627.68,624.73,456.94,39.47,0,0,2025-12-20 14:00:00,1,0,1
TXN-03-04508,STORE-016,Apparel,BrandE,Online,UPC-239433733,SKU-APP-9792,Jeans,4,4,2,171.52,83.53,87.99,50.0,7.12,0,0,2025-12-14 08:00:00,0,0,1
TXN-03-04697,STORE-016,Grocery,BrandE,In-Store,UPC-763257358,SKU-GRO-6213,Snack Bar,4,4,3,1181.36,761.72,419.64,360.04,64.7,0,0,2025-12-29 04:00:00,1,0,1
TXN-03-00976,STORE-019,Home & Garden,BrandC,Online,UPC-815689523,SKU-HOM-2454,Lamp,4,4,2,1455.28,601.17,854.11,495.81,131.99,1,0,2025-12-21 11:00:00,0,0,1
TXN-03-05517,STORE-003,Apparel,BrandG,Online,UPC-939070853,SKU-APP-7736,Jacket,3,3,1,524.52,255.19,269.33,232.06,57.22,0,0,2025-12-22 17:00:00,0,0,1
TXN-03-01807,STORE-010,Electronics,BrandD,In-Store,UPC-331737748,SKU-ELE-3255,Monitor,8,8,3,269.04,144.49,124.55,41.98,8.35,1,0,2025-12-10 01:00:00,0,0,1
TXN-03-05032,STORE-011,Apparel,BrandH,In-Store,UPC-442456808,SKU-APP-7409,Dress,1,1,2,266.98,174.61,92.37,330.06,63.08,0,0,2025-12-29 03:00:00,1,0,1
TXN-03-02653,STORE-001,Grocery,BrandH,Online,UPC-926152076,SKU-GRO-9159,Rice,9,9,4,1985.4,1090.61,894.79,257.39,36.79,0,0,2025-12-17 01:00:00,0,0,1
TXN-03-00072,STORE-001,Apparel,BrandG,In-Store,UPC-400029441,SKU-APP-3560,Dress,2,2,0,757.18,470.63,286.55,409.57,30.98,0,0,2025-12-08 22:00:00,0,0,1
TXN-03-02034,STORE-010,Grocery,BrandG,Online,UPC-255241755,SKU-GRO-9039,Bread,6,6,0,833.34,391.09,442.25,169.19,30.3,1,0,2025-12-13 04:00:00,1,0,1
TXN-03-02457,STORE-007,Home & Garden,BrandC,Online,UPC-125005401,SKU-HOM-9613,Rug,2,2,3,665.94,474.0,191.94,382.82,49.85,0,0,2025-12-19 20:00:00,1,0,1
TXN-03-03556,STORE-007,Grocery,BrandB,In-Store,UPC-737367489,SKU-GRO-4983,Milk,8,8,3,2700.72,1565.76,1134.96,458.17,120.58,0,0,2025-12-21 05:00:00,1,0,1
TXN-03-05047,STORE-019,Grocery,BrandD,Online,UPC-638932600,SKU-GRO-3757,Cereal,6,6,3,2157.0,1158.63,998.37,360.2,0.7,0,0,2025-12-19 20:00:00,1,1,1
TXN-03-05895,STORE-017,Electronics,BrandB,In-Store,UPC-634588829,SKU-ELE-2129,Laptop,2,2,1,576.64,233.21,343.43,314.07,25.75,0,0,2025-12-26 18:00:00,0,0,1
TXN-03-04920,STORE-009,Grocery,BrandG,Online,UPC-219315888,SKU-GRO-5820,Juice,5,5,2,450.05,284.63,165.42,105.65,15.64,0,0,2025-12-02 00:00:00,1,0,1
TXN-03-05842,STORE-003,Apparel,BrandD,In-Store,UPC-303234786,SKU-APP-9749,Socks,5,5,3,548.55,289.04,259.51,143.8,34.09,0,0,2025-12-05 07:00:00,1,0,1
TXN-03-04469,STORE-015,Apparel,BrandG,Online,UPC-740262649,SKU-APP-6103,Hat,4,4,2,376.68,247.53,129.15,110.44,16.27,0,0,2025-12-09 10:00:00,1,0,1
TXN-03-04661,STORE-018,Grocery,BrandA,Online,UPC-354170653,SKU-GRO-5414,Cereal,4,4,3,1138.88,789.71,349.17,343.12,58.4,0,0,2025-12-16 07:00:00,0,0,1
TXN-03-05450,STORE-004,Home & Garden,BrandF,Online,UPC-587816403,SKU-HOM-3130,Cushion,6,6,1,547.86,272.04,275.82,124.12,32.81,0,0,2025-12-16 13:00:00,1,0,1
TXN-03-05449,STORE-017,Apparel,BrandA,Mobile,UPC-184529830,SKU-APP-9377,Hat,4,4,2,1549.76,718.86,830.9,398.91,11.47,0,0,2025-12-09 22:00:00,1,0,1
TXN-03-05896,STORE-006,Electronics,BrandD,In-Store,UPC-872903463,SKU-ELE-6157,Monitor,1,1,1,86.04,34.46,51.58,92.56,6.52,0,0,2025-12-11 19:00:00,1,0,1
TXN-03-02578,STORE-004,Grocery,BrandF,In-Store,UPC-385513642,SKU-GRO-5448,Pasta,2,2,0,37.36,22.04,15.32,24.05,5.37,0,0,2025-12-18 20:00:00,1,1,1
TXN-03-04837,STORE-019,Electronics,BrandE,Online,UPC-906660795,SKU-ELE-3909,Speaker,1,1,2,161.83,77.79,84.04,169.05,7.22,0,0,2025-12-20 12:00:00,0,0,1
TXN-03-04479,STORE-013,Sports,BrandC,Online,UPC-102428527,SKU-SPO-2250,Backpack,6,6,2,1780.32,1181.25,599.07,338.31,41.59,0,0,2025-12-29 02:00:00,1,0,1
TXN-03-05493,STORE-004,Home & Garden,BrandG,In-Store,UPC-320180685,SKU-HOM-6580,Rug,6,6,2,394.62,191.49,203.13,87.89,22.12,0,0,2025-12-04 14:00:00,1,0,1
TXN-03-04694,STORE-009,Home & Garden,BrandB,Online,UPC-993997475,SKU-HOM-7168,Vase,5,5,0,1823.3,1199.93,623.37,459.04,94.38,0,0,2025-12-29 18:00:00,1,0,1
TXN-03-06249,STORE-008,Sports,BrandG,Online,UPC-543220647,SKU-SPO-4272,Dumbbell,2,2,3,450.6,233.46,217.14,268.19,42.89,0,0,2025-12-17 01:00:00,1,1,1
TXN-03-02100,STORE-011,Apparel,BrandG,Online,UPC-336388966,SKU-APP-8540,Dress,3,3,1,848.22,360.57,487.65,374.46,91.72,0,0,2025-12-21 01:00:00,0,1,1
TXN-03-00668,STORE-020,Grocery,BrandA,Online,UPC-689874452,SKU-GRO-3149,Juice,6,6,3,1683.66,1005.93,677.73,302.16,21.55,0,0,2025-12-08 02:00:00,1,0,1
TXN-03-03854,STORE-018,Grocery,BrandA,In-Store,UPC-460206210,SKU-GRO-7880,Milk,6,6,4,1788.72,795.43,993.29,346.69,48.57,0,0,2025-12-18 05:00:00,0,0,1
TXN-03-00313,STORE-004,Apparel,BrandB,Mobile,UPC-184509135,SKU-APP-8835,Shoes,1,1,2,349.08,169.01,180.07,363.66,14.58,0,0,2025-12-22 01:00:00,1,0,1
TXN-03-01590,STORE-009,Electronics,BrandG,Mobile,UPC-975034578,SKU-ELE-2830,Phone,3,3,1,1165.02,571.0,594.02,412.21,23.87,0,0,2025-12-18 02:00:00,0,0,1
TXN-03-06356,STORE-012,Grocery,BrandH,In-Store,UPC-882749458,SKU-GRO-8615,Bread,4,4,0,308.36,141.4,166.96,79.52,2.43,0,0,2025-12-22 08:00:00,1,0,1
TXN-03-03807,STORE-016,Grocery,BrandA,Online,UPC-524300434,SKU-GRO-4368,Milk,1,1,3,48.79,30.84,17.95,58.64,9.85,0,0,2025-12-16 20:00:00,0,0,1
TXN-03-00868,STORE-005,Grocery,BrandE,In-Store,UPC-580354556,SKU-GRO-7195,Coffee,1,1,3,319.66,189.96,129.7,357.38,37.72,0,0,2025-12-04 03:00:00,1,1,1
TXN-03-05396,STORE-003,Apparel,BrandG,In-Store,UPC-710561496,SKU-APP-6553,Dress,6,6,2,68.82,31.93,36.89,14.28,2.81,0,0,2025-12-10 10:00:00,0,0,1
TXN-03-00536,STORE-005,Sports,BrandC,Online,UPC-529652731,SKU-SPO-4007,Cap,6,6,3,2392.2,1412.65,979.55,468.47,69.77,0,0,2025-12-17 14:00:00,1,0,1
TXN-03-06087,STORE-016,Apparel,BrandG,In-Store,UPC-417455166,SKU-APP-3290,Dress,7,7,3,228.62,127.62,101.0,39.91,7.25,0,0,2025-12-23 09:00:00,1,0,1
TXN-03-04742,STORE-016,Home & Garden,BrandE,Online,UPC-613707475,SKU-HOM-5088,Vase,7,7,0,2077.11,1305.61,771.5,358.56,61.83,0,0,2025-12-25 22:00:00,1,1,1
TXN-03-05869,STORE-007,Electronics,BrandF,In-Store,UPC-659574342,SKU-ELE-9821,Laptop,7,7,4,1350.86,543.62,807.24,201.59,8.61,0,0,2025-12-29 22:00:00,0,0,1
TXN-03-04813,STORE-006,Sports,BrandG,In-Store,UPC-799670829,SKU-SPO-6529,Running Shoes,4,4,0,1489.8,897.97,591.83,407.07,34.62,0,0,2025-12-20 13:00:00,1,0,1
TXN-03-03061,STORE-003,Grocery,BrandE,In-Store,UPC-389627333,SKU-GRO-4361,Juice,8,8,0,2641.12,1388.11,1253.01,340.04,9.9,0,0,2025-12-06 09:00:00,1,1,1
TXN-03-03838,STORE-012,Electronics,BrandA,In-Store,UPC-454006749,SKU-ELE-5428,Monitor,7,7,2,2164.96,1618.58,546.38,404.23,94.95,0,0,2025-12-22 00:00:00,1,1,1
TXN-03-00492,STORE-020,Sports,BrandA,Online,UPC-588311809,SKU-SPO-3323,Jersey,3,3,2,721.05,405.35,315.7,291.99,51.64,0,0,2025-12-28 05:00:00,1,0,1
TXN-03-05832,STORE-007,Electronics,BrandD,In-Store,UPC-978017775,SKU-ELE-1531,Laptop,9,9,0,2162.61,886.08,1276.53,301.9,61.61,0,0,2025-12-27 08:00:00,0,0,1
TXN-03-01312,STORE-007,Grocery,BrandF,In-Store,UPC-945856748,SKU-GRO-2570,Coffee,6,6,0,277.14,125.82,151.32,46.4,0.21,0,0,2025-12-11 21:00:00,1,0,1
TXN-03-06218,STORE-008,Grocery,BrandH,Online,UPC-497332402,SKU-GRO-5111,Juice,1,1,0,272.98,120.66,152.32,347.17,74.19,1,1,2025-12-24 20:00:00,0,1,1
TXN-03-03338,STORE-009,Home & Garden,BrandF,In-Store,UPC-919904488,SKU-HOM-6684,Plant Pot,5,5,1,354.45,198.32,156.13,87.47,16.58,0,0,2025-12-23 21:00:00,1,0,1
TXN-03-02968,STORE-016,Grocery,BrandH,Online,UPC-970921374,SKU-GRO-4766,Bread,4,4,0,876.0,494.41,381.59,231.56,12.56,0,0,2025-12-30 07:00:00,0,1,1
TXN-03-01350,STORE-013,Grocery,BrandC,Mobile,UPC-943947800,SKU-GRO-4440,Milk,8,8,1,1516.32,1079.32,437.0,270.42,80.88,0,0,2025-12-19 05:00:00,0,1,1
TXN-03-04598,STORE-012,Electronics,BrandG,In-Store,UPC-281086505,SKU-ELE-2841,Tablet,7,7,0,2142.63,1531.07,611.56,410.37,104.28,1,1,2025-12-03 15:00:00,1,1,1
TXN-03-03054,STORE-017,Home & Garden,BrandG,Mobile,UPC-855872150,SKU-HOM-2864,Lamp,1,1,2,125.16,69.74,55.42,143.06,17.9,0,0,2025-12-21 18:00:00,1,1,1
TXN-03-03481,STORE-001,Home & Garden,BrandA,Online,UPC-752319112,SKU-HOM-7697,Plant Pot,9,9,1,2629.62,1798.12,831.5,378.44,86.26,0,0,2025-12-12 22:00:00,1,0,1
TXN-03-04378,STORE-007,Home & Garden,BrandA,In-Store,UPC-493470714,SKU-HOM-5615,Cushion,9,9,2,1341.0,641.86,699.14,154.73,5.73,1,1,2025-12-14 15:00:00,0,0,1
TXN-03-01984,STORE-005,Electronics,BrandA,In-Store,UPC-784450075,SKU-ELE-7810,Camera,1,1,0,221.42,89.27,132.15,264.33,42.91,0,0,2025-12-14 18:00:00,1,1,1
TXN-03-05633,STORE-004,Grocery,BrandD,Mobile,UPC-600903559,SKU-GRO-9112,Pasta,7,7,1,877.03,612.21,264.82,154.8,29.51,0,0,2025-12-12 01:00:00,1,0,1
TXN-03-03880,STORE-008,Apparel,BrandH,In-Store,UPC-143153338,SKU-APP-7284,Jacket,2,2,4,573.76,399.44,174.32,378.57,91.69,0,0,2025-12-19 10:00:00,0,1,1
TXN-03-03177,STORE-017,Sports,BrandD,In-Store,UPC-845930397,SKU-SPO-1735,Jersey,9,9,2,3214.71,1988.38,1226.33,497.05,139.86,0,0,2025-12-15 11:00:00,0,0,1
TXN-03-04228,STORE-015,Home & Garden,BrandC,Online,UPC-590948880,SKU-HOM-5196,Lamp,9,9,1,1048.59,429.96,618.63,121.16,4.65,0,0,2025-12-10 07:00:00,1,1,1
TXN-03-01901,STORE-016,Electronics,BrandA,Online,UPC-813141110,SKU-ELE-7385,Laptop,9,9,2,2683.71,1449.44,1234.27,389.77,91.58,0,0,2025-12-21 13:00:00,0,0,1
TXN-03-00623,STORE-008,Sports,BrandH,In-Store,UPC-589278516,SKU-SPO-4921,Dumbbell,7,7,3,1466.85,764.32,702.53,284.31,74.76,0,0,2025-12-23 17:00:00,0,1,1
TXN-03-04060,STORE-019,Electronics,BrandG,In-Store,UPC-868750927,SKU-ELE-9871,Monitor,2,2,0,373.24,181.81,191.43,241.08,54.46,0,0,2025-12-17 10:00:00,1,0,1
TXN-03-06341,STORE-002,Sports,BrandC,Mobile,UPC-242676027,SKU-SPO-8933,Dumbbell,7,7,2,1265.88,671.71,594.17,188.73,7.89,0,0,2025-12-02 13:00:00,0,0,1
TXN-03-04470,STORE-003,Sports,BrandG,In-Store,UPC-905145416,SKU-SPO-5903,Resistance Band,2,2,2,48.94,20.5,28.44,29.41,4.94,0,0,2025-12-01 21:00:00,1,0,1
TXN-03-00210,STORE-008,Electronics,BrandD,In-Store,UPC-618238302,SKU-ELE-3996,Headphones,5,5,3,1200.3,807.52,392.78,337.02,96.96,0,0,2025-12-14 14:00:00,1,0,1
TXN-03-06202,STORE-008,Sports,BrandF,In-Store,UPC-265275477,SKU-SPO-5038,Resistance Band,5,5,3,305.9,222.42,83.48,82.36,21.18,0,0,2025-12-09 01:00:00,0,0,1
TXN-03-02808,STORE-019,Electronics,BrandA,In-Store,UPC-461221364,SKU-ELE-2183,Speaker,8,8,0,1018.8,693.3,325.5,171.05,43.7,0,0,2025-12-27 20:00:00,1,0,1
TXN-03-02858,STORE-020,Apparel,BrandG,In-Store,UPC-640740730,SKU-APP-3192,Socks,4,4,0,989.52,741.75,247.77,257.0,9.62,0,0,2025-12-14 17:00:00,1,1,1
TXN-03-05135,STORE-007,Apparel,BrandB,Online,UPC-355358470,SKU-APP-5392,Scarf,7,7,2,825.93,471.25,354.68,132.68,14.69,0,0,2025-12-14 04:00:00,0,1,1
TXN-03-00891,STORE-004,Sports,BrandH,Mobile,UPC-320031187,SKU-SPO-8134,Yoga Mat,3,3,1,366.12,182.66,183.46,170.76,48.72,1,0,2025-12-28 06:00:00,0,0,1
TXN-03-04786,STORE-006,Sports,BrandA,In-Store,UPC-297395293,SKU-SPO-5385,Cap,6,6,1,464.52,308.8,155.72,90.48,13.06,0,0,2025-12-28 08:00:00,1,1,1
TXN-03-01109,STORE-018,Grocery,BrandB,Online,UPC-351327589,SKU-GRO-4661,Juice,7,7,0,924.42,514.04,410.38,138.38,6.32,0,0,2025-12-04 14:00:00,0,0,1
TXN-03-02204,STORE-002,Sports,BrandC,Online,UPC-314504624,SKU-SPO-5257,Jersey,1,1,4,268.36,176.51,91.85,374.57,106.21,1,1,2025-12-07 15:00:00,0,0,1
TXN-03-01384,STORE-002,Home & Garden,BrandC,In-Store,UPC-395846731,SKU-HOM-5610,Hose,2,2,3,166.2,113.32,52.88,94.74,11.64,0,0,2025-12-13 02:00:00,1,1,1
TXN-03-04000,STORE-012,Sports,BrandF,In-Store,UPC-526799593,SKU-SPO-9442,Running Shoes,2,2,4,585.0,246.75,338.25,304.07,11.57,0,0,2025-12-23 11:00:00,1,0,1
TXN-03-04099,STORE-016,Grocery,BrandF,Online,UPC-303467292,SKU-GRO-7368,Coffee,8,8,4,3568.0,1433.31,2134.69,461.33,15.33,0,0,2025-12-23 03:00:00,0,0,1
TXN-03-03721,STORE-009,Apparel,BrandB,Mobile,UPC-627725153,SKU-APP-2392,Jeans,2,2,0,45.82,28.74,17.08,28.8,5.89,0,0,2025-12-05 02:00:00,0,1,1
TXN-03-03759,STORE-011,Grocery,BrandG,Online,UPC-491348730,SKU-GRO-4366,Milk,2,2,3,80.18,37.49,42.69,47.49,7.4,0,0,2025-12-02 18:00:00,0,0,1
TXN-03-03966,STORE-003,Grocery,BrandA,Online,UPC-620650303,SKU-GRO-3182,Juice,6,6,0,1396.5,793.35,603.15,242.48,9.73,0,0,2025-12-22 22:00:00,1,0,1
TXN-03-04266,STORE-005,Home & Garden,BrandA,Online,UPC-706045934,SKU-HOM-6703,Vase,5,5,3,167.05,106.06,60.99,41.74,8.33,0,0,2025-12-17 13:00:00,1,0,1
TXN-03-03344,STORE-018,Electronics,BrandB,In-Store,UPC-684102075,SKU-ELE-6338,Headphones,4,4,1,257.6,127.85,129.75,71.24,6.84,0,0,2025-12-02 14:00:00,0,0,1
TXN-03-02957,STORE-006,Home & Garden,BrandG,Online,UPC-569907562,SKU-HOM-6412,Rug,8,8,2,2104.32,873.93,1230.39,326.79,63.75,0,0,2025-12-13 21:00:00,0,1,1
TXN-03-02868,STORE-001,Electronics,BrandG,In-Store,UPC-971675985,SKU-ELE-2051,Tablet,9,9,4,73.98,35.41,38.57,9.11,0.89,0,0,2025-12-26 00:00:00,1,0,1
TXN-03-02271,STORE-006,Grocery,BrandH,In-Store,UPC-311454328,SKU-GRO-8164,Milk,5,5,1,1450.15,894.17,555.98,306.72,16.69,0,0,2025-12-15 00:00:00,1,0,1
TXN-03-03637,STORE-009,Electronics,BrandF,Online,UPC-892444466,SKU-ELE-7813,Camera,9,9,1,727.83,439.99,287.84,94.71,13.84,0,0,2025-12-08 14:00:00,1,0,1
TXN-03-04964,STORE-006,Electronics,BrandF,In-Store,UPC-914986613,SKU-ELE-9213,Camera,6,6,2,268.98,112.56,156.42,47.18,2.35,0,0,2025-12-08 11:00:00,1,0,1
TXN-03-00938,STORE-003,Home & Garden,BrandD,In-Store,UPC-927102946,SKU-HOM-7891,Hose,5,5,2,1405.3,956.59,448.71,320.02,38.96,1,0,2025-12-22 20:00:00,1,1,1
TXN-03-05912,STORE-012,Home & Garden,BrandF,In-Store,UPC-844759382,SKU-HOM-7112,Plant Pot,3,3,0,984.45,522.57,461.88,389.32,61.17,0,0,2025-12-03 15:00:00,1,1,1
TXN-03-02529,STORE-008,Apparel,BrandH,In-Store,UPC-415513099,SKU-APP-6504,Hat,7,7,3,2018.66,1426.49,592.17,405.74,117.36,0,0,2025-12-15 06:00:00,1,0,1
TXN-03-05018,STORE-012,Home & Garden,BrandC,In-Store,UPC-378911318,SKU-HOM-1216,Lamp,8,8,4,1896.72,922.11,974.61,326.32,89.23,0,0,2025-12-10 22:00:00,1,1,1
TXN-03-04400,STORE-006,Home & Garden,BrandA,Online,UPC-957846157,SKU-HOM-3892,Vase,5,5,0,1324.9,979.03,345.87,323.16,58.18,0,0,2025-12-22 07:00:00,1,1,1
TXN-03-00021,STORE-018,Sports,BrandH,In-Store,UPC-692033800,SKU-SPO-4682,Resistance Band,2,2,2,447.98,275.71,172.27,312.81,88.82,0,0,2025-12-21 21:00:00,1,0,1
TXN-03-03230,STORE-004,Home & Garden,BrandH,Online,UPC-385731279,SKU-HOM-9619,Chair,2,2,0,519.2,308.3,210.9,334.43,74.83,0,0,2025-12-24 02:00:00,1,0,1
TXN-03-06391,STORE-012,Electronics,BrandH,Online,UPC-159093226,SKU-ELE-9868,Charger,7,7,3,537.39,402.8,134.59,108.89,32.12,0,0,2025-12-28 11:00:00,0,1,1
TXN-03-04930,STORE-018,Electronics,BrandD,Online,UPC-554513559,SKU-ELE-9250,Laptop,8,8,4,1649.2,712.43,936.77,223.7,17.55,0,0,2025-12-13 06:00:00,1,0,1
TXN-03-05446,STORE-013,Apparel,BrandG,Online,UPC-293096515,SKU-APP-9944,Shoes,8,8,4,476.16,298.48,177.68,77.08,17.56,0,0,2025-12-05 04:00:00,1,0,1
TXN-03-01774,STORE-016,Home & Garden,BrandH,In-Store,UPC-160404682,SKU-HOM-6272,Hose,9,9,4,1270.53,791.38,479.15,190.37,49.2,0,0,2025-12-16 20:00:00,0,1,1
TXN-03-03454,STORE-005,Electronics,BrandA,Online,UPC-544585846,SKU-ELE-2771,Speaker,9,9,3,1964.7,1154.07,810.63,304.48,86.18,0,0,2025-12-08 02:00:00,1,0,1
TXN-03-04018,STORE-003,Electronics,BrandD,Mobile,UPC-537448501,SKU-ELE-4672,Charger,9,9,0,2736.09,1717.67,1018.42,359.37,55.36,0,0,2025-12-30 08:00:00,0,0,1
TXN-03-00228,STORE-005,Electronics,BrandD,In-Store,UPC-601951172,SKU-ELE-1377,Monitor,8,8,0,3235.28,1642.15,1593.13,425.17,20.76,0,0,2025-12-23 23:00:00,0,0,1
TXN-03-03647,STORE-017,Grocery,BrandF,In-Store,UPC-802353913,SKU-GRO-7507,Pasta,3,3,1,967.44,651.68,315.76,371.29,48.81,0,0,2025-12-23 00:00:00,0,1,1
TXN-03-04642,STORE-018,Apparel,BrandA,Mobile,UPC-770305090,SKU-APP-5195,Jeans,5,5,2,172.4,122.87,49.53,48.73,14.25,0,0,2025-12-30 18:00:00,0,0,1
TXN-03-05461,STORE-015,Apparel,BrandD,In-Store,UPC-654594028,SKU-APP-8277,Socks,5,5,0,493.45,317.45,176.0,136.72,38.03,0,0,2025-12-18 06:00:00,1,0,1
TXN-03-04131,STORE-005,Apparel,BrandC,Mobile,UPC-686865254,SKU-APP-4105,Hat,2,2,1,394.78,247.09,147.69,242.96,45.57,1,0,2025-12-02 22:00:00,0,0,1
TXN-03-02334,STORE-015,Grocery,BrandA,In-Store,UPC-645637905,SKU-GRO-2971,Milk,2,2,1,390.64,251.85,138.79,232.28,36.96,0,0,2025-12-24 09:00:00,1,0,1
TXN-03-01795,STORE-004,Sports,BrandE,Online,UPC-370224826,SKU-SPO-6351,Dumbbell,5,5,4,595.4,376.11,219.29,119.92,0.84,0,0,2025-12-25 16:00:00,1,0,1
TXN-03-04963,STORE-002,Home & Garden,BrandH,In-Store,UPC-197372125,SKU-HOM-3626,Lamp,2,2,2,668.98,373.7,295.28,355.42,20.93,1,1,2025-12-29 09:00:00,0,1,1
TXN-03-06125,STORE-003,Electronics,BrandF,In-Store,UPC-215310212,SKU-ELE-5978,Monitor,2,2,0,364.82,152.46,212.36,206.55,24.14,0,0,2025-12-26 17:00:00,0,0,1
TXN-03-05709,STORE-009,Electronics,BrandA,In-Store,UPC-573890209,SKU-ELE-4602,Charger,3,3,3,545.97,339.02,206.95,245.56,63.57,0,0,2025-12-15 23:00:00,0,1,1
TXN-03-00603,STORE-008,Electronics,BrandG,In-Store,UPC-363729465,SKU-ELE-2599,Speaker,7,7,0,1203.86,523.41,680.45,181.36,9.38,0,0,2025-12-08 18:00:00,1,1,1
TXN-03-01199,STORE-019,Electronics,BrandF,In-Store,UPC-812990280,SKU-ELE-7909,Headphones,1,1,4,238.07,124.62,113.45,287.13,49.06,0,0,2025-12-21 21:00:00,1,0,1
TXN-03-01026,STORE-020,Home & Garden,BrandD,In-Store,UPC-395608090,SKU-HOM-2120,Hose,6,6,3,1816.26,1360.64,455.62,328.99,26.28,0,0,2025-12-29 02:00:00,1,0,1
TXN-03-01603,STORE-007,Apparel,BrandC,Mobile,UPC-325471170,SKU-APP-7947,Dress,3,3,4,380.82,251.55,129.27,150.73,23.79,0,0,2025-12-15 00:00:00,0,1,1
TXN-03-03570,STORE-015,Electronics,BrandH,In-Store,UPC-328514657,SKU-ELE-4331,Monitor,8,8,4,3187.76,1735.77,1451.99,421.51,23.04,0,0,2025-12-30 12:00:00,1,0,1
TXN-03-04383,STORE-004,Sports,BrandB,In-Store,UPC-684139863,SKU-SPO-9168,Dumbbell,7,7,4,1019.48,659.25,360.23,180.74,35.1,0,0,2025-12-24 17:00:00,0,1,1
TXN-03-02411,STORE-016,Sports,BrandA,Online,UPC-485117007,SKU-SPO-4608,Yoga Mat,7,7,4,642.88,420.92,221.96,93.93,2.09,0,0,2025-12-07 02:00:00,1,0,1
TXN-03-00821,STORE-001,Electronics,BrandC,In-Store,UPC-658772247,SKU-ELE-7721,Monitor,9,9,2,2433.96,1688.86,745.1,316.91,46.47,0,0,2025-12-18 16:00:00,1,1,1
TXN-03-05773,STORE-017,Home & Garden,BrandB,Mobile,UPC-607659260,SKU-HOM-6791,Vase,7,7,1,2120.16,1265.45,854.71,319.6,16.72,0,0,2025-12-07 12:00:00,0,0,1
TXN-03-02836,STORE-001,Grocery,BrandF,Online,UPC-932216025,SKU-GRO-7508,Snack Bar,3,3,2,917.64,411.36,506.28,391.79,85.91,0,0,2025-12-10 15:00:00,0,1,1
TXN-03-03099,STORE-018,Sports,BrandE,In-Store,UPC-170980676,SKU-SPO-1303,Cap,8,8,2,777.12,552.87,224.25,138.69,41.55,1,0,2025-12-24 18:00:00,1,1,1
TXN-03-01523,STORE-009,Apparel,BrandB,In-Store,UPC-458719896,SKU-APP-5272,Jacket,8,8,3,3427.04,1477.76,1949.28,498.5,70.12,0,0,2025-12-26 09:00:00,0,1,1
TXN-03-05865,STORE-007,Electronics,BrandH,In-Store,UPC-387507788,SKU-ELE-5145,Headphones,2,2,4,217.52,105.03,112.49,115.23,6.47,0,0,2025-12-04 10:00:00,0,0,1
TXN-03-04590,STORE-005,Sports,BrandH,In-Store,UPC-217007763,SKU-SPO-6133,Jersey,9,9,4,2994.3,1771.87,1222.43,437.58,104.88,0,0,2025-12-04 15:00:00,0,0,1
TXN-03-01601,STORE-019,Electronics,BrandH,In-Store,UPC-399060405,SKU-ELE-9810,Tablet,2,2,4,352.74,144.96,207.78,238.48,62.11,0,0,2025-12-14 15:00:00,1,0,1
TXN-03-02813,STORE-002,Apparel,BrandC,Online,UPC-528093752,SKU-APP-8316,Hat,2,2,2,259.92,143.63,116.29,156.04,26.08,0,0,2025-12-15 04:00:00,1,0,1
TXN-03-02958,STORE-012,Home & Garden,BrandE,In-Store,UPC-556361025,SKU-HOM-4131,Rug,3,3,3,66.72,31.94,34.78,23.91,1.67,0,0,2025-12-27 18:00:00,0,0,1
TXN-03-02993,STORE-002,Apparel,BrandC,In-Store,UPC-689701326,SKU-APP-3175,Scarf,2,2,1,744.86,416.67,328.19,446.09,73.66,1,1,2025-12-01 22:00:00,0,0,1
TXN-03-01626,STORE-013,Electronics,BrandE,Online,UPC-571711756,SKU-ELE-7187,Phone,8,8,1,2228.32,1094.31,1134.01,359.24,80.7,0,0,2025-12-08 21:00:00,1,0,1
TXN-03-03589,STORE-010,Electronics,BrandA,Online,UPC-983875307,SKU-ELE-2145,Charger,7,7,0,2481.29,1122.94,1358.35,484.27,129.8,0,0,2025-12-26 00:00:00,0,0,1
TXN-03-03636,STORE-020,Home & Garden,BrandB,In-Store,UPC-878156616,SKU-HOM-8265,Tool Set,7,7,3,3079.3,1286.05,1793.25,464.56,24.66,0,0,2025-12-29 14:00:00,1,0,1
TXN-03-03714,STORE-006,Home & Garden,BrandG,In-Store,UPC-340809748,SKU-HOM-2030,Lamp,7,7,1,2647.12,1371.23,1275.89,396.99,18.83,0,0,2025-12-06 12:00:00,0,0,1
TXN-03-05074,STORE-001,Electronics,BrandF,In-Store,UPC-260163899,SKU-ELE-5109,Phone,7,7,4,1696.52,975.52,721.0,300.7,58.34,0,0,2025-12-24 15:00:00,1,0,1
TXN-03-03124,STORE-007,Apparel,BrandD,Mobile,UPC-248657726,SKU-APP-8378,Jacket,5,5,3,1741.65,1300.04,441.61,367.83,19.5,0,0,2025-12-22 02:00:00,1,1,1
TXN-03-04634,STORE-004,Electronics,BrandB,In-Store,UPC-480451153,SKU-ELE-7388,Tablet,1,1,2,17.14,12.72,4.42,20.84,3.7,0,0,2025-12-08 03:00:00,0,0,1
TXN-03-01314,STORE-016,Apparel,BrandH,Online,UPC-761211114,SKU-APP-3471,Jacket,6,6,2,1915.5,1385.34,530.16,368.48,49.23,0,0,2025-12-28 07:00:00,0,0,1
TXN-03-03223,STORE-007,Grocery,BrandE,Online,UPC-968471480,SKU-GRO-7787,Pasta,9,9,0,3090.33,1931.29,1159.04,376.65,33.28,1,1,2025-12-05 07:00:00,1,0,1
TXN-03-03735,STORE-012,Grocery,BrandF,In-Store,UPC-339887494,SKU-GRO-1645,Rice,4,4,0,524.52,382.8,141.72,135.19,4.06,0,0,2025-12-18 23:00:00,0,0,1
TXN-03-04037,STORE-001,Home & Garden,BrandC,Online,UPC-693695703,SKU-HOM-2395,Cushion,5,5,1,1883.35,1239.51,643.84,466.07,89.4,0,0,2025-12-17 01:00:00,0,0,1
TXN-03-01068,STORE-005,Sports,BrandB,In-Store,UPC-448953789,SKU-SPO-2362,Cap,6,6,2,2310.48,1195.43,1115.05,398.24,13.16,0,0,2025-12-07 15:00:00,1,0,1
TXN-03-03077,STORE-011,Sports,BrandC,Mobile,UPC-850435433,SKU-SPO-4902,Running Shoes,1,1,2,235.65,154.12,81.53,321.9,86.25,0,0,2025-12-07 19:00:00,1,0,1
TXN-03-06008,STORE-018,Grocery,BrandB,In-Store,UPC-138492094,SKU-GRO-8864,Rice,1,1,0,187.6,129.58,58.02,228.99,41.39,0,0,2025-12-06 08:00:00,1,0,1
TXN-03-04273,STORE-012,Electronics,BrandE,Online,UPC-200773853,SKU-ELE-5412,Monitor,4,4,3,243.08,115.38,127.7,78.55,17.78,0,0,2025-12-27 07:00:00,0,0,1
TXN-03-06201,STORE-008,Electronics,BrandE,In-Store,UPC-603828005,SKU-ELE-3637,Headphones,7,7,1,1923.81,1423.41,500.4,337.36,62.53,0,0,2025-12-24 19:00:00,0,1,1
TXN-03-04571,STORE-003,Grocery,BrandE,Mobile,UPC-462723217,SKU-GRO-9419,Coffee,1,1,2,260.61,191.7,68.91,266.0,5.39,0,0,2025-12-20 01:00:00,1,1,1
TXN-03-01849,STORE-019,Home & Garden,BrandG,In-Store,UPC-716165182,SKU-HOM-9307,Hose,3,3,4,1071.69,484.31,587.38,390.96,33.73,0,0,2025-12-13 19:00:00,0,0,1
TXN-03-03868,STORE-018,Apparel,BrandH,In-Store,UPC-556675474,SKU-APP-6422,Socks,7,7,2,2462.18,1017.1,1445.08,353.57,1.83,0,0,2025-12-17 16:00:00,1,0,1
TXN-03-05650,STORE-013,Electronics,BrandC,In-Store,UPC-102518298,SKU-ELE-1956,Phone,2,2,0,824.4,488.69,335.71,453.12,40.92,0,0,2025-12-18 20:00:00,0,0,1
TXN-03-01069,STORE-010,Electronics,BrandE,In-Store,UPC-906869345,SKU-ELE-3142,Camera,8,8,1,2682.8,1796.94,885.86,445.74,110.39,0,0,2025-12-24 23:00:00,0,1,1
TXN-03-00528,STORE-002,Apparel,BrandA,In-Store,UPC-486245945,SKU-APP-6932,Jeans,4,4,0,1104.88,562.15,542.73,276.27,0.05,0,0,2025-12-17 09:00:00,1,0,1
TXN-03-01149,STORE-016,Home & Garden,BrandC,In-Store,UPC-914067359,SKU-HOM-2797,Plant Pot,2,2,2,54.42,32.89,21.53,35.0,7.79,0,0,2025-12-01 01:00:00,1,0,1
TXN-03-02569,STORE-008,Grocery,BrandH,Mobile,UPC-549478701,SKU-GRO-2054,Bread,8,8,2,223.28,152.83,70.45,34.04,6.13,0,0,2025-12-12 06:00:00,1,1,1
TXN-03-05467,STORE-010,Apparel,BrandA,Online,UPC-537866219,SKU-APP-5603,Shoes,5,5,3,921.6,628.18,293.42,262.54,78.22,0,0,2025-12-11 08:00:00,1,1,1
TXN-03-05362,STORE-007,Grocery,BrandG,Online,UPC-624770607,SKU-GRO-4631,Coffee,6,6,3,753.06,512.6,240.46,144.1,18.59,0,0,2025-12-28 01:00:00,1,0,1
TXN-03-03755,STORE-001,Apparel,BrandG,In-Store,UPC-319150483,SKU-APP-1684,Shoes,8,8,4,2430.4,1764.77,665.63,419.74,115.94,0,0,2025-12-22 07:00:00,1,1,1
TXN-03-03787,STORE-008,Home & Garden,BrandE,Mobile,UPC-380812456,SKU-HOM-4080,Chair,5,5,1,1630.6,709.5,921.1,375.9,49.78,0,0,2025-12-01 05:00:00,1,0,1
TXN-03-03186,STORE-012,Electronics,BrandA,Online,UPC-214160578,SKU-ELE-2835,Tablet,6,6,3,1069.2,772.67,296.53,227.47,49.27,0,0,2025-12-30 01:00:00,1,0,1
TXN-03-00890,STORE-010,Home & Garden,BrandH,In-Store,UPC-301568330,SKU-HOM-9977,Rug,9,9,2,2603.25,1162.01,1441.24,398.19,108.94,0,0,2025-12-24 09:00:00,1,0,1
TXN-03-02521,STORE-009,Home & Garden,BrandH,Online,UPC-181125193,SKU-HOM-4916,Hose,3,3,3,681.3,446.72,234.58,253.67,26.57,0,0,2025-12-11 15:00:00,1,0,1
TXN-03-02369,STORE-011,Electronics,BrandC,In-Store,UPC-713394593,SKU-ELE-1832,Headphones,5,5,3,2411.85,1544.51,867.34,496.61,14.24,0,0,2025-12-19 23:00:00,1,0,1
TXN-03-05475,STORE-020,Home & Garden,BrandG,In-Store,UPC-535071445,SKU-HOM-2289,Vase,1,1,2,309.81,202.98,106.83,311.73,1.92,0,0,2025-12-26 07:00:00,1,1,1
TXN-03-05546,STORE-014,Sports,BrandF,Online,UPC-376847058,SKU-SPO-2850,Running Shoes,8,8,4,1987.2,1454.97,532.23,335.83,87.43,0,0,2025-12-03 07:00:00,1,0,1
TXN-03-01841,STORE-001,Grocery,BrandC,Online,UPC-325851390,SKU-GRO-3446,Cereal,3,3,3,630.99,419.93,211.06,244.24,33.91,0,0,2025-12-14 17:00:00,1,1,1
TXN-03-06226,STORE-005,Apparel,BrandC,Mobile,UPC-235262360,SKU-APP-2105,Scarf,3,3,1,174.9,131.1,43.8,70.9,12.6,0,0,2025-12-03 03:00:00,0,1,1
TXN-03-03600,STORE-012,Sports,BrandB,In-Store,UPC-366448026,SKU-SPO-6372,Yoga Mat,5,5,1,719.1,510.58,208.52,204.47,60.65,0,0,2025-12-06 16:00:00,0,0,1
TXN-03-03494,STORE-017,Home & Garden,BrandA,In-Store,UPC-893569602,SKU-HOM-8544,Plant Pot,4,4,2,883.28,572.3,310.98,275.86,55.04,0,0,2025-12-11 21:00:00,0,0,1
TXN-03-03831,STORE-007,Electronics,BrandH,In-Store,UPC-630786873,SKU-ELE-3096,Speaker,1,1,0,187.75,79.0,108.75,191.17,3.42,0,0,2025-12-13 04:00:00,1,1,1
TXN-03-03368,STORE-020,Home & Garden,BrandE,Mobile,UPC-406665132,SKU-HOM-6788,Hose,8,8,0,2798.4,1164.49,1633.91,427.26,77.46,0,0,2025-12-23 23:00:00,1,0,1
TXN-03-03107,STORE-005,Home & Garden,BrandH,Online,UPC-252204723,SKU-HOM-9650,Vase,8,8,2,1331.68,694.79,636.89,199.68,33.22,0,0,2025-12-31 00:00:00,0,1,1
TXN-03-05598,STORE-009,Electronics,BrandH,Online,UPC-601680557,SKU-ELE-4117,Headphones,8,8,3,708.4,355.64,352.76,108.9,20.35,1,0,2025-12-20 03:00:00,0,0,1
TXN-03-02482,STORE-009,Electronics,BrandD,In-Store,UPC-143381138,SKU-ELE-8337,Speaker,7,7,3,1951.95,1297.88,654.07,382.51,103.66,0,0,2025-12-13 06:00:00,1,0,1
TXN-03-04382,STORE-005,Electronics,BrandC,Mobile,UPC-631727394,SKU-ELE-2666,Laptop,8,8,0,1647.52,728.8,918.72,210.93,4.99,0,0,2025-12-27 16:00:00,0,0,1
TXN-03-03112,STORE-010,Electronics,BrandF,Online,UPC-295367830,SKU-ELE-3081,Camera,6,6,3,1013.94,420.94,593.0,174.59,5.6,0,0,2025-12-21 14:00:00,0,0,1
TXN-03-03123,STORE-015,Home & Garden,BrandC,In-Store,UPC-182116669,SKU-HOM-4801,Plant Pot,9,9,2,486.72,303.03,183.69,64.82,10.74,0,0,2025-12-23 07:00:00,1,1,1
TXN-03-02889,STORE-015,Apparel,BrandD,Online,UPC-400396420,SKU-APP-4518,Shoes,9,9,1,2987.1,1862.3,1124.8,414.78,82.88,0,0,2025-12-11 15:00:00,1,0,1
TXN-03-02677,STORE-014,Sports,BrandF,Mobile,UPC-435808977,SKU-SPO-7861,Running Shoes,8,8,2,674.88,467.02,207.86,107.16,22.8,0,0,2025-12-01 11:00:00,1,1,1
TXN-03-03857,STORE-002,Sports,BrandE,Mobile,UPC-572937641,SKU-SPO-5740,Backpack,4,4,0,1456.76,922.7,534.06,468.51,104.32,0,0,2025-12-13 11:00:00,1,0,1
TXN-03-00517,STORE-007,Sports,BrandA,In-Store,UPC-707060854,SKU-SPO-5573,Cap,6,6,0,1026.78,585.54,441.24,203.18,32.05,0,0,2025-12-22 12:00:00,0,0,1
TXN-03-00732,STORE-003,Grocery,BrandA,In-Store,UPC-462324656,SKU-GRO-8911,Snack Bar,1,1,3,10.93,6.94,3.99,13.46,2.53,0,0,2025-12-24 13:00:00,0,0,1
TXN-03-05501,STORE-010,Sports,BrandC,In-Store,UPC-300830094,SKU-SPO-5551,Jersey,4,4,3,990.04,731.92,258.12,300.92,53.41,0,0,2025-12-21 00:00:00,1,1,1
TXN-03-05855,STORE-011,Home & Garden,BrandD,Online,UPC-228408357,SKU-HOM-3627,Hose,8,8,1,607.44,247.05,360.39,97.46,21.53,0,0,2025-12-11 22:00:00,1,1,1
TXN-03-06009,STORE-016,Electronics,BrandD,Online,UPC-696091004,SKU-ELE-2456,Headphones,7,7,1,2267.3,1418.27,849.03,342.9,19.0,0,0,2025-12-10 06:00:00,1,0,1
TXN-03-02709,STORE-016,Sports,BrandD,In-Store,UPC-427742587,SKU-SPO-6104,Water Bottle,6,6,4,1979.82,843.65,1136.17,407.12,77.15,0,0,2025-12-06 11:00:00,1,0,1
TXN-03-05881,STORE-008,Home & Garden,BrandD,Online,UPC-296379892,SKU-HOM-4409,Cushion,8,8,0,1468.16,943.27,524.89,204.07,20.55,0,0,2025-12-28 15:00:00,1,1,1
TXN-03-04163,STORE-015,Home & Garden,BrandG,Online,UPC-674862433,SKU-HOM-9077,Lamp,5,5,0,1144.1,548.91,595.19,248.25,19.43,0,0,2025-12-12 06:00:00,1,0,1
TXN-03-05933,STORE-018,Electronics,BrandF,Online,UPC-244131776,SKU-ELE-7744,Speaker,5,5,1,1912.25,1182.21,730.04,458.72,76.27,0,0,2025-12-16 08:00:00,1,0,1
TXN-03-01006,STORE-004,Electronics,BrandE,In-Store,UPC-246551803,SKU-ELE-5605,Camera,2,2,2,658.04,315.54,342.5,386.33,57.31,0,0,2025-12-20 21:00:00,0,0,1
TXN-03-00872,STORE-008,Grocery,BrandH,Online,UPC-993599009,SKU-GRO-9467,Bread,3,3,4,934.26,603.84,330.42,347.67,36.25,0,0,2025-12-18 14:00:00,1,0,1
TXN-03-02585,STORE-020,Electronics,BrandD,Online,UPC-587121161,SKU-ELE-5632,Phone,8,8,2,2434.08,1025.57,1408.51,312.27,8.01,0,0,2025-12-03 18:00:00,1,0,1
TXN-03-04865,STORE-011,Electronics,BrandG,In-Store,UPC-688816916,SKU-ELE-2714,Tablet,7,7,3,2492.21,1716.59,775.62,408.41,52.38,0,0,2025-12-28 22:00:00,1,0,1
TXN-03-04264,STORE-004,Apparel,BrandG,In-Store,UPC-115121339,SKU-APP-4263,T-Shirt,4,4,0,207.32,123.64,83.68,70.68,18.85,0,0,2025-12-06 08:00:00,1,0,1
TXN-03-02960,STORE-012,Apparel,BrandF,In-Store,UPC-636690820,SKU-APP-4208,Jeans,5,5,3,1838.5,1235.12,603.38,411.58,43.88,0,0,2025-12-03 02:00:00,1,1,1
TXN-03-04116,STORE-017,Grocery,BrandD,Online,UPC-695882760,SKU-GRO-4304,Pasta,2,2,0,803.24,590.61,212.63,492.76,91.14,0,0,2025-12-21 22:00:00,0,1,1
TXN-03-04491,STORE-004,Electronics,BrandB,In-Store,UPC-993343841,SKU-ELE-7230,Speaker,5,5,1,468.9,189.23,279.67,121.2,27.42,1,0,2025-12-01 19:00:00,1,0,1
TXN-03-04903,STORE-014,Electronics,BrandH,Online,UPC-536273317,SKU-ELE-8094,Headphones,1,1,3,278.16,175.41,102.75,335.76,57.6,0,0,2025-12-23 11:00:00,1,0,1
TXN-03-03822,STORE-012,Sports,BrandE,Mobile,UPC-949481970,SKU-SPO-6155,Dumbbell,7,7,0,341.32,251.59,89.73,61.03,12.27,0,0,2025-12-26 09:00:00,1,0,1
TXN-03-06330,STORE-016,Home & Garden,BrandB,Online,UPC-573111405,SKU-HOM-6484,Plant Pot,1,1,1,241.46,150.91,90.55,289.5,48.04,0,0,2025-12-03 07:00:00,1,0,1
TXN-03-01578,STORE-007,Apparel,BrandG,Mobile,UPC-705663340,SKU-APP-8152,Scarf,3,3,4,791.34,580.33,211.01,323.98,60.2,0,0,2025-12-10 23:00:00,1,0,1
TXN-03-00615,STORE-019,Apparel,BrandH,In-Store,UPC-381957050,SKU-APP-3225,Hat,6,6,4,1703.58,697.25,1006.33,392.03,108.1,0,0,2025-12-08 13:00:00,0,0,1
TXN-03-04945,STORE-005,Home & Garden,BrandF,In-Store,UPC-367094388,SKU-HOM-1654,Tool Set,9,9,1,2102.4,1358.13,744.27,233.93,0.33,0,0,2025-12-24 02:00:00,0,1,1
TXN-03-03044,STORE-008,Electronics,BrandA,Online,UPC-688409183,SKU-ELE-4636,Headphones,7,7,0,865.83,479.58,386.25,135.09,11.4,0,0,2025-12-06 07:00:00,1,1,1
TXN-03-01360,STORE-002,Sports,BrandG,In-Store,UPC-746144543,SKU-SPO-4877,Jersey,7,7,0,1429.33,633.46,795.87,249.29,45.1,0,0,2025-12-25 03:00:00,1,0,1
TXN-03-04041,STORE-008,Grocery,BrandE,In-Store,UPC-633029534,SKU-GRO-4576,Pasta,1,1,4,152.06,95.25,56.81,204.51,52.45,0,0,2025-12-16 05:00:00,0,0,1
TXN-03-01589,STORE-004,Home & Garden,BrandE,In-Store,UPC-845568590,SKU-HOM-5310,Cushion,4,4,0,723.08,295.23,427.85,231.59,50.82,0,0,2025-12-05 18:00:00,0,0,1
TXN-03-02442,STORE-009,Apparel,BrandG,Mobile,UPC-282295543,SKU-APP-9650,Socks,1,1,4,364.7,197.84,166.86,463.56,98.86,1,1,2025-12-31 00:00:00,1,0,1
TXN-03-05970,STORE-010,Home & Garden,BrandD,Mobile,UPC-293026814,SKU-HOM-1395,Cushion,2,2,4,150.32,81.28,69.04,76.38,1.22,0,0,2025-12-29 21:00:00,0,0,1
TXN-03-01542,STORE-003,Home & Garden,BrandF,Online,UPC-178251223,SKU-HOM-4253,Vase,3,3,1,711.24,475.15,236.09,269.84,32.76,0,0,2025-12-20 08:00:00,1,0,1
TXN-03-04510,STORE-018,Electronics,BrandH,In-Store,UPC-977216698,SKU-ELE-4840,Laptop,5,5,0,1286.75,718.43,568.32,317.27,59.92,0,0,2025-12-13 16:00:00,0,0,1
TXN-03-04788,STORE-001,Electronics,BrandG,In-Store,UPC-919374712,SKU-ELE-9302,Monitor,5,5,0,1918.05,1083.77,834.28,464.62,81.01,0,0,2025-12-05 22:00:00,1,0,1
TXN-03-06292,STORE-011,Apparel,BrandD,Online,UPC-741870773,SKU-APP-5820,T-Shirt,8,8,4,3492.08,2230.39,1261.69,489.51,53.0,0,0,2025-12-30 18:00:00,1,1,1
TXN-03-00875,STORE-005,Apparel,BrandA,Mobile,UPC-166417691,SKU-APP-7736,Socks,2,2,0,137.6,57.56,80.04,91.05,22.25,0,0,2025-12-07 06:00:00,1,0,1
TXN-03-01270,STORE-014,Home & Garden,BrandD,In-Store,UPC-114114373,SKU-HOM-1012,Tool Set,5,5,0,169.7,97.86,71.84,40.33,6.39,0,0,2025-12-10 09:00:00,1,0,1
TXN-03-04572,STORE-018,Electronics,BrandC,Mobile,UPC-929081734,SKU-ELE-8884,Charger,8,8,3,1293.76,524.93,768.83,184.45,22.73,0,0,2025-12-16 09:00:00,1,1,1
TXN-03-05040,STORE-015,Grocery,BrandG,In-Store,UPC-202129213,SKU-GRO-8368,Pasta,4,4,2,973.92,697.25,276.67,334.71,91.23,0,0,2025-12-08 12:00:00,1,0,1
TXN-03-04630,STORE-015,Electronics,BrandF,Mobile,UPC-992619544,SKU-ELE-4153,Phone,7,7,4,1483.02,681.07,801.95,275.24,63.38,0,0,2025-12-25 19:00:00,0,0,1
TXN-03-02599,STORE-012,Grocery,BrandH,Mobile,UPC-824405482,SKU-GRO-8891,Milk,4,4,4,230.64,157.81,72.83,82.32,24.66,0,0,2025-12-01 13:00:00,0,0,1
TXN-03-05951,STORE-008,Electronics,BrandC,Mobile,UPC-111724426,SKU-ELE-1482,Phone,5,5,4,878.2,493.43,384.77,247.65,72.01,0,0,2025-12-16 18:00:00,0,1,1
TXN-03-04149,STORE-007,Grocery,BrandG,Online,UPC-183225138,SKU-GRO-8491,Milk,8,8,3,2864.08,2039.7,824.38,434.75,76.74,0,0,2025-12-05 17:00:00,1,0,1
TXN-03-03065,STORE-008,Home & Garden,BrandB,Online,UPC-299341123,SKU-HOM-8471,Chair,7,7,4,2375.24,1632.47,742.77,404.07,64.75,0,0,2025-12-23 09:00:00,1,1,1
TXN-03-02668,STORE-013,Sports,BrandB,In-Store,UPC-657009617,SKU-SPO-2739,Resistance Band,3,3,3,171.99,124.52,47.47,60.69,3.36,0,0,2025-12-26 10:00:00,1,1,1
TXN-03-03282,STORE-003,Sports,BrandG,Mobile,UPC-753027308,SKU-SPO-3565,Backpack,8,8,3,551.84,394.05,157.79,88.55,19.57,0,0,2025-12-08 18:00:00,1,0,1
TXN-03-01607,STORE-009,Grocery,BrandD,In-Store,UPC-821166170,SKU-GRO-6351,Cereal,7,7,2,1860.88,899.89,960.99,312.65,46.81,0,0,2025-12-06 10:00:00,1,1,1
TXN-03-01744,STORE-006,Apparel,BrandH,Mobile,UPC-146499190,SKU-APP-6679,Hat,9,9,0,543.15,313.37,229.78,60.8,0.45,0,0,2025-12-25 13:00:00,1,1,1
TXN-03-04485,STORE-016,Grocery,BrandE,Online,UPC-610560493,SKU-GRO-5144,Bread,4,4,2,1425.2,1047.86,377.34,435.88,79.58,0,0,2025-12-23 07:00:00,1,1,1
TXN-03-04954,STORE-010,Home & Garden,BrandE,In-Store,UPC-650252509,SKU-HOM-3183,Tool Set,3,3,0,90.66,53.58,37.08,36.13,5.91,0,0,2025-12-14 09:00:00,1,0,1
TXN-03-02970,STORE-007,Apparel,BrandG,In-Store,UPC-556455089,SKU-APP-8136,Socks,4,4,3,1483.04,641.45,841.59,445.11,74.35,1,1,2025-12-23 13:00:00,1,0,1
TXN-03-00321,STORE-013,Home & Garden,BrandH,In-Store,UPC-304207721,SKU-HOM-3133,Lamp,2,2,2,201.82,141.29,60.53,106.05,5.14,0,0,2025-12-03 08:00:00,0,1,1
TXN-03-03915,STORE-001,Apparel,BrandB,Online,UPC-475197128,SKU-APP-2040,Socks,2,2,2,963.02,470.12,492.9,498.09,16.58,0,0,2025-12-09 13:00:00,0,0,1
TXN-03-00699,STORE-013,Apparel,BrandC,In-Store,UPC-330647320,SKU-APP-9498,Scarf,1,1,2,306.15,210.64,95.51,361.57,55.42,0,0,2025-12-01 01:00:00,1,0,1
TXN-03-02779,STORE-007,Apparel,BrandC,In-Store,UPC-871398666,SKU-APP-7810,Jacket,2,2,3,599.26,272.8,326.46,369.61,69.98,0,0,2025-12-13 03:00:00,1,0,1
TXN-03-01658,STORE-006,Sports,BrandB,Mobile,UPC-347052633,SKU-SPO-5038,Water Bottle,9,9,1,2639.7,1575.83,1063.87,298.79,5.49,1,0,2025-12-27 17:00:00,1,0,1
TXN-03-02987,STORE-004,Electronics,BrandE,Online,UPC-267230855,SKU-ELE-1196,Laptop,5,5,1,947.1,410.32,536.78,258.65,69.23,1,0,2025-12-06 11:00:00,1,0,1
TXN-03-00927,STORE-001,Apparel,BrandE,Online,UPC-868237522,SKU-APP-9884,Scarf,5,5,4,782.45,483.15,299.3,178.03,21.54,0,0,2025-12-29 13:00:00,1,1,1
TXN-03-01359,STORE-017,Grocery,BrandG,Online,UPC-723518081,SKU-GRO-3826,Juice,9,9,0,585.09,259.22,325.87,88.26,23.25,0,0,2025-12-30 09:00:00,0,0,1
TXN-03-02495,STORE-003,Home & Garden,BrandA,Mobile,UPC-868506632,SKU-HOM-7924,Rug,4,4,0,657.52,423.03,234.49,203.39,39.01,0,0,2025-12-02 07:00:00,1,0,1
TXN-03-01656,STORE-020,Grocery,BrandG,In-Store,UPC-777836040,SKU-GRO-2767,Cereal,7,7,3,2506.28,1292.5,1213.78,441.66,83.62,0,0,2025-12-03 19:00:00,0,0,1
TXN-03-02747,STORE-003,Sports,BrandB,Mobile,UPC-727857970,SKU-SPO-2447,Water Bottle,3,3,1,975.84,466.26,509.58,397.78,72.5,0,0,2025-12-21 10:00:00,0,0,1
TXN-03-06380,STORE-010,Apparel,BrandA,Online,UPC-194422191,SKU-APP-8090,Jeans,5,5,4,1015.95,489.79,526.16,209.26,6.07,0,0,2025-12-04 12:00:00,0,0,1
TXN-03-00010,STORE-010,Sports,BrandA,In-Store,UPC-201972653,SKU-SPO-4247,Dumbbell,6,6,3,2703.9,1667.54,1036.36,464.39,13.74,0,0,2025-12-09 17:00:00,1,0,1
TXN-03-04329,STORE-013,Electronics,BrandF,In-Store,UPC-206898018,SKU-ELE-8523,Headphones,3,3,1,185.55,125.44,60.11,71.67,9.82,0,0,2025-12-30 06:00:00,1,0,1
TXN-03-03400,STORE-014,Home & Garden,BrandE,In-Store,UPC-787684819,SKU-HOM-1247,Rug,3,3,4,1159.47,741.71,417.76,455.67,69.18,1,0,2025-12-20 05:00:00,1,0,1
TXN-03-16462,STORE-019,Grocery,BrandC,Online,UPC-425978538,SKU-GRO-7567,Coffee,5,5,4,359.55,149.11,210.44,81.22,9.31,0,0,2025-12-17 19:00:00,0,0,1
TXN-03-01202,STORE-012,Apparel,BrandE,In-Store,UPC-896900787,SKU-APP-6045,Hat,1,1,0,356.04,194.14,161.9,465.41,109.37,0,0,2025-12-05 04:00:00,1,0,1
TXN-03-05287,STORE-002,Grocery,BrandG,In-Store,UPC-372839404,SKU-GRO-8096,Coffee,6,6,4,2190.78,1330.59,860.19,388.09,22.96,0,0,2025-12-20 05:00:00,0,0,1
TXN-03-04664,STORE-013,Sports,BrandG,In-Store,UPC-478178546,SKU-SPO-5745,Resistance Band,5,5,3,135.25,86.16,49.09,36.83,9.78,0,0,2025-12-03 01:00:00,1,0,1
TXN-03-02837,STORE-009,Apparel,BrandA,Online,UPC-402083346,SKU-APP-1897,Jeans,2,2,4,93.48,52.88,40.6,47.56,0.82,0,0,2025-12-25 06:00:00,0,0,1
TXN-03-02573,STORE-015,Electronics,BrandD,In-Store,UPC-264840048,SKU-ELE-1966,Speaker,7,7,2,2179.66,1492.56,687.1,341.06,29.68,0,0,2025-12-13 16:00:00,0,1,1
TXN-03-03057,STORE-005,Home & Garden,BrandB,In-Store,UPC-254237861,SKU-HOM-1841,Tool Set,4,4,1,1328.44,985.49,342.95,334.47,2.36,0,0,2025-12-19 05:00:00,1,0,1
TXN-03-04331,STORE-004,Home & Garden,BrandC,Online,UPC-950992050,SKU-HOM-8502,Plant Pot,4,4,3,756.04,356.98,399.06,263.59,74.58,0,0,2025-12-12 02:00:00,1,0,1
TXN-03-03370,STORE-004,Electronics,BrandE,Mobile,UPC-629923291,SKU-ELE-2501,Laptop,1,1,2,147.05,85.78,61.27,155.12,8.07,0,0,2025-12-11 05:00:00,1,0,1
TXN-03-00362,STORE-002,Home & Garden,BrandG,In-Store,UPC-986423256,SKU-HOM-5037,Rug,3,3,4,260.88,130.97,129.91,107.76,20.8,0,0,2025-12-29 04:00:00,0,0,1
TXN-03-03273,STORE-018,Apparel,BrandF,In-Store,UPC-857406366,SKU-APP-5694,T-Shirt,6,6,4,2751.24,1665.78,1085.46,458.97,0.43,0,0,2025-12-21 02:00:00,1,0,1
TXN-03-04335,STORE-009,Apparel,BrandC,Mobile,UPC-956592689,SKU-APP-1741,Jeans,9,9,3,2454.12,1045.69,1408.43,335.79,63.11,0,0,2025-12-16 00:00:00,1,0,1
TXN-03-03659,STORE-010,Apparel,BrandD,Online,UPC-854758828,SKU-APP-3573,Scarf,2,2,4,67.78,49.89,17.89,37.3,3.41,0,0,2025-12-06 14:00:00,1,0,1
TXN-03-04960,STORE-007,Electronics,BrandF,Online,UPC-700015213,SKU-ELE-3682,Headphones,7,7,2,2748.48,1935.37,813.11,434.77,42.13,0,0,2025-12-05 14:00:00,0,1,1
TXN-03-00126,STORE-001,Sports,BrandE,In-Store,UPC-351239383,SKU-SPO-2667,Cap,5,5,1,232.25,146.69,85.56,62.72,16.27,0,0,2025-12-27 12:00:00,1,0,1
TXN-03-05580,STORE-004,Home & Garden,BrandG,In-Store,UPC-346051059,SKU-HOM-2310,Cushion,5,5,1,890.9,599.33,291.57,235.08,56.9,0,0,2025-12-29 04:00:00,1,0,1
TXN-03-01604,STORE-015,Grocery,BrandB,Online,UPC-385170019,SKU-GRO-2785,Bread,4,4,2,172.52,89.8,82.72,46.96,3.83,0,0,2025-12-17 20:00:00,1,0,1
TXN-03-01721,STORE-020,Grocery,BrandA,In-Store,UPC-668282618,SKU-GRO-3209,Snack Bar,2,2,2,195.96,144.39,51.57,134.39,36.41,0,0,2025-12-05 06:00:00,1,0,1
TXN-03-02704,STORE-003,Home & Garden,BrandB,Online,UPC-131619469,SKU-HOM-7554,Plant Pot,5,5,1,1792.4,982.56,809.84,379.86,21.38,0,0,2025-12-30 17:00:00,1,0,1
TXN-03-03498,STORE-005,Home & Garden,BrandD,In-Store,UPC-671313634,SKU-HOM-4327,Tool Set,9,9,1,1216.08,533.65,682.43,166.35,31.23,0,0,2025-12-07 23:00:00,1,0,1
TXN-03-04722,STORE-020,Home & Garden,BrandA,Online,UPC-923325123,SKU-HOM-1611,Cushion,6,6,3,1824.48,957.88,866.6,333.96,29.88,0,0,2025-12-16 21:00:00,1,0,1
TXN-03-00414,STORE-008,Grocery,BrandE,Online,UPC-110122377,SKU-GRO-1957,Snack Bar,7,7,1,628.25,288.62,339.63,117.87,28.12,0,0,2025-12-28 11:00:00,1,0,1
TXN-03-05381,STORE-007,Sports,BrandB,Mobile,UPC-602749094,SKU-SPO-8111,Jersey,4,4,2,726.8,352.98,373.82,206.03,24.33,0,0,2025-12-02 18:00:00,1,0,1
TXN-03-00141,STORE-005,Apparel,BrandC,In-Store,UPC-917565206,SKU-APP-9544,Scarf,5,5,2,485.75,226.58,259.17,125.94,28.79,0,0,2025-12-24 23:00:00,0,0,1
TXN-03-02491,STORE-004,Home & Garden,BrandF,Online,UPC-561320882,SKU-HOM-3006,Vase,8,8,4,2404.4,1365.55,1038.85,354.1,53.55,0,0,2025-12-04 00:00:00,1,0,1
TXN-03-02261,STORE-010,Apparel,BrandC,In-Store,UPC-603192457,SKU-APP-3820,Socks,7,7,3,1080.94,654.81,426.13,196.83,42.41,0,0,2025-12-21 22:00:00,1,0,1
TXN-03-06240,STORE-017,Electronics,BrandA,In-Store,UPC-804130177,SKU-ELE-4347,Laptop,6,6,3,958.14,619.24,338.9,185.99,26.3,0,0,2025-12-04 16:00:00,1,0,1
TXN-03-05072,STORE-004,Apparel,BrandC,In-Store,UPC-286536377,SKU-APP-6358,Dress,2,2,0,421.9,285.55,136.35,211.18,0.23,0,0,2025-12-08 22:00:00,0,1,1
TXN-03-03170,STORE-005,Home & Garden,BrandC,Online,UPC-452347948,SKU-HOM-3586,Tool Set,8,8,1,2197.52,1572.89,624.63,343.44,68.75,0,0,2025-12-24 21:00:00,1,0,1
TXN-03-01760,STORE-006,Apparel,BrandE,In-Store,UPC-209660946,SKU-APP-7644,Socks,9,9,3,4166.37,1740.08,2426.29,484.99,22.06,0,0,2025-12-25 21:00:00,1,0,1
TXN-03-00366,STORE-001,Sports,BrandH,Online,UPC-541754736,SKU-SPO-3916,Water Bottle,7,7,3,792.96,531.02,261.94,120.97,7.69,0,0,2025-12-01 05:00:00,0,0,1
TXN-03-00004,STORE-012,Home & Garden,BrandB,Online,UPC-402072362,SKU-HOM-1748,Plant Pot,8,8,2,2686.48,1950.18,736.3,409.51,73.7,0,0,2025-12-14 09:00:00,1,0,1
TXN-03-01155,STORE-008,Sports,BrandE,Mobile,UPC-818179514,SKU-SPO-9137,Backpack,8,8,4,2088.56,1049.74,1038.82,364.94,103.87,0,0,2025-12-29 21:00:00,0,1,1
TXN-03-03484,STORE-007,Home & Garden,BrandE,In-Store,UPC-115019313,SKU-HOM-6957,Hose,8,8,2,989.04,729.94,259.1,130.7,7.07,0,0,2025-12-10 21:00:00,1,0,1
TXN-03-05686,STORE-014,Grocery,BrandE,Mobile,UPC-524626074,SKU-GRO-1029,Juice,5,5,1,128.55,72.68,55.87,28.31,2.6,0,0,2025-12-16 03:00:00,1,1,1
TXN-03-02145,STORE-006,Electronics,BrandG,In-Store,UPC-834389355,SKU-ELE-7712,Charger,4,4,3,924.28,595.06,329.22,242.46,11.39,0,0,2025-12-14 10:00:00,1,0,1
TXN-03-00538,STORE-003,Home & Garden,BrandB,In-Store,UPC-237464840,SKU-HOM-7483,Tool Set,7,7,4,680.61,412.72,267.89,133.25,36.02,0,0,2025-12-03 19:00:00,1,0,1
TXN-03-04453,STORE-007,Sports,BrandF,In-Store,UPC-711588568,SKU-SPO-5599,Water Bottle,4,4,1,1377.12,844.37,532.75,393.43,49.15,0,0,2025-12-16 23:00:00,0,0,1
TXN-03-02348,STORE-015,Electronics,BrandF,In-Store,UPC-336061645,SKU-ELE-3697,Monitor,6,6,4,1621.56,712.62,908.94,286.07,15.81,0,0,2025-12-15 14:00:00,1,0,1
TXN-03-02029,STORE-002,Electronics,BrandE,In-Store,UPC-309703135,SKU-ELE-1096,Phone,4,4,2,87.68,64.75,22.93,24.7,2.78,0,0,2025-12-24 05:00:00,0,0,1
TXN-03-00260,STORE-002,Apparel,BrandC,Mobile,UPC-250527359,SKU-APP-1028,Jeans,5,5,0,507.55,323.84,183.71,140.52,39.01,0,0,2025-12-10 11:00:00,1,0,1
TXN-03-00347,STORE-007,Apparel,BrandH,Mobile,UPC-330161695,SKU-APP-5465,Shoes,4,4,4,299.04,188.83,110.21,74.92,0.16,0,0,2025-12-17 15:00:00,1,0,1
TXN-03-03752,STORE-011,Electronics,BrandG,Online,UPC-953978565,SKU-ELE-8539,Camera,2,2,4,35.7,15.72,19.98,20.8,2.95,0,0,2025-12-13 12:00:00,1,1,1
TXN-03-03456,STORE-001,Electronics,BrandE,Online,UPC-167239351,SKU-ELE-1638,Phone,8,8,3,1400.4,714.82,685.58,245.95,70.9,0,0,2025-12-04 19:00:00,1,0,1
TXN-03-04746,STORE-005,Sports,BrandH,Online,UPC-264789417,SKU-SPO-3541,Water Bottle,5,5,4,1981.9,988.79,993.11,461.45,65.07,1,0,2025-12-24 23:00:00,1,1,1
TXN-03-02098,STORE-012,Home & Garden,BrandB,In-Store,UPC-789098045,SKU-HOM-4001,Hose,2,2,3,450.18,266.85,183.33,227.29,2.2,0,0,2025-12-15 07:00:00,1,0,1
TXN-03-05154,STORE-005,Apparel,BrandB,In-Store,UPC-216672556,SKU-APP-7459,Shoes,2,2,2,645.68,293.3,352.38,405.97,83.13,0,0,2025-12-02 07:00:00,1,0,1
TXN-03-01326,STORE-019,Grocery,BrandA,Mobile,UPC-952655623,SKU-GRO-4111,Cereal,9,9,2,2923.56,1808.56,1115.0,347.54,22.7,0,0,2025-12-29 07:00:00,1,0,1
TXN-03-00975,STORE-005,Electronics,BrandH,Online,UPC-919692088,SKU-ELE-5199,Camera,6,6,0,2102.1,1402.99,699.11,491.13,140.78,0,0,2025-12-17 19:00:00,0,1,1
TXN-03-06279,STORE-011,Grocery,BrandB,In-Store,UPC-944143437,SKU-GRO-4385,Snack Bar,3,3,1,667.29,472.92,194.37,252.74,30.31,0,0,2025-12-08 18:00:00,1,0,1
TXN-03-06158,STORE-019,Electronics,BrandF,In-Store,UPC-761235141,SKU-ELE-3448,Headphones,2,2,0,750.18,307.9,442.28,398.86,23.77,0,0,2025-12-08 06:00:00,1,1,1
TXN-03-01366,STORE-017,Sports,BrandB,Mobile,UPC-638850089,SKU-SPO-1682,Yoga Mat,8,8,4,978.16,588.68,389.48,159.53,37.26,1,0,2025-12-21 14:00:00,1,0,1
TXN-03-04206,STORE-012,Home & Garden,BrandG,In-Store,UPC-855276705,SKU-HOM-5877,Rug,3,3,0,711.72,457.97,253.75,237.47,0.23,0,0,2025-12-20 20:00:00,1,0,1
TXN-03-00032,STORE-012,Home & Garden,BrandD,Online,UPC-911906773,SKU-HOM-1957,Rug,7,7,4,1541.4,1135.6,405.8,282.29,62.09,0,0,2025-12-16 10:00:00,1,1,1
TXN-03-05599,STORE-017,Apparel,BrandE,Online,UPC-970275996,SKU-APP-6230,Hat,1,1,0,46.82,24.7,22.12,57.9,11.08,0,0,2025-12-24 06:00:00,1,1,1
TXN-03-01684,STORE-006,Sports,BrandG,In-Store,UPC-417085156,SKU-SPO-1598,Cap,2,2,2,474.64,325.78,148.86,254.19,16.87,0,0,2025-12-10 12:00:00,0,1,1
TXN-03-02213,STORE-011,Sports,BrandF,In-Store,UPC-278000225,SKU-SPO-4342,Resistance Band,5,5,0,277.7,195.92,81.78,62.83,7.29,0,0,2025-12-03 19:00:00,0,0,1
TXN-03-04979,STORE-001,Home & Garden,BrandD,Mobile,UPC-499307392,SKU-HOM-4372,Tool Set,3,3,2,612.0,346.64,265.36,225.93,21.93,0,0,2025-12-12 04:00:00,0,1,1
TXN-03-02864,STORE-002,Grocery,BrandH,In-Store,UPC-453872352,SKU-GRO-3200,Snack Bar,1,1,4,220.47,94.3,126.17,271.94,51.47,0,0,2025-12-20 00:00:00,1,0,1
TXN-03-06052,STORE-006,Apparel,BrandE,In-Store,UPC-122947589,SKU-APP-5560,Hat,8,8,1,661.44,364.61,296.83,85.8,3.12,0,0,2025-12-02 10:00:00,1,0,1
TXN-03-05087,STORE-003,Apparel,BrandC,In-Store,UPC-531768472,SKU-APP-2608,Jeans,4,4,0,57.0,36.4,20.6,19.2,4.95,0,0,2025-12-03 13:00:00,0,0,1
TXN-03-03422,STORE-008,Electronics,BrandA,In-Store,UPC-173756795,SKU-ELE-2210,Laptop,7,7,0,2644.32,1570.15,1074.17,497.17,119.41,0,0,2025-12-29 09:00:00,1,1,1
TXN-03-02091,STORE-012,Home & Garden,BrandG,Online,UPC-738277279,SKU-HOM-2388,Chair,8,8,0,652.16,436.96,215.2,99.49,17.97,0,0,2025-12-03 21:00:00,0,0,1
TXN-03-04983,STORE-009,Grocery,BrandG,Mobile,UPC-260321042,SKU-GRO-9524,Coffee,9,9,1,2972.07,1975.08,996.99,459.99,129.76,0,0,2025-12-28 21:00:00,1,0,1
TXN-03-03181,STORE-001,Home & Garden,BrandE,Mobile,UPC-167739789,SKU-HOM-9715,Plant Pot,8,8,2,1547.12,640.97,906.15,212.35,18.96,0,0,2025-12-23 07:00:00,1,0,1
TXN-03-02142,STORE-016,Apparel,BrandA,In-Store,UPC-241715253,SKU-APP-1385,Dress,8,8,4,1177.2,633.9,543.3,187.06,39.91,0,0,2025-12-12 18:00:00,0,1,1
TXN-03-04467,STORE-009,Apparel,BrandC,Mobile,UPC-590953035,SKU-APP-2814,Jacket,5,5,2,1145.9,506.31,639.59,236.94,7.76,0,0,2025-12-03 06:00:00,0,1,1
TXN-03-05323,STORE-003,Grocery,BrandG,Online,UPC-905493911,SKU-GRO-2086,Rice,1,1,3,157.21,114.27,42.94,176.3,19.09,0,0,2025-12-22 19:00:00,1,0,1
TXN-03-02333,STORE-006,Grocery,BrandB,Mobile,UPC-162878589,SKU-GRO-7506,Bread,9,9,4,1358.55,607.23,751.32,162.47,11.52,0,0,2025-12-13 05:00:00,1,0,1
TXN-03-02635,STORE-017,Sports,BrandB,In-Store,UPC-973985776,SKU-SPO-2616,Running Shoes,8,8,0,2687.12,1447.62,1239.5,371.52,35.63,0,0,2025-12-19 08:00:00,0,0,1
TXN-03-03835,STORE-018,Grocery,BrandA,In-Store,UPC-361401423,SKU-GRO-8081,Juice,1,1,4,472.53,265.88,206.65,488.16,15.63,0,0,2025-12-17 19:00:00,1,1,1
TXN-03-03982,STORE-018,Electronics,BrandB,Online,UPC-771116106,SKU-ELE-5450,Camera,8,8,2,1940.16,1103.75,836.41,320.87,78.35,0,0,2025-12-03 04:00:00,1,0,1
TXN-03-02605,STORE-014,Home & Garden,BrandA,In-Store,UPC-842959531,SKU-HOM-9282,Chair,4,4,2,105.44,74.35,31.09,33.92,7.56,0,0,2025-12-03 23:00:00,0,0,1
TXN-03-05606,STORE-011,Electronics,BrandH,In-Store,UPC-900711342,SKU-ELE-7644,Headphones,2,2,3,36.74,21.82,14.92,21.46,3.09,0,0,2025-12-04 10:00:00,0,1,1
TXN-03-04595,STORE-002,Grocery,BrandE,Online,UPC-880173428,SKU-GRO-6734,Rice,6,6,2,1302.54,782.43,520.11,294.79,77.7,0,0,2025-12-27 17:00:00,1,0,1
TXN-03-05932,STORE-002,Home & Garden,BrandH,In-Store,UPC-164809464,SKU-HOM-3309,Tool Set,8,8,0,799.2,479.46,319.74,133.07,33.17,0,0,2025-12-17 02:00:00,1,1,1
TXN-03-01298,STORE-017,Sports,BrandA,In-Store,UPC-579378625,SKU-SPO-4539,Running Shoes,1,1,4,138.13,57.73,80.4,183.26,45.13,0,0,2025-12-13 09:00:00,1,0,1
TXN-03-04855,STORE-006,Apparel,BrandD,In-Store,UPC-510717883,SKU-APP-1186,Dress,5,5,3,541.65,394.63,147.02,146.21,37.88,0,0,2025-12-01 15:00:00,1,0,1
TXN-03-02350,STORE-019,Electronics,BrandC,Online,UPC-584813408,SKU-ELE-9662,Headphones,7,7,1,1257.69,613.58,644.11,222.29,42.62,0,0,2025-12-04 21:00:00,0,0,1
TXN-03-04803,STORE-010,Sports,BrandB,In-Store,UPC-740800707,SKU-SPO-3206,Dumbbell,3,3,1,455.52,268.76,186.76,166.81,14.97,0,0,2025-12-02 20:00:00,0,0,1
TXN-03-02607,STORE-008,Home & Garden,BrandA,In-Store,UPC-211045541,SKU-HOM-9053,Chair,5,5,0,427.95,246.64,181.31,88.56,2.97,0,0,2025-12-12 15:00:00,1,1,1
TXN-03-05848,STORE-003,Apparel,BrandF,Online,UPC-230462052,SKU-APP-7153,Socks,7,7,3,620.9,250.54,370.36,97.65,8.95,0,0,2025-12-09 18:00:00,0,1,1
TXN-03-02118,STORE-013,Home & Garden,BrandD,In-Store,UPC-995618904,SKU-HOM-8926,Rug,6,6,4,887.94,657.08,230.86,171.5,23.51,0,0,2025-12-03 18:00:00,1,0,1
TXN-03-00344,STORE-010,Electronics,BrandH,In-Store,UPC-821773004,SKU-ELE-9044,Headphones,1,1,1,293.81,196.32,97.49,304.02,10.21,0,0,2025-12-14 12:00:00,0,0,1
TXN-03-05062,STORE-001,Apparel,BrandF,Mobile,UPC-269710365,SKU-APP-4877,Hat,8,8,4,1110.0,543.69,566.31,160.33,21.58,0,0,2025-12-14 04:00:00,1,1,1
TXN-03-02058,STORE-007,Apparel,BrandE,Online,UPC-296123707,SKU-APP-2473,Dress,3,3,3,682.56,459.57,222.99,282.56,55.04,0,0,2025-12-16 10:00:00,0,0,1
TXN-03-01153,STORE-020,Apparel,BrandA,In-Store,UPC-927353302,SKU-APP-9224,Jacket,5,5,1,124.15,88.96,35.19,27.03,2.2,0,0,2025-12-09 13:00:00,1,1,1
TXN-03-00231,STORE-008,Electronics,BrandH,In-Store,UPC-692393761,SKU-ELE-7313,Monitor,3,3,1,1130.49,494.32,636.17,484.89,108.06,0,0,2025-12-27 22:00:00,1,0,1
TXN-03-06370,STORE-005,Apparel,BrandB,In-Store,UPC-705620489,SKU-APP-6173,Shoes,3,3,2,1064.73,751.82,312.91,486.95,132.04,1,1,2025-12-11 13:00:00,1,0,1
TXN-03-01034,STORE-006,Grocery,BrandC,In-Store,UPC-822530784,SKU-GRO-7176,Cereal,1,1,3,358.69,240.07,118.62,377.94,19.25,0,0,2025-12-10 10:00:00,1,1,1
TXN-03-01162,STORE-015,Sports,BrandC,Online,UPC-406290629,SKU-SPO-8913,Resistance Band,3,3,2,1370.34,736.72,633.62,479.85,23.07,1,0,2025-12-29 19:00:00,1,0,1
TXN-03-03021,STORE-004,Home & Garden,BrandB,In-Store,UPC-473269832,SKU-HOM-7298,Cushion,3,3,3,776.22,499.39,276.83,293.0,34.26,0,0,2025-12-11 08:00:00,1,1,1
TXN-03-01683,STORE-018,Electronics,BrandB,In-Store,UPC-940421552,SKU-ELE-9194,Phone,5,5,1,2456.25,1351.72,1104.53,497.68,6.43,0,0,2025-12-27 22:00:00,1,0,1
TXN-03-03209,STORE-015,Home & Garden,BrandB,In-Store,UPC-798724457,SKU-HOM-8885,Rug,4,4,0,1253.0,572.37,680.63,378.97,65.72,0,0,2025-12-19 05:00:00,1,1,1
TXN-03-01784,STORE-020,Apparel,BrandG,In-Store,UPC-675109879,SKU-APP-5918,T-Shirt,7,7,2,166.32,111.79,54.53,31.19,7.43,1,0,2025-12-19 06:00:00,1,0,1
TXN-03-00481,STORE-018,Electronics,BrandG,Online,UPC-539390143,SKU-ELE-4568,Laptop,6,6,0,1933.8,825.19,1108.61,458.29,135.99,0,0,2025-12-22 00:00:00,1,0,1
TXN-03-02302,STORE-019,Electronics,BrandH,Online,UPC-464811149,SKU-ELE-9508,Speaker,5,5,2,1120.25,819.93,300.32,260.49,36.44,0,0,2025-12-05 15:00:00,1,0,1
TXN-03-01871,STORE-004,Electronics,BrandD,Mobile,UPC-343587986,SKU-ELE-7430,Laptop,3,3,1,187.26,115.09,72.17,79.66,17.24,0,0,2025-12-19 01:00:00,1,0,1
TXN-03-04692,STORE-019,Grocery,BrandB,In-Store,UPC-638331985,SKU-GRO-9819,Cereal,2,2,1,593.82,329.51,264.31,341.19,44.28,0,0,2025-12-17 01:00:00,1,0,1
TXN-03-02959,STORE-019,Electronics,BrandB,Online,UPC-980233779,SKU-ELE-6253,Charger,7,7,3,2482.27,1358.85,1123.42,481.02,126.41,1,1,2025-12-20 02:00:00,0,1,1
TXN-03-01330,STORE-003,Electronics,BrandH,In-Store,UPC-956313594,SKU-ELE-2214,Headphones,8,8,1,1180.8,688.12,492.68,155.69,8.09,0,0,2025-12-03 07:00:00,1,0,1
TXN-03-00204,STORE-020,Grocery,BrandB,In-Store,UPC-216850020,SKU-GRO-7913,Rice,4,4,2,76.44,53.3,23.14,22.87,3.76,0,0,2025-12-29 22:00:00,1,0,1
TXN-03-02379,STORE-011,Apparel,BrandG,In-Store,UPC-585604325,SKU-APP-9296,Scarf,8,8,0,3039.2,1618.49,1420.71,490.61,110.71,0,0,2025-12-14 19:00:00,1,0,1
TXN-03-04244,STORE-007,Home & Garden,BrandE,Online,UPC-700532924,SKU-HOM-4511,Vase,4,4,2,460.92,198.78,262.14,152.14,36.91,0,0,2025-12-01 04:00:00,0,0,1
TXN-03-04751,STORE-020,Home & Garden,BrandA,Mobile,UPC-288068686,SKU-HOM-7808,Tool Set,6,6,2,2103.78,1050.84,1052.94,495.82,145.19,0,0,2025-12-09 13:00:00,1,1,1
TXN-03-05095,STORE-001,Grocery,BrandB,Online,UPC-560086209,SKU-GRO-9933,Coffee,5,5,3,1327.9,751.45,576.45,318.73,53.15,0,0,2025-12-18 12:00:00,1,0,1
TXN-03-03876,STORE-014,Sports,BrandB,In-Store,UPC-216416043,SKU-SPO-6717,Dumbbell,3,3,3,616.47,374.64,241.83,266.22,60.73,0,0,2025-12-29 03:00:00,1,0,1
TXN-03-06332,STORE-007,Apparel,BrandF,In-Store,UPC-619870346,SKU-APP-3599,Shoes,5,5,4,623.5,331.69,291.81,132.72,8.02,0,0,2025-12-09 18:00:00,1,0,1
TXN-03-03152,STORE-012,Apparel,BrandH,In-Store,UPC-323871114,SKU-APP-7309,Socks,9,9,4,3306.87,1338.19,1968.68,458.88,91.45,0,0,2025-12-27 14:00:00,1,1,1
TXN-03-06397,STORE-015,Sports,BrandH,Online,UPC-469886699,SKU-SPO-7774,Cap,6,6,3,1841.1,1229.52,611.58,328.74,21.89,0,0,2025-12-29 22:00:00,1,0,1
TXN-03-01606,STORE-008,Grocery,BrandE,Online,UPC-584366299,SKU-GRO-3805,Milk,4,4,4,1404.32,857.65,546.67,402.95,51.87,0,0,2025-12-30 12:00:00,1,1,1
TXN-03-04494,STORE-002,Apparel,BrandH,Online,UPC-720572512,SKU-APP-8352,Dress,4,4,0,1065.76,709.71,356.05,273.34,6.9,0,0,2025-12-19 12:00:00,1,1,1
TXN-03-03964,STORE-014,Apparel,BrandE,Online,UPC-868059507,SKU-APP-4561,Jacket,3,3,1,22.26,12.31,9.95,8.36,0.94,0,0,2025-12-02 05:00:00,1,0,1
TXN-03-04515,STORE-017,Electronics,BrandE,Mobile,UPC-139241038,SKU-ELE-8564,Tablet,7,7,3,401.24,238.27,162.97,58.73,1.41,0,0,2025-12-05 12:00:00,0,1,1
TXN-03-05674,STORE-011,Apparel,BrandC,Mobile,UPC-289707030,SKU-APP-2192,Shoes,9,9,4,3060.81,1382.86,1677.95,433.04,92.95,0,0,2025-12-20 03:00:00,0,0,1
TXN-03-04683,STORE-020,Apparel,BrandG,In-Store,UPC-117804919,SKU-APP-3523,Dress,2,2,2,524.62,361.56,163.06,283.68,21.37,0,0,2025-12-08 06:00:00,1,0,1
TXN-03-04416,STORE-018,Apparel,BrandH,In-Store,UPC-791580302,SKU-APP-4295,T-Shirt,5,5,2,400.3,283.48,116.82,93.87,13.81,0,0,2025-12-30 20:00:00,1,0,1
TXN-03-06176,STORE-002,Electronics,BrandD,In-Store,UPC-333416760,SKU-ELE-4292,Tablet,3,3,3,801.36,526.94,274.42,278.39,11.27,0,0,2025-12-30 20:00:00,0,0,1
TXN-03-04713,STORE-011,Sports,BrandC,Online,UPC-806660167,SKU-SPO-8255,Backpack,7,7,3,2709.42,1476.89,1232.53,467.4,80.34,0,0,2025-12-19 03:00:00,1,1,1
TXN-03-05999,STORE-010,Electronics,BrandA,In-Store,UPC-486127142,SKU-ELE-3913,Speaker,7,7,0,2537.85,1550.89,986.96,430.48,67.93,0,0,2025-12-21 16:00:00,0,1,1
TXN-03-05670,STORE-010,Home & Garden,BrandG,Mobile,UPC-604244333,SKU-HOM-8514,Cushion,4,4,0,244.56,139.99,104.57,69.84,8.7,0,0,2025-12-04 01:00:00,0,0,1
TXN-03-03185,STORE-008,Electronics,BrandA,Mobile,UPC-911433861,SKU-ELE-1488,Camera,1,1,3,65.25,26.43,38.82,72.13,6.88,0,0,2025-12-04 04:00:00,1,1,1
TXN-03-02977,STORE-012,Grocery,BrandA,In-Store,UPC-146810552,SKU-GRO-5378,Bread,8,8,3,1324.96,578.06,746.9,178.0,12.38,0,0,2025-12-19 12:00:00,1,1,1
TXN-03-03531,STORE-012,Electronics,BrandD,In-Store,UPC-823013896,SKU-ELE-3593,Camera,2,2,3,38.78,29.02,9.76,24.41,5.02,0,0,2025-12-29 07:00:00,1,1,1
TXN-03-02178,STORE-008,Apparel,BrandC,Online,UPC-363897682,SKU-APP-8934,Dress,5,5,1,1175.1,482.75,692.35,310.22,75.2,0,0,2025-12-12 22:00:00,1,0,1
TXN-03-00979,STORE-007,Electronics,BrandG,In-Store,UPC-478783647,SKU-ELE-6607,Speaker,6,6,2,1916.7,789.25,1127.45,393.2,73.75,0,0,2025-12-12 00:00:00,1,1,1
TXN-03-00772,STORE-016,Sports,BrandD,In-Store,UPC-964995317,SKU-SPO-2063,Running Shoes,2,2,2,592.18,427.09,165.09,318.87,22.78,0,0,2025-12-04 08:00:00,1,1,1
TXN-03-02574,STORE-012,Home & Garden,BrandE,Online,UPC-377030577,SKU-HOM-6491,Plant Pot,6,6,4,2528.22,1404.16,1124.06,476.54,55.17,0,0,2025-12-01 01:00:00,0,1,1
TXN-03-01860,STORE-007,Sports,BrandA,In-Store,UPC-207776919,SKU-SPO-4105,Running Shoes,3,3,3,595.26,376.27,218.99,252.55,54.13,0,0,2025-12-24 18:00:00,0,0,1
TXN-03-06354,STORE-020,Apparel,BrandD,In-Store,UPC-565672700,SKU-APP-2805,Socks,6,6,3,69.24,45.45,23.79,16.23,4.69,0,0,2025-12-06 21:00:00,0,0,1
TXN-03-04581,STORE-014,Home & Garden,BrandG,Online,UPC-715850432,SKU-HOM-4413,Chair,7,7,4,357.35,227.29,130.06,71.46,20.41,0,0,2025-12-15 07:00:00,1,0,1
TXN-03-00169,STORE-005,Apparel,BrandB,Online,UPC-795578699,SKU-APP-5909,Scarf,6,6,2,411.54,188.96,222.58,85.48,16.89,0,0,2025-12-09 04:00:00,1,0,1
TXN-03-01634,STORE-020,Sports,BrandH,Mobile,UPC-928852289,SKU-SPO-6420,Cap,2,2,1,185.46,130.73,54.73,122.94,30.21,0,0,2025-12-13 19:00:00,1,0,1
TXN-03-02336,STORE-015,Home & Garden,BrandF,In-Store,UPC-508749676,SKU-HOM-9334,Rug,5,5,1,914.7,522.56,392.14,247.48,64.54,0,0,2025-12-28 16:00:00,0,0,1
TXN-03-00914,STORE-018,Grocery,BrandG,In-Store,UPC-820119472,SKU-GRO-6665,Rice,5,5,3,1953.55,1141.44,812.11,446.04,55.33,0,0,2025-12-16 21:00:00,1,1,1
TXN-03-00812,STORE-002,Electronics,BrandE,Online,UPC-263336051,SKU-ELE-7451,Monitor,5,5,3,383.55,165.99,217.56,108.58,31.87,0,0,2025-12-12 16:00:00,1,1,1
TXN-03-03241,STORE-012,Home & Garden,BrandG,Online,UPC-694479183,SKU-HOM-7625,Vase,7,7,1,1933.61,1131.91,801.7,333.87,57.64,1,0,2025-12-15 06:00:00,1,0,1
TXN-03-03535,STORE-002,Apparel,BrandF,Online,UPC-808320909,SKU-APP-6803,Jacket,8,8,3,1950.88,969.87,981.01,315.36,71.5,1,1,2025-12-26 12:00:00,0,0,1
TXN-03-04465,STORE-009,Apparel,BrandF,In-Store,UPC-552242948,SKU-APP-4017,Jacket,3,3,2,702.66,519.6,183.06,281.04,46.82,1,0,2025-12-23 04:00:00,1,0,1
TXN-03-02189,STORE-020,Apparel,BrandH,In-Store,UPC-873137382,SKU-APP-9995,Hat,2,2,2,740.14,433.93,306.21,393.75,23.68,0,0,2025-12-19 22:00:00,0,0,1
TXN-03-04807,STORE-003,Apparel,BrandA,Mobile,UPC-722254857,SKU-APP-1458,Jeans,2,2,4,358.68,179.35,179.33,254.47,75.13,0,0,2025-12-21 01:00:00,1,0,1
TXN-03-04305,STORE-020,Electronics,BrandG,Mobile,UPC-568991649,SKU-ELE-4524,Charger,3,3,3,67.92,39.11,28.81,26.0,3.36,0,0,2025-12-19 22:00:00,0,1,1
TXN-03-02135,STORE-010,Apparel,BrandE,Mobile,UPC-832744373,SKU-APP-2773,Jeans,3,3,0,1020.24,759.75,260.49,357.04,16.96,1,1,2025-12-07 02:00:00,0,0,1
TXN-03-02787,STORE-020,Grocery,BrandA,In-Store,UPC-488764490,SKU-GRO-8380,Milk,3,3,4,1284.12,654.37,629.75,485.2,57.16,0,0,2025-12-21 14:00:00,1,0,1
TXN-03-05861,STORE-003,Home & Garden,BrandF,Mobile,UPC-751391257,SKU-HOM-5782,Hose,3,3,2,988.05,498.09,489.96,357.4,28.05,0,0,2025-12-04 00:00:00,0,1,1
TXN-03-00093,STORE-016,Grocery,BrandF,Online,UPC-414341329,SKU-GRO-2931,Coffee,4,4,3,1096.16,500.76,595.4,342.83,68.79,0,0,2025-12-10 21:00:00,1,0,1
TXN-03-05871,STORE-010,Electronics,BrandB,Online,UPC-198668876,SKU-ELE-2023,Headphones,8,8,2,1468.48,610.27,858.21,218.88,35.32,0,0,2025-12-01 19:00:00,0,1,1
TXN-03-01272,STORE-009,Home & Garden,BrandE,In-Store,UPC-170524571,SKU-HOM-2881,Cushion,8,8,1,1045.76,626.36,419.4,156.69,25.97,0,0,2025-12-30 12:00:00,0,1,1
TXN-03-04259,STORE-015,Home & Garden,BrandE,Online,UPC-571606579,SKU-HOM-9399,Lamp,7,7,1,3339.56,1477.42,1862.14,478.13,1.05,0,0,2025-12-24 10:00:00,0,1,1
TXN-03-00591,STORE-007,Sports,BrandH,Online,UPC-464363094,SKU-SPO-1477,Yoga Mat,8,8,0,2821.04,1779.78,1041.26,378.61,25.98,0,0,2025-12-05 06:00:00,0,0,1
TXN-03-05539,STORE-018,Apparel,BrandB,Mobile,UPC-115927528,SKU-APP-8538,Jacket,5,5,4,623.95,300.56,323.39,140.15,15.36,0,0,2025-12-06 13:00:00,1,0,1
TXN-03-01669,STORE-010,Home & Garden,BrandF,Mobile,UPC-966356837,SKU-HOM-7125,Chair,2,2,4,769.16,489.46,279.7,459.84,75.26,0,0,2025-12-21 18:00:00,0,0,1
TXN-03-00047,STORE-015,Home & Garden,BrandD,Online,UPC-282241391,SKU-HOM-8021,Vase,5,5,4,764.85,447.99,316.86,214.18,61.21,0,0,2025-12-10 07:00:00,0,0,1
TXN-03-05378,STORE-012,Home & Garden,BrandE,In-Store,UPC-774481717,SKU-HOM-3061,Hose,1,1,3,149.44,94.5,54.94,152.51,3.07,0,0,2025-12-27 09:00:00,1,0,1
TXN-03-03928,STORE-012,Grocery,BrandC,Online,UPC-806575714,SKU-GRO-1872,Pasta,5,5,0,790.3,503.78,286.52,161.31,3.25,0,0,2025-12-25 17:00:00,1,0,1
TXN-03-00232,STORE-004,Grocery,BrandC,In-Store,UPC-436791253,SKU-GRO-6448,Cereal,2,2,1,181.62,114.7,66.92,120.38,29.57,0,0,2025-12-07 20:00:00,1,0,1
TXN-03-03015,STORE-005,Apparel,BrandH,In-Store,UPC-429833735,SKU-APP-1062,Jeans,4,4,4,1190.6,865.93,324.67,318.53,20.88,0,0,2025-12-13 18:00:00,1,1,1
TXN-03-02811,STORE-018,Sports,BrandA,In-Store,UPC-300543122,SKU-SPO-3832,Dumbbell,2,2,0,793.4,520.45,272.95,421.01,24.31,0,0,2025-12-09 13:00:00,1,0,1
TXN-03-04185,STORE-004,Apparel,BrandB,Online,UPC-680222585,SKU-APP-4786,Shoes,5,5,1,2101.35,1094.21,1007.14,448.84,28.57,0,0,2025-12-24 03:00:00,1,0,1
TXN-03-01143,STORE-016,Grocery,BrandF,In-Store,UPC-153933230,SKU-GRO-7848,Coffee,5,5,4,1618.9,778.02,840.88,387.0,63.22,0,0,2025-12-24 20:00:00,1,1,1
TXN-03-01172,STORE-016,Grocery,BrandG,Mobile,UPC-965924572,SKU-GRO-1016,Rice,5,5,2,1899.15,1079.88,819.27,380.98,1.15,0,0,2025-12-12 11:00:00,1,0,1
TXN-03-06368,STORE-012,Electronics,BrandE,Mobile,UPC-740928678,SKU-ELE-9458,Tablet,2,2,3,156.16,75.87,80.29,81.39,3.31,1,1,2025-12-05 07:00:00,0,0,1
TXN-03-05778,STORE-008,Sports,BrandG,Online,UPC-792600496,SKU-SPO-3152,Water Bottle,4,4,1,368.6,223.83,144.77,129.09,36.94,0,0,2025-12-26 05:00:00,0,1,1
TXN-03-00705,STORE-016,Apparel,BrandC,Online,UPC-535663888,SKU-APP-2256,Scarf,1,1,4,308.21,200.91,107.3,339.37,31.16,0,0,2025-12-02 21:00:00,1,1,1
TXN-03-01706,STORE-008,Electronics,BrandH,Online,UPC-135752531,SKU-ELE-9907,Phone,4,4,0,1230.96,678.3,552.66,335.41,27.67,0,0,2025-12-06 12:00:00,1,0,1
TXN-03-02393,STORE-013,Grocery,BrandA,In-Store,UPC-921368484,SKU-GRO-9547,Bread,8,8,3,623.92,443.32,180.6,85.22,7.23,0,0,2025-12-01 18:00:00,1,1,1
TXN-03-04063,STORE-008,Home & Garden,BrandE,In-Store,UPC-774047626,SKU-HOM-7716,Lamp,7,7,4,699.65,496.87,202.78,110.25,10.3,0,0,2025-12-07 02:00:00,1,0,1
TXN-03-01693,STORE-017,Grocery,BrandA,Online,UPC-381639083,SKU-GRO-8496,Cereal,9,9,3,1806.75,1067.83,738.92,247.85,47.1,0,0,2025-12-11 12:00:00,0,0,1
TXN-03-02277,STORE-013,Home & Garden,BrandG,In-Store,UPC-845246058,SKU-HOM-3601,Hose,5,5,1,451.75,199.74,252.01,115.51,25.16,0,0,2025-12-27 20:00:00,1,1,1
TXN-03-02870,STORE-010,Home & Garden,BrandD,Online,UPC-170530603,SKU-HOM-8499,Hose,8,8,3,2336.64,1743.93,592.71,314.35,22.27,0,0,2025-12-20 09:00:00,1,0,1
TXN-03-05114,STORE-001,Grocery,BrandG,In-Store,UPC-342476290,SKU-GRO-4257,Coffee,7,7,2,690.13,292.89,397.24,116.68,18.09,0,0,2025-12-17 20:00:00,1,0,1
TXN-03-05380,STORE-007,Grocery,BrandA,Mobile,UPC-534135200,SKU-GRO-9209,Bread,4,4,2,26.12,12.71,13.41,6.69,0.16,0,0,2025-12-22 03:00:00,1,0,1
TXN-03-02572,STORE-020,Electronics,BrandE,In-Store,UPC-266974005,SKU-ELE-3371,Monitor,2,2,4,509.8,335.49,174.31,309.26,54.36,0,0,2025-12-12 07:00:00,1,1,1
TXN-03-01575,STORE-008,Grocery,BrandC,Online,UPC-914894011,SKU-GRO-1294,Pasta,4,4,4,278.12,143.55,134.57,92.95,23.42,0,0,2025-12-07 07:00:00,1,0,1
TXN-03-03141,STORE-011,Apparel,BrandE,In-Store,UPC-111429743,SKU-APP-3641,Hat,1,1,3,366.03,241.22,124.81,469.88,103.85,0,0,2025-12-03 07:00:00,0,0,1
TXN-03-04427,STORE-014,Electronics,BrandA,In-Store,UPC-571632083,SKU-ELE-2933,Camera,9,9,4,467.55,249.56,217.99,73.22,21.27,0,0,2025-12-11 00:00:00,0,0,1
TXN-03-02033,STORE-007,Grocery,BrandD,In-Store,UPC-270510474,SKU-GRO-1887,Snack Bar,7,7,4,2281.16,1019.67,1261.49,369.33,43.45,0,0,2025-12-18 03:00:00,1,0,1
TXN-03-00944,STORE-006,Home & Garden,BrandG,In-Store,UPC-538427784,SKU-HOM-6032,Rug,7,7,2,3091.69,1983.34,1108.35,488.53,46.86,0,0,2025-12-14 21:00:00,1,0,1
TXN-03-01882,STORE-004,Apparel,BrandE,In-Store,UPC-975661758,SKU-APP-8875,Shoes,2,2,0,725.26,385.69,339.57,373.2,10.57,0,0,2025-12-01 08:00:00,0,0,1
TXN-03-00769,STORE-001,Electronics,BrandE,In-Store,UPC-204979139,SKU-ELE-9411,Headphones,6,6,4,163.86,78.34,85.52,30.41,3.1,0,0,2025-12-25 08:00:00,0,0,1
TXN-03-04880,STORE-008,Electronics,BrandF,In-Store,UPC-563977148,SKU-ELE-4953,Speaker,2,2,4,141.8,93.88,47.92,96.04,25.14,0,0,2025-12-26 16:00:00,1,0,1
TXN-03-05928,STORE-017,Electronics,BrandB,Mobile,UPC-981511750,SKU-ELE-7015,Headphones,9,9,2,2627.73,1101.49,1526.24,294.38,2.41,0,0,2025-12-10 03:00:00,1,0,1
TXN-03-02994,STORE-008,Grocery,BrandF,In-Store,UPC-720200485,SKU-GRO-4121,Cereal,2,2,1,720.22,404.24,315.98,390.61,30.5,0,0,2025-12-06 21:00:00,1,0,1
TXN-03-00568,STORE-020,Apparel,BrandF,Online,UPC-862920219,SKU-APP-3786,Scarf,8,8,4,2241.28,941.28,1300.0,284.97,4.81,0,0,2025-12-02 12:00:00,1,1,1
TXN-03-02388,STORE-005,Apparel,BrandA,In-Store,UPC-813371412,SKU-APP-1117,Jacket,3,3,4,159.36,69.43,89.93,69.4,16.28,0,0,2025-12-02 10:00:00,1,0,1
TXN-03-05615,STORE-018,Home & Garden,BrandG,In-Store,UPC-516275648,SKU-HOM-7643,Cushion,8,8,1,1464.64,881.53,583.11,184.06,0.98,0,0,2025-12-25 02:00:00,0,0,1
TXN-03-03667,STORE-019,Apparel,BrandB,Online,UPC-187299505,SKU-APP-6752,T-Shirt,7,7,3,2903.88,1622.92,1280.96,426.05,11.21,0,0,2025-12-30 22:00:00,0,0,1
TXN-03-00479,STORE-020,Electronics,BrandE,In-Store,UPC-674538850,SKU-ELE-8970,Speaker,3,3,3,111.06,45.3,65.76,38.47,1.45,0,0,2025-12-09 08:00:00,0,1,1
TXN-03-02614,STORE-007,Apparel,BrandH,In-Store,UPC-183150337,SKU-APP-2333,Shoes,8,8,2,3486.56,1668.02,1818.54,438.62,2.8,0,0,2025-12-01 06:00:00,1,0,1
TXN-03-00635,STORE-003,Apparel,BrandG,Mobile,UPC-230956920,SKU-APP-9806,Jacket,9,9,4,1861.92,942.55,919.37,211.45,4.57,0,0,2025-12-03 12:00:00,0,0,1
TXN-03-01435,STORE-009,Home & Garden,BrandC,In-Store,UPC-116574458,SKU-HOM-8058,Chair,1,1,3,283.59,203.14,80.45,338.94,55.35,1,0,2025-12-13 01:00:00,1,0,1
TXN-03-01376,STORE-013,Grocery,BrandF,Online,UPC-738985713,SKU-GRO-9731,Coffee,1,1,1,71.63,34.07,37.56,72.0,0.37,0,0,2025-12-06 11:00:00,1,0,1
TXN-03-03794,STORE-011,Home & Garden,BrandB,Mobile,UPC-376478538,SKU-HOM-9340,Cushion,5,5,2,348.55,161.42,187.13,87.33,17.62,0,0,2025-12-16 18:00:00,0,0,1
TXN-03-04186,STORE-002,Electronics,BrandB,In-Store,UPC-313614296,SKU-ELE-6496,Speaker,4,4,4,1218.24,738.24,480.0,379.34,74.78,0,0,2025-12-19 07:00:00,0,1,1
TXN-03-02224,STORE-014,Grocery,BrandA,In-Store,UPC-939513689,SKU-GRO-7273,Bread,9,9,2,1306.8,660.21,646.59,152.1,6.9,0,0,2025-12-05 11:00:00,1,1,1
TXN-03-02287,STORE-017,Grocery,BrandE,In-Store,UPC-550729402,SKU-GRO-1680,Pasta,2,2,3,687.58,294.18,393.4,402.02,58.23,0,0,2025-12-03 23:00:00,1,0,1
TXN-03-01810,STORE-013,Grocery,BrandD,In-Store,UPC-104572054,SKU-GRO-7763,Bread,7,7,3,2911.79,1783.92,1127.87,479.82,63.85,0,0,2025-12-30 13:00:00,0,0,1
TXN-03-05511,STORE-017,Apparel,BrandH,In-Store,UPC-290488549,SKU-APP-3080,Dress,8,8,1,1584.96,695.7,889.26,198.52,0.4,0,0,2025-12-04 04:00:00,0,0,1
TXN-03-05271,STORE-015,Electronics,BrandF,Online,UPC-661241391,SKU-ELE-1015,Headphones,5,5,4,1247.3,794.05,453.25,283.94,34.48,0,0,2025-12-24 00:00:00,0,0,1
TXN-03-05208,STORE-004,Electronics,BrandA,In-Store,UPC-713542235,SKU-ELE-8165,Monitor,1,1,2,387.27,209.46,177.81,432.48,45.21,0,0,2025-12-26 09:00:00,1,1,1
TXN-03-06050,STORE-001,Grocery,BrandD,In-Store,UPC-235240087,SKU-GRO-7065,Cereal,4,4,3,477.28,342.78,134.5,168.87,49.55,0,0,2025-12-28 22:00:00,1,0,1
TXN-03-01951,STORE-008,Electronics,BrandB,Online,UPC-117406948,SKU-ELE-9256,Monitor,1,1,4,336.81,179.83,156.98,359.08,22.27,1,1,2025-12-26 00:00:00,0,1,1
TXN-03-01550,STORE-011,Electronics,BrandF,In-Store,UPC-152333283,SKU-ELE-5470,Tablet,3,3,0,1082.7,526.5,556.2,454.73,93.83,0,0,2025-12-01 13:00:00,1,0,1
TXN-03-05610,STORE-014,Home & Garden,BrandE,In-Store,UPC-563623270,SKU-HOM-7935,Hose,9,9,1,2754.18,1574.77,1179.41,372.66,66.64,0,0,2025-12-09 23:00:00,0,0,1
TXN-03-04719,STORE-012,Apparel,BrandB,Mobile,UPC-138501145,SKU-APP-7695,Dress,2,2,1,315.3,220.39,94.91,214.38,56.73,0,0,2025-12-08 19:00:00,0,1,1
TXN-03-02978,STORE-003,Grocery,BrandB,Online,UPC-497505746,SKU-GRO-7941,Cereal,9,9,4,983.16,653.83,329.33,154.49,45.25,0,0,2025-12-08 21:00:00,0,0,1
TXN-03-04198,STORE-004,Apparel,BrandB,Mobile,UPC-474278220,SKU-APP-5246,Socks,9,9,3,538.56,391.89,146.67,72.75,12.91,0,0,2025-12-21 20:00:00,0,0,1
TXN-03-05889,STORE-009,Electronics,BrandD,Online,UPC-413628454,SKU-ELE-2581,Charger,9,9,1,2255.4,1662.91,592.49,257.17,6.57,0,0,2025-12-05 13:00:00,0,0,1
TXN-03-05628,STORE-012,Home & Garden,BrandC,In-Store,UPC-103394605,SKU-HOM-4355,Rug,8,8,3,796.08,582.87,213.21,127.74,28.23,0,0,2025-12-01 21:00:00,0,0,1
TXN-03-00075,STORE-005,Home & Garden,BrandG,Online,UPC-290728070,SKU-HOM-6696,Hose,8,8,0,2476.0,1089.39,1386.61,332.45,22.95,0,0,2025-12-24 16:00:00,1,0,1
TXN-03-05579,STORE-003,Home & Garden,BrandG,In-Store,UPC-472490739,SKU-HOM-9945,Hose,2,2,4,472.5,267.85,204.65,276.55,40.3,0,0,2025-12-16 03:00:00,1,0,1
TXN-03-01253,STORE-006,Sports,BrandD,Mobile,UPC-194777830,SKU-SPO-7743,Cap,8,8,2,3073.12,1722.5,1350.62,487.06,102.92,0,0,2025-12-15 20:00:00,0,0,1
TXN-03-01905,STORE-006,Home & Garden,BrandB,In-Store,UPC-999902540,SKU-HOM-1610,Hose,7,7,4,2679.32,1320.51,1358.81,417.93,35.17,0,0,2025-12-14 17:00:00,1,1,1
TXN-03-02274,STORE-015,Apparel,BrandG,In-Store,UPC-619278622,SKU-APP-1472,Scarf,7,7,2,1447.04,599.03,848.01,209.52,2.8,0,0,2025-12-14 01:00:00,1,0,1
TXN-03-00381,STORE-010,Sports,BrandE,Mobile,UPC-635856533,SKU-SPO-3216,Water Bottle,8,8,4,2175.68,1152.39,1023.29,298.91,26.95,0,0,2025-12-10 17:00:00,0,1,1
TXN-03-01097,STORE-005,Electronics,BrandH,In-Store,UPC-321759911,SKU-ELE-2259,Phone,5,5,3,464.5,235.24,229.26,108.68,15.78,0,0,2025-12-15 07:00:00,1,0,1
TXN-03-03131,STORE-014,Sports,BrandH,Online,UPC-196679097,SKU-SPO-3210,Yoga Mat,3,3,2,980.79,648.16,332.63,366.04,39.11,0,0,2025-12-17 10:00:00,0,0,1
TXN-03-03622,STORE-007,Sports,BrandH,In-Store,UPC-465425193,SKU-SPO-5564,Resistance Band,8,8,1,1283.04,936.46,346.58,225.33,64.95,0,0,2025-12-18 11:00:00,1,0,1
TXN-03-02151,STORE-004,Apparel,BrandB,In-Store,UPC-581474372,SKU-APP-8405,Jacket,2,2,0,496.58,323.93,172.65,291.73,43.44,0,0,2025-12-02 03:00:00,1,0,1
TXN-03-02843,STORE-011,Sports,BrandG,Mobile,UPC-653830190,SKU-SPO-1050,Cap,7,7,1,1958.25,1016.01,942.24,382.74,102.99,0,0,2025-12-30 16:00:00,0,0,1
TXN-03-00858,STORE-018,Home & Garden,BrandF,Online,UPC-320124596,SKU-HOM-6199,Lamp,5,5,0,2415.4,1198.51,1216.89,485.83,2.75,0,0,2025-12-26 19:00:00,0,0,1
TXN-03-02436,STORE-018,Home & Garden,BrandE,Online,UPC-653603248,SKU-HOM-1760,Vase,9,9,4,2495.88,1103.52,1392.36,359.99,82.67,0,0,2025-12-24 19:00:00,0,0,1
TXN-03-04896,STORE-011,Grocery,BrandC,Mobile,UPC-195766477,SKU-GRO-1382,Pasta,7,7,2,3291.54,1392.71,1898.83,480.29,10.07,0,0,2025-12-13 03:00:00,1,0,1
TXN-03-02252,STORE-002,Home & Garden,BrandF,In-Store,UPC-543644090,SKU-HOM-8228,Vase,8,8,4,2607.28,1088.3,1518.98,449.07,123.16,0,0,2025-12-11 08:00:00,1,0,1
TXN-03-04447,STORE-004,Apparel,BrandH,In-Store,UPC-585361108,SKU-APP-8785,Socks,3,3,3,870.18,350.03,520.15,375.3,85.24,0,0,2025-12-24 22:00:00,1,0,1
TXN-03-01726,STORE-014,Home & Garden,BrandB,In-Store,UPC-412303643,SKU-HOM-2892,Rug,7,7,1,3000.69,1709.78,1290.91,467.39,38.72,0,0,2025-12-21 06:00:00,1,0,1
TXN-03-00670,STORE-002,Sports,BrandB,In-Store,UPC-825142774,SKU-SPO-5951,Dumbbell,4,4,3,756.0,498.07,257.93,221.39,32.39,1,0,2025-12-29 04:00:00,1,1,1
TXN-03-02949,STORE-013,Electronics,BrandH,Online,UPC-365341221,SKU-ELE-5076,Camera,1,1,2,311.41,172.37,139.04,323.71,12.3,0,0,2025-12-17 19:00:00,1,0,1
TXN-03-05301,STORE-012,Apparel,BrandA,Mobile,UPC-702500008,SKU-APP-4001,Jeans,7,7,2,2245.74,1084.46,1161.28,377.44,56.62,0,0,2025-12-04 17:00:00,1,0,1
TXN-03-03118,STORE-018,Home & Garden,BrandB,Online,UPC-748188661,SKU-HOM-6645,Hose,1,1,3,304.99,171.66,133.33,368.59,63.6,0,0,2025-12-29 17:00:00,0,0,1
TXN-03-02966,STORE-013,Electronics,BrandF,In-Store,UPC-325436480,SKU-ELE-3530,Speaker,3,3,0,1035.72,654.1,381.62,490.93,145.69,0,0,2025-12-27 19:00:00,1,0,1
TXN-03-03730,STORE-012,Electronics,BrandA,In-Store,UPC-745048735,SKU-ELE-6758,Laptop,7,7,0,128.52,73.65,54.87,20.21,1.85,0,0,2025-12-20 14:00:00,1,0,1
TXN-03-01681,STORE-016,Apparel,BrandA,Online,UPC-124616945,SKU-APP-6419,Scarf,7,7,4,1509.69,635.13,874.56,247.34,31.67,0,0,2025-12-05 23:00:00,0,0,1
TXN-03-02443,STORE-005,Grocery,BrandE,In-Store,UPC-274218498,SKU-GRO-5583,Juice,3,3,3,128.88,92.54,36.34,58.62,15.66,0,0,2025-12-03 10:00:00,0,1,1
TXN-03-02114,STORE-012,Home & Garden,BrandC,Mobile,UPC-416799847,SKU-HOM-7956,Rug,1,1,3,14.11,9.75,4.36,19.17,5.06,0,0,2025-12-28 00:00:00,0,1,1
TXN-03-04035,STORE-002,Sports,BrandD,Mobile,UPC-749533655,SKU-SPO-7765,Backpack,7,7,1,2883.58,1682.3,1201.28,422.56,10.62,0,0,2025-12-29 16:00:00,1,1,1
TXN-03-01641,STORE-019,Electronics,BrandG,In-Store,UPC-818197735,SKU-ELE-2753,Tablet,9,9,4,1346.4,762.36,584.04,167.55,17.95,0,0,2025-12-17 15:00:00,1,0,1
TXN-03-00483,STORE-016,Sports,BrandG,Online,UPC-500714212,SKU-SPO-2720,Yoga Mat,5,5,4,545.15,361.62,183.53,111.97,2.94,0,0,2025-12-01 13:00:00,1,1,1
TXN-03-05000,STORE-009,Apparel,BrandH,Online,UPC-814329150,SKU-APP-2291,Socks,3,3,3,144.48,68.47,76.01,48.62,0.46,0,0,2025-12-30 11:00:00,1,0,1
TXN-03-04704,STORE-005,Sports,BrandA,Online,UPC-540903964,SKU-SPO-8641,Yoga Mat,6,6,0,2081.88,1302.26,779.62,408.12,61.14,0,0,2025-12-19 09:00:00,0,1,1
TXN-03-02995,STORE-020,Apparel,BrandG,In-Store,UPC-713491503,SKU-APP-1492,Hat,5,5,3,1179.6,562.66,616.94,242.42,6.5,0,0,2025-12-14 20:00:00,1,0,1
TXN-03-05641,STORE-013,Home & Garden,BrandD,Online,UPC-788824560,SKU-HOM-7368,Rug,2,2,3,539.82,254.91,284.91,292.95,23.04,0,0,2025-12-14 22:00:00,0,0,1
TXN-03-00796,STORE-020,Grocery,BrandH,In-Store,UPC-216823285,SKU-GRO-6746,Milk,5,5,4,1713.5,740.53,972.97,386.2,43.5,0,0,2025-12-20 21:00:00,1,1,1
TXN-03-02922,STORE-010,Apparel,BrandE,Mobile,UPC-550396435,SKU-APP-2137,Dress,8,8,1,971.36,389.78,581.58,152.23,30.81,0,0,2025-12-01 18:00:00,1,0,1
TXN-03-05011,STORE-011,Home & Garden,BrandH,Online,UPC-749736679,SKU-HOM-7868,Chair,2,2,1,242.58,130.13,112.45,132.0,10.71,0,0,2025-12-27 02:00:00,0,1,1
TXN-03-03437,STORE-015,Sports,BrandG,In-Store,UPC-673796293,SKU-SPO-8391,Backpack,5,5,3,1908.8,970.92,937.88,476.69,94.93,0,0,2025-12-17 21:00:00,1,1,1
TXN-03-05125,STORE-013,Home & Garden,BrandH,In-Store,UPC-546578480,SKU-HOM-3494,Tool Set,1,1,3,140.83,82.44,58.39,145.23,4.4,0,0,2025-12-12 01:00:00,0,0,1
TXN-03-03756,STORE-012,Home & Garden,BrandF,In-Store,UPC-142467680,SKU-HOM-7274,Lamp,8,8,2,3310.8,1482.84,1827.96,492.07,78.22,0,0,2025-12-26 16:00:00,1,1,1
TXN-03-04404,STORE-006,Sports,BrandA,Online,UPC-375363862,SKU-SPO-6280,Jersey,6,6,3,1200.18,811.12,389.06,267.93,67.9,0,0,2025-12-09 13:00:00,1,0,1
TXN-03-05203,STORE-020,Sports,BrandD,Online,UPC-727970486,SKU-SPO-7198,Cap,9,9,1,2155.23,1048.96,1106.27,337.24,97.77,0,0,2025-12-25 17:00:00,0,0,1
TXN-03-00500,STORE-007,Grocery,BrandE,In-Store,UPC-129154750,SKU-GRO-4586,Cereal,5,5,1,1008.45,553.49,454.96,217.79,16.1,0,0,2025-12-09 11:00:00,1,1,1
TXN-03-05668,STORE-014,Electronics,BrandC,In-Store,UPC-649182349,SKU-ELE-7474,Monitor,1,1,3,66.2,40.58,25.62,92.0,25.8,0,0,2025-12-10 04:00:00,1,0,1
TXN-03-04119,STORE-012,Electronics,BrandD,Online,UPC-466656976,SKU-ELE-5382,Camera,6,6,3,827.28,439.66,387.62,175.01,37.13,0,0,2025-12-09 08:00:00,1,0,1
TXN-03-04778,STORE-002,Home & Garden,BrandE,In-Store,UPC-195540853,SKU-HOM-8648,Hose,3,3,3,352.92,182.9,170.02,127.99,10.35,0,0,2025-12-26 14:00:00,1,1,1
TXN-03-04549,STORE-019,Home & Garden,BrandC,In-Store,UPC-313509286,SKU-HOM-9409,Chair,4,4,1,251.92,141.21,110.71,65.62,2.64,0,0,2025-12-01 13:00:00,1,0,1
TXN-03-04987,STORE-015,Grocery,BrandD,Online,UPC-800480647,SKU-GRO-7592,Juice,4,4,2,1262.8,914.93,347.87,388.89,73.19,0,0,2025-12-23 11:00:00,1,0,1
TXN-03-01999,STORE-008,Electronics,BrandA,Online,UPC-630752924,SKU-ELE-2994,Monitor,3,3,2,134.73,80.6,54.13,50.02,5.11,0,0,2025-12-22 12:00:00,1,0,1
TXN-03-16409,STORE-002,Electronics,BrandF,In-Store,UPC-394179904,SKU-ELE-9875,Laptop,7,7,1,2849.63,1396.52,1453.11,440.53,33.44,0,0,2025-12-21 00:00:00,1,0,1
TXN-03-03529,STORE-013,Grocery,BrandC,In-Store,UPC-288858439,SKU-GRO-4053,Bread,2,2,4,74.12,51.21,22.91,48.82,11.76,0,0,2025-12-26 15:00:00,1,0,1
TXN-03-02053,STORE-018,Grocery,BrandH,Online,UPC-840573513,SKU-GRO-2573,Milk,3,3,1,164.88,71.88,93.0,66.58,11.62,0,0,2025-12-28 13:00:00,1,1,1
TXN-03-04568,STORE-003,Electronics,BrandE,Online,UPC-713631763,SKU-ELE-7634,Camera,5,5,0,2282.15,1290.27,991.88,465.37,8.94,0,0,2025-12-29 17:00:00,1,1,1
TXN-03-06035,STORE-004,Grocery,BrandC,Mobile,UPC-878245759,SKU-GRO-9525,Bread,6,6,1,2585.22,1345.94,1239.28,499.8,68.93,0,0,2025-12-09 03:00:00,0,0,1
TXN-03-05818,STORE-001,Apparel,BrandF,Online,UPC-150012859,SKU-APP-5369,T-Shirt,3,3,2,667.65,444.58,223.07,283.68,61.13,1,1,2025-12-29 01:00:00,0,1,1
TXN-03-04340,STORE-010,Home & Garden,BrandG,In-Store,UPC-512008431,SKU-HOM-7693,Tool Set,7,7,0,859.11,368.29,490.82,125.59,2.86,0,0,2025-12-12 01:00:00,0,1,1
TXN-03-00921,STORE-019,Electronics,BrandH,Online,UPC-403588085,SKU-ELE-6577,Headphones,8,8,0,901.6,396.74,504.86,118.75,6.05,0,0,2025-12-07 06:00:00,1,1,1
TXN-03-06124,STORE-009,Apparel,BrandA,In-Store,UPC-867891659,SKU-APP-6319,Jacket,7,7,2,326.06,190.2,135.86,63.32,16.74,0,0,2025-12-05 08:00:00,1,0,1
TXN-03-02575,STORE-020,Electronics,BrandH,Online,UPC-687755625,SKU-ELE-1706,Charger,5,5,3,1945.6,1378.32,567.28,393.68,4.56,0,0,2025-12-26 22:00:00,0,0,1
TXN-03-05411,STORE-007,Grocery,BrandA,Online,UPC-541830784,SKU-GRO-2401,Pasta,8,8,1,2468.24,1073.04,1395.2,428.67,120.14,0,0,2025-12-17 06:00:00,0,0,1
TXN-03-00653,STORE-018,Electronics,BrandB,In-Store,UPC-899236899,SKU-ELE-6560,Laptop,3,3,3,296.79,200.27,96.52,117.88,18.95,0,0,2025-12-26 20:00:00,1,0,1
TXN-03-01400,STORE-017,Home & Garden,BrandE,Mobile,UPC-848317842,SKU-HOM-9338,Cushion,1,1,1,273.24,194.45,78.79,330.44,57.2,0,0,2025-12-01 11:00:00,1,1,1
TXN-03-02359,STORE-007,Apparel,BrandG,In-Store,UPC-953327621,SKU-APP-5136,Hat,5,5,0,1952.15,940.18,1011.97,441.92,51.49,0,0,2025-12-24 20:00:00,0,0,1
TXN-03-06369,STORE-013,Grocery,BrandA,In-Store,UPC-505415467,SKU-GRO-7552,Milk,4,4,1,660.4,477.51,182.89,208.88,43.78,0,0,2025-12-21 08:00:00,1,0,1
TXN-03-04336,STORE-008,Apparel,BrandE,In-Store,UPC-914182935,SKU-APP-9455,Scarf,5,5,1,919.55,376.97,542.58,251.93,68.02,0,0,2025-12-08 04:00:00,1,1,1
TXN-03-06375,STORE-003,Sports,BrandD,Online,UPC-757593550,SKU-SPO-8398,Yoga Mat,6,6,2,614.76,343.76,271.0,104.86,2.4,0,0,2025-12-21 18:00:00,0,0,1
TXN-03-00954,STORE-003,Electronics,BrandB,Mobile,UPC-606323629,SKU-ELE-5613,Phone,2,2,1,92.06,48.04,44.02,50.26,4.23,0,0,2025-12-10 07:00:00,0,0,1
TXN-03-01259,STORE-014,Apparel,BrandC,Online,UPC-380006425,SKU-APP-9587,Jacket,3,3,0,975.45,641.94,333.51,431.87,106.72,0,0,2025-12-13 13:00:00,1,0,1
TXN-03-06252,STORE-001,Apparel,BrandB,In-Store,UPC-716846249,SKU-APP-6941,Dress,1,1,1,124.09,63.56,60.53,173.0,48.91,0,0,2025-12-04 21:00:00,1,0,1
TXN-03-05625,STORE-016,Home & Garden,BrandE,Online,UPC-645377433,SKU-HOM-4745,Plant Pot,1,1,1,70.33,51.32,19.01,94.86,24.53,0,0,2025-12-05 03:00:00,1,0,1
TXN-03-05623,STORE-004,Sports,BrandD,In-Store,UPC-754694724,SKU-SPO-3634,Cap,1,1,3,164.39,107.65,56.74,181.38,16.99,0,0,2025-12-20 19:00:00,0,1,1
TXN-03-02636,STORE-015,Apparel,BrandC,In-Store,UPC-877042938,SKU-APP-3906,T-Shirt,3,3,2,177.69,112.22,65.47,79.85,20.62,0,0,2025-12-14 04:00:00,1,0,1
TXN-03-06074,STORE-015,Home & Garden,BrandF,Mobile,UPC-216063090,SKU-HOM-7184,Chair,7,7,3,987.28,552.29,434.99,162.5,21.46,0,0,2025-12-27 16:00:00,0,0,1
TXN-03-05824,STORE-005,Electronics,BrandE,Online,UPC-216172004,SKU-ELE-3281,Camera,9,9,0,1174.86,855.1,319.76,163.35,32.81,0,0,2025-12-07 19:00:00,0,0,1
TXN-03-04317,STORE-001,Electronics,BrandD,In-Store,UPC-931942201,SKU-ELE-9664,Camera,9,9,1,1888.83,888.71,1000.12,254.47,44.6,0,0,2025-12-04 15:00:00,0,0,1
TXN-03-01582,STORE-012,Grocery,BrandD,In-Store,UPC-686715870,SKU-GRO-5654,Coffee,1,1,4,28.59,19.96,8.63,38.67,10.08,0,0,2025-12-11 04:00:00,1,0,1
TXN-03-04144,STORE-002,Electronics,BrandG,In-Store,UPC-163986971,SKU-ELE-5867,Speaker,8,8,0,1776.16,754.53,1021.63,281.22,59.2,0,0,2025-12-20 06:00:00,1,0,1
TXN-03-05476,STORE-015,Sports,BrandB,Online,UPC-135538161,SKU-SPO-1152,Yoga Mat,9,9,3,1090.8,803.5,287.3,159.96,38.76,0,0,2025-12-08 10:00:00,1,0,1
TXN-03-04352,STORE-019,Electronics,BrandD,Mobile,UPC-951164742,SKU-ELE-3903,Tablet,2,2,3,11.18,7.18,4.0,5.65,0.06,0,0,2025-12-31 00:00:00,1,0,1
TXN-03-01709,STORE-016,Electronics,BrandG,Online,UPC-844145195,SKU-ELE-9661,Charger,8,8,0,3752.8,2306.12,1446.68,494.98,25.88,0,0,2025-12-05 08:00:00,1,1,1
TXN-03-01719,STORE-013,Apparel,BrandC,In-Store,UPC-772093132,SKU-APP-6031,Jeans,4,4,1,1420.36,808.38,611.98,393.25,38.16,1,0,2025-12-31 00:00:00,1,1,1
TXN-03-04952,STORE-020,Grocery,BrandC,In-Store,UPC-444727123,SKU-GRO-6698,Juice,9,9,2,2720.79,1278.72,1442.07,330.32,28.01,0,0,2025-12-21 05:00:00,1,1,1
TXN-03-03542,STORE-008,Electronics,BrandC,Online,UPC-176995638,SKU-ELE-7720,Phone,7,7,1,1980.44,1258.72,721.72,299.66,16.74,0,0,2025-12-01 22:00:00,1,0,1
TXN-03-01552,STORE-018,Apparel,BrandH,In-Store,UPC-958065745,SKU-APP-6775,Dress,6,6,4,2257.92,1240.63,1017.29,383.04,6.72,0,0,2025-12-06 12:00:00,1,0,1
TXN-03-04384,STORE-003,Apparel,BrandD,Mobile,UPC-676754921,SKU-APP-8366,Hat,1,1,0,146.8,62.46,84.34,179.44,32.64,0,0,2025-12-04 21:00:00,1,0,1
TXN-03-03893,STORE-018,Apparel,BrandD,Online,UPC-835748359,SKU-APP-9373,T-Shirt,6,6,3,785.88,335.76,450.12,140.03,9.05,0,0,2025-12-08 18:00:00,0,1,1
TXN-03-02651,STORE-015,Sports,BrandG,In-Store,UPC-523443579,SKU-SPO-6266,Dumbbell,7,7,2,337.33,164.89,172.44,67.92,19.73,0,0,2025-12-09 07:00:00,0,1,1
TXN-03-05485,STORE-006,Electronics,BrandE,Online,UPC-640056246,SKU-ELE-1228,Camera,2,2,2,734.44,458.64,275.8,454.26,87.04,0,0,2025-12-16 09:00:00,0,0,1
TXN-03-03944,STORE-001,Home & Garden,BrandC,Online,UPC-603039439,SKU-HOM-4674,Lamp,4,4,1,397.6,179.03,218.57,133.2,33.8,0,0,2025-12-28 10:00:00,0,0,1
TXN-03-05691,STORE-007,Electronics,BrandB,Online,UPC-161464708,SKU-ELE-7884,Monitor,8,8,2,1430.96,1015.93,415.03,255.41,76.54,0,0,2025-12-25 08:00:00,1,0,1
TXN-03-04947,STORE-020,Home & Garden,BrandD,In-Store,UPC-374463791,SKU-HOM-3466,Hose,6,6,4,1212.54,565.58,646.96,214.21,12.12,0,0,2025-12-26 23:00:00,0,0,1
TXN-03-03953,STORE-006,Electronics,BrandE,In-Store,UPC-761133768,SKU-ELE-4224,Laptop,1,1,4,367.14,217.71,149.43,438.9,71.76,0,0,2025-12-26 04:00:00,1,1,1
TXN-03-02021,STORE-018,Electronics,BrandF,In-Store,UPC-650221496,SKU-ELE-3872,Monitor,7,7,3,507.78,360.22,147.56,93.68,21.14,0,0,2025-12-13 21:00:00,0,1,1
TXN-03-04620,STORE-017,Grocery,BrandH,In-Store,UPC-565066967,SKU-GRO-5599,Pasta,5,5,3,1260.9,729.98,530.92,295.3,43.12,0,0,2025-12-03 17:00:00,0,1,1
TXN-03-05012,STORE-014,Grocery,BrandD,In-Store,UPC-526843207,SKU-GRO-7623,Cereal,6,6,4,501.96,284.17,217.79,103.75,20.09,0,0,2025-12-06 19:00:00,1,0,1
TXN-03-04513,STORE-019,Electronics,BrandA,In-Store,UPC-359885156,SKU-ELE-5523,Headphones,1,1,3,83.57,55.8,27.77,103.21,19.64,0,0,2025-12-08 14:00:00,1,0,1
TXN-03-05929,STORE-014,Apparel,BrandB,Online,UPC-732919202,SKU-APP-4751,Jeans,7,7,0,170.94,123.37,47.57,26.13,1.71,0,0,2025-12-24 00:00:00,1,0,1
TXN-03-04655,STORE-015,Grocery,BrandD,In-Store,UPC-700787812,SKU-GRO-6268,Coffee,9,9,2,214.56,90.0,124.56,31.09,7.25,0,0,2025-12-09 04:00:00,1,0,1
TXN-03-00217,STORE-019,Electronics,BrandG,In-Store,UPC-668952208,SKU-ELE-7332,Camera,1,1,3,70.85,34.0,36.85,83.97,13.12,0,0,2025-12-06 12:00:00,1,0,1
TXN-03-00005,STORE-016,Grocery,BrandH,In-Store,UPC-799997363,SKU-GRO-4436,Bread,3,3,0,220.26,95.1,125.16,79.71,6.29,0,0,2025-12-06 07:00:00,1,0,1
TXN-03-00324,STORE-005,Electronics,BrandE,In-Store,UPC-635676497,SKU-ELE-2371,Headphones,8,8,1,497.76,233.34,264.42,66.85,4.63,0,0,2025-12-24 00:00:00,0,1,1
TXN-03-04322,STORE-008,Home & Garden,BrandE,In-Store,UPC-869378432,SKU-HOM-1211,Lamp,8,8,0,119.28,51.29,67.99,15.32,0.41,1,0,2025-12-26 20:00:00,0,1,1
TXN-03-01064,STORE-014,Sports,BrandC,In-Store,UPC-601913176,SKU-SPO-2556,Yoga Mat,6,6,1,1262.82,545.39,717.43,268.46,57.99,0,0,2025-12-25 23:00:00,1,1,1
TXN-03-03974,STORE-014,Home & Garden,BrandA,Online,UPC-961529398,SKU-HOM-9437,Cushion,4,4,1,1884.96,1059.51,825.45,485.37,14.13,0,0,2025-12-09 10:00:00,0,0,1
TXN-03-02749,STORE-016,Home & Garden,BrandD,Online,UPC-216792146,SKU-HOM-7498,Tool Set,7,7,4,1335.67,964.2,371.47,229.96,39.15,0,0,2025-12-27 09:00:00,0,0,1
TXN-03-00877,STORE-019,Home & Garden,BrandF,Mobile,UPC-348261545,SKU-HOM-3900,Chair,6,6,0,1538.16,877.67,660.49,355.58,99.22,1,0,2025-12-16 03:00:00,1,0,1
TXN-03-03923,STORE-011,Sports,BrandG,Online,UPC-163614086,SKU-SPO-9906,Dumbbell,6,6,1,1989.36,1336.65,652.71,424.34,92.78,1,0,2025-12-24 04:00:00,1,1,1
TXN-03-05026,STORE-002,Sports,BrandB,In-Store,UPC-182597212,SKU-SPO-9877,Running Shoes,3,3,2,21.27,11.19,10.08,7.68,0.59,0,0,2025-12-08 18:00:00,0,1,1
TXN-03-00280,STORE-013,Electronics,BrandB,In-Store,UPC-324647351,SKU-ELE-4878,Speaker,6,6,4,421.86,225.15,196.71,95.31,25.0,0,0,2025-12-08 06:00:00,1,0,1
TXN-03-05601,STORE-014,Home & Garden,BrandB,In-Store,UPC-407075399,SKU-HOM-4987,Vase,8,8,1,1943.2,1132.97,810.23,267.83,24.93,0,0,2025-12-18 21:00:00,1,0,1
TXN-03-01902,STORE-016,Electronics,BrandA,In-Store,UPC-188697063,SKU-ELE-6881,Camera,1,1,4,5.53,2.84,2.69,7.33,1.8,0,0,2025-12-06 12:00:00,1,0,1
TXN-03-01278,STORE-014,Sports,BrandB,Online,UPC-745190015,SKU-SPO-6613,Backpack,1,1,4,388.21,257.68,130.53,492.61,104.4,0,0,2025-12-09 07:00:00,0,0,1
TXN-03-01697,STORE-020,Apparel,BrandB,In-Store,UPC-910046742,SKU-APP-8511,Dress,9,9,2,187.38,111.59,75.79,26.73,5.91,0,0,2025-12-29 00:00:00,1,0,1
TXN-03-01379,STORE-010,Apparel,BrandE,In-Store,UPC-876630209,SKU-APP-3658,Dress,7,7,0,1264.76,524.28,740.48,193.34,12.66,0,0,2025-12-27 14:00:00,0,1,1
TXN-03-02583,STORE-004,Sports,BrandB,Mobile,UPC-332586470,SKU-SPO-5391,Backpack,6,6,1,1482.24,927.86,554.38,282.38,35.34,0,0,2025-12-14 21:00:00,0,0,1
TXN-03-00809,STORE-018,Grocery,BrandF,In-Store,UPC-354693015,SKU-GRO-1995,Pasta,4,4,1,621.72,278.92,342.8,214.74,59.31,0,0,2025-12-28 08:00:00,1,0,1
TXN-03-00945,STORE-014,Electronics,BrandF,Online,UPC-550573692,SKU-ELE-5228,Headphones,4,4,2,1178.2,830.75,347.45,389.18,94.63,0,0,2025-12-22 17:00:00,1,1,1
TXN-03-01643,STORE-006,Sports,BrandG,Mobile,UPC-389991396,SKU-SPO-7439,Water Bottle,1,1,3,57.5,37.9,19.6,58.48,0.98,0,0,2025-12-26 13:00:00,0,0,1
TXN-03-04053,STORE-019,Sports,BrandD,Online,UPC-408087293,SKU-SPO-8187,Resistance Band,1,1,3,249.88,135.63,114.25,286.32,36.44,1,1,2025-12-04 07:00:00,0,0,1
TXN-03-01371,STORE-003,Apparel,BrandD,In-Store,UPC-137538034,SKU-APP-1774,Jacket,7,7,4,818.93,404.29,414.64,133.86,16.87,0,0,2025-12-23 23:00:00,0,0,1
TXN-03-01826,STORE-017,Sports,BrandE,In-Store,UPC-615733647,SKU-SPO-9524,Running Shoes,7,7,0,2421.51,1378.1,1043.41,467.64,121.71,0,0,2025-12-29 20:00:00,1,1,1
TXN-03-04010,STORE-014,Home & Garden,BrandA,In-Store,UPC-461858949,SKU-HOM-5203,Chair,1,1,2,341.6,204.92,136.68,455.45,113.85,0,0,2025-12-11 22:00:00,0,0,1
TXN-03-03941,STORE-016,Home & Garden,BrandB,Online,UPC-680580544,SKU-HOM-6405,Plant Pot,9,9,3,3236.04,1378.02,1858.02,425.68,66.12,0,0,2025-12-04 01:00:00,1,0,1
TXN-03-04272,STORE-007,Electronics,BrandF,In-Store,UPC-651272957,SKU-ELE-8902,Phone,7,7,1,1902.95,822.58,1080.37,333.27,61.42,0,0,2025-12-19 04:00:00,1,0,1
TXN-03-01515,STORE-009,Grocery,BrandE,Online,UPC-828861036,SKU-GRO-8599,Juice,1,1,0,483.02,216.54,266.48,494.81,11.79,0,0,2025-12-10 10:00:00,1,0,1
TXN-03-01934,STORE-019,Grocery,BrandC,Mobile,UPC-427180879,SKU-GRO-5134,Coffee,3,3,4,692.97,509.93,183.04,245.38,14.39,0,0,2025-12-04 07:00:00,0,0,1
TXN-03-00797,STORE-017,Sports,BrandC,In-Store,UPC-894002557,SKU-SPO-5530,Running Shoes,2,2,4,289.06,160.94,128.12,157.86,13.33,0,0,2025-12-05 16:00:00,1,1,1
TXN-03-02617,STORE-015,Grocery,BrandF,In-Store,UPC-693321472,SKU-GRO-6017,Bread,1,1,0,456.12,206.57,249.55,472.17,16.05,0,0,2025-12-15 14:00:00,1,0,1
TXN-03-02835,STORE-018,Sports,BrandH,Online,UPC-784656813,SKU-SPO-4949,Resistance Band,8,8,0,2647.6,1147.54,1500.06,456.44,125.49,0,0,2025-12-23 15:00:00,1,1,1
TXN-03-01394,STORE-003,Grocery,BrandB,In-Store,UPC-525056737,SKU-GRO-9485,Milk,8,8,1,1650.0,1054.94,595.06,224.66,18.41,0,0,2025-12-06 20:00:00,0,0,1
TXN-03-03453,STORE-014,Apparel,BrandF,Online,UPC-827691772,SKU-APP-5328,Socks,6,6,3,2585.82,1810.01,775.81,492.41,61.44,0,0,2025-12-22 10:00:00,1,0,1
TXN-03-06355,STORE-003,Apparel,BrandB,Online,UPC-444134642,SKU-APP-3289,Socks,2,2,0,123.36,70.19,53.17,83.1,21.42,1,0,2025-12-21 00:00:00,0,0,1
TXN-03-00301,STORE-008,Grocery,BrandB,In-Store,UPC-156082577,SKU-GRO-9670,Pasta,1,1,1,136.03,77.35,58.68,144.22,8.19,0,0,2025-12-23 00:00:00,0,0,1
TXN-03-02370,STORE-016,Apparel,BrandA,In-Store,UPC-486196050,SKU-APP-9423,Shoes,9,9,1,1490.22,809.46,680.76,183.9,18.32,0,0,2025-12-30 19:00:00,1,0,1
TXN-03-06268,STORE-016,Grocery,BrandH,Online,UPC-957575598,SKU-GRO-2793,Milk,8,8,1,1782.64,856.88,925.76,307.6,84.77,0,0,2025-12-15 20:00:00,0,0,1
TXN-03-01129,STORE-011,Home & Garden,BrandC,In-Store,UPC-418519507,SKU-HOM-7903,Tool Set,9,9,2,2053.71,862.14,1191.57,318.54,90.35,0,0,2025-12-01 19:00:00,1,0,1
TXN-03-05618,STORE-005,Electronics,BrandH,Mobile,UPC-440427854,SKU-ELE-7680,Charger,5,5,0,1386.85,644.33,742.52,316.5,39.13,0,0,2025-12-06 20:00:00,1,0,1
TXN-03-04372,STORE-005,Sports,BrandH,In-Store,UPC-556710232,SKU-SPO-7394,Running Shoes,3,3,2,1178.76,870.06,308.7,462.74,69.82,1,1,2025-12-04 21:00:00,1,1,1
TXN-03-04915,STORE-002,Apparel,BrandE,In-Store,UPC-283451862,SKU-APP-7626,Scarf,7,7,1,1797.95,813.71,984.24,301.86,45.01,0,0,2025-12-03 11:00:00,0,1,1
TXN-03-04158,STORE-007,Home & Garden,BrandG,In-Store,UPC-365828775,SKU-HOM-9260,Lamp,7,7,2,434.63,283.51,151.12,80.91,18.82,1,0,2025-12-06 03:00:00,1,0,1
TXN-03-02754,STORE-008,Grocery,BrandG,In-Store,UPC-767910982,SKU-GRO-4883,Rice,2,2,0,649.54,386.45,263.09,429.0,104.23,0,0,2025-12-02 19:00:00,0,0,1
TXN-03-01408,STORE-019,Sports,BrandE,In-Store,UPC-616187646,SKU-SPO-6332,Running Shoes,4,4,3,154.04,92.56,61.48,45.01,6.5,0,0,2025-12-30 15:00:00,1,0,1
TXN-03-02426,STORE-011,Apparel,BrandA,In-Store,UPC-760972675,SKU-APP-3902,Socks,3,3,3,371.61,199.81,171.8,170.41,46.54,0,0,2025-12-14 04:00:00,1,0,1
TXN-03-00152,STORE-003,Electronics,BrandA,In-Store,UPC-332718568,SKU-ELE-7818,Speaker,5,5,3,1153.55,525.0,628.55,233.13,2.42,1,1,2025-12-27 21:00:00,1,0,1
TXN-03-05021,STORE-012,Home & Garden,BrandA,Online,UPC-851395221,SKU-HOM-4338,Chair,5,5,0,564.2,417.03,147.17,149.19,36.35,0,0,2025-12-12 08:00:00,1,0,1
TXN-03-02089,STORE-009,Home & Garden,BrandC,Online,UPC-920428474,SKU-HOM-5250,Cushion,9,9,0,1829.61,928.94,900.67,243.46,40.17,0,0,2025-12-14 01:00:00,1,0,1
TXN-03-03972,STORE-014,Electronics,BrandG,In-Store,UPC-391622906,SKU-ELE-9699,Charger,9,9,0,2806.29,1175.23,1631.06,314.48,2.67,0,0,2025-12-22 09:00:00,1,0,1
TXN-03-06348,STORE-011,Apparel,BrandH,In-Store,UPC-871786528,SKU-APP-8497,Socks,8,8,3,2021.36,875.26,1146.1,287.47,34.8,0,0,2025-12-04 03:00:00,0,0,1
TXN-03-01066,STORE-005,Grocery,BrandE,In-Store,UPC-274014281,SKU-GRO-5071,Bread,2,2,2,89.4,40.99,48.41,48.97,4.27,0,0,2025-12-10 02:00:00,0,0,1
TXN-03-04693,STORE-002,Electronics,BrandA,In-Store,UPC-241065767,SKU-ELE-4906,Speaker,5,5,3,2294.35,1346.4,947.95,471.09,12.22,0,0,2025-12-03 00:00:00,1,1,1
TXN-03-05204,STORE-001,Apparel,BrandG,Online,UPC-893308241,SKU-APP-8251,Dress,8,8,3,1700.72,1167.44,533.28,269.57,56.98,0,0,2025-12-20 02:00:00,1,0,1
TXN-03-02090,STORE-011,Apparel,BrandG,In-Store,UPC-226477409,SKU-APP-3109,Socks,2,2,3,680.9,485.45,195.45,470.76,130.31,0,0,2025-12-06 04:00:00,0,0,1
TXN-03-03056,STORE-004,Electronics,BrandH,In-Store,UPC-729254380,SKU-ELE-8858,Charger,1,1,1,165.69,106.24,59.45,170.78,5.09,0,0,2025-12-08 21:00:00,1,0,1
TXN-03-02809,STORE-018,Sports,BrandG,Mobile,UPC-710773668,SKU-SPO-8640,Water Bottle,1,1,0,231.93,126.66,105.27,244.87,12.94,0,0,2025-12-22 16:00:00,1,1,1
TXN-03-05060,STORE-005,Sports,BrandC,In-Store,UPC-343314946,SKU-SPO-7209,Cap,7,7,3,1451.17,638.1,813.07,275.17,67.86,0,0,2025-12-05 03:00:00,1,1,1
TXN-03-04371,STORE-011,Grocery,BrandE,Online,UPC-494777202,SKU-GRO-1443,Juice,1,1,1,19.34,11.12,8.22,24.23,4.89,0,0,2025-12-10 11:00:00,1,0,1
TXN-03-06170,STORE-006,Apparel,BrandH,Online,UPC-881690602,SKU-APP-7365,Scarf,8,8,3,625.44,413.86,211.58,84.2,6.02,0,0,2025-12-24 15:00:00,0,0,1
TXN-03-01665,STORE-017,Electronics,BrandD,In-Store,UPC-666179970,SKU-ELE-7845,Camera,2,2,2,454.08,275.25,178.83,298.01,70.97,0,0,2025-12-05 13:00:00,1,1,1
TXN-03-01421,STORE-003,Apparel,BrandD,In-Store,UPC-685934274,SKU-APP-3589,Scarf,1,1,0,76.82,52.22,24.6,80.85,4.03,0,0,2025-12-17 17:00:00,0,0,1
TXN-03-00061,STORE-017,Electronics,BrandF,In-Store,UPC-279657635,SKU-ELE-5850,Speaker,1,1,2,340.92,250.98,89.94,359.59,18.67,0,0,2025-12-27 03:00:00,1,0,1
TXN-03-04606,STORE-006,Home & Garden,BrandG,In-Store,UPC-634435633,SKU-HOM-7042,Hose,4,4,0,390.68,228.36,162.32,101.25,3.58,0,0,2025-12-02 15:00:00,0,0,1
TXN-03-03291,STORE-002,Electronics,BrandF,In-Store,UPC-114601045,SKU-ELE-1394,Tablet,4,4,3,1008.28,501.01,507.27,287.86,35.79,0,0,2025-12-21 01:00:00,1,1,1
TXN-03-03246,STORE-016,Electronics,BrandH,Online,UPC-550037024,SKU-ELE-1631,Tablet,3,3,1,521.88,362.39,159.49,195.94,21.98,0,0,2025-12-15 17:00:00,0,0,1
TXN-03-01722,STORE-005,Grocery,BrandF,In-Store,UPC-511928165,SKU-GRO-2785,Bread,5,5,2,1004.9,480.24,524.66,250.45,49.47,0,0,2025-12-10 02:00:00,1,1,1
TXN-03-06106,STORE-015,Grocery,BrandE,Online,UPC-115334851,SKU-GRO-6745,Snack Bar,1,1,4,345.54,195.46,150.08,451.8,106.26,0,0,2025-12-03 09:00:00,0,1,1
TXN-03-04395,STORE-017,Grocery,BrandF,In-Store,UPC-178873849,SKU-GRO-7468,Coffee,6,6,1,2019.78,1035.27,984.51,422.99,86.36,0,0,2025-12-08 23:00:00,0,0,1
TXN-03-02687,STORE-006,Apparel,BrandD,In-Store,UPC-106211853,SKU-APP-1972,Jacket,8,8,0,435.12,311.52,123.6,72.18,17.79,0,0,2025-12-05 20:00:00,1,0,1
TXN-03-03145,STORE-005,Electronics,BrandE,Online,UPC-687856197,SKU-ELE-1359,Headphones,7,7,0,245.91,108.78,137.13,45.72,10.59,0,0,2025-12-25 06:00:00,1,0,1
TXN-03-05463,STORE-005,Home & Garden,BrandE,In-Store,UPC-138365317,SKU-HOM-4009,Lamp,1,1,4,165.61,120.45,45.16,176.13,10.52,0,0,2025-12-01 09:00:00,1,0,1
TXN-03-02860,STORE-003,Sports,BrandB,In-Store,UPC-420571489,SKU-SPO-2097,Running Shoes,2,2,4,389.72,257.06,132.66,215.16,20.3,0,0,2025-12-06 17:00:00,0,1,1
TXN-03-02438,STORE-002,Electronics,BrandA,Online,UPC-585221803,SKU-ELE-4295,Laptop,4,4,0,1438.08,871.15,566.93,408.53,49.01,0,0,2025-12-05 14:00:00,0,0,1
TXN-03-01390,STORE-007,Apparel,BrandC,In-Store,UPC-605904133,SKU-APP-1575,Hat,8,8,4,3089.12,1766.34,1322.78,473.57,87.43,0,0,2025-12-29 13:00:00,0,1,1
TXN-03-01562,STORE-001,Home & Garden,BrandB,In-Store,UPC-551185786,SKU-HOM-9624,Lamp,9,9,3,2337.75,1354.99,982.76,330.81,71.06,0,0,2025-12-15 23:00:00,1,0,1
TXN-03-05708,STORE-013,Apparel,BrandC,Mobile,UPC-585355246,SKU-APP-3373,Socks,4,4,2,905.48,589.93,315.55,251.41,25.04,0,0,2025-12-12 15:00:00,1,0,1
TXN-03-00999,STORE-018,Sports,BrandD,Online,UPC-262657935,SKU-SPO-7789,Running Shoes,8,8,3,3533.52,1830.87,1702.65,457.49,15.8,0,0,2025-12-29 16:00:00,0,1,1
TXN-03-05629,STORE-012,Sports,BrandE,Online,UPC-342856278,SKU-SPO-1622,Water Bottle,4,4,3,1138.68,711.71,426.97,327.78,43.11,0,0,2025-12-25 16:00:00,1,0,1
TXN-03-02014,STORE-002,Grocery,BrandH,In-Store,UPC-531999723,SKU-GRO-9760,Bread,7,7,1,1223.11,773.54,449.57,197.14,22.41,0,0,2025-12-15 10:00:00,1,0,1
TXN-03-01927,STORE-007,Electronics,BrandC,Online,UPC-706680608,SKU-ELE-8440,Phone,9,9,0,1107.09,589.77,517.32,154.94,31.93,0,0,2025-12-01 09:00:00,1,0,1
TXN-03-01433,STORE-010,Grocery,BrandA,In-Store,UPC-645228768,SKU-GRO-9525,Pasta,7,7,0,2068.36,919.01,1149.35,394.89,99.41,0,0,2025-12-16 01:00:00,1,0,1
TXN-03-03525,STORE-004,Home & Garden,BrandG,In-Store,UPC-624922037,SKU-HOM-1992,Rug,4,4,0,221.8,92.95,128.85,69.73,14.28,0,0,2025-12-09 09:00:00,1,0,1
TXN-03-03102,STORE-007,Grocery,BrandC,In-Store,UPC-116717261,SKU-GRO-5127,Coffee,1,1,2,155.95,105.65,50.3,199.73,43.78,0,0,2025-12-21 06:00:00,1,0,1
TXN-03-00254,STORE-007,Home & Garden,BrandD,In-Store,UPC-101416624,SKU-HOM-6648,Rug,7,7,3,2714.67,1450.76,1263.91,445.57,57.76,0,0,2025-12-02 03:00:00,0,0,1
TXN-03-03060,STORE-013,Home & Garden,BrandC,In-Store,UPC-123758799,SKU-HOM-2316,Rug,6,6,1,2490.3,1243.44,1246.86,484.91,69.86,0,0,2025-12-30 05:00:00,1,1,1
TXN-03-03119,STORE-007,Electronics,BrandD,Mobile,UPC-768366290,SKU-ELE-6475,Phone,8,8,0,636.72,434.35,202.37,81.58,1.99,0,0,2025-12-16 01:00:00,1,0,1
TXN-03-01994,STORE-015,Sports,BrandG,In-Store,UPC-718822528,SKU-SPO-1149,Water Bottle,4,4,3,957.92,493.65,464.27,247.3,7.82,1,0,2025-12-08 03:00:00,1,0,1
TXN-03-06112,STORE-008,Sports,BrandC,Mobile,UPC-674505070,SKU-SPO-9864,Resistance Band,1,1,3,296.73,210.02,86.71,385.11,88.38,0,0,2025-12-29 21:00:00,0,0,1
TXN-03-04201,STORE-017,Electronics,BrandD,In-Store,UPC-496134574,SKU-ELE-8613,Camera,9,9,3,288.0,200.8,87.2,44.97,12.97,0,0,2025-12-05 17:00:00,1,0,1
TXN-03-04496,STORE-004,Electronics,BrandF,Online,UPC-904570198,SKU-ELE-7854,Headphones,2,2,2,382.0,252.9,129.1,234.97,43.97,0,0,2025-12-30 23:00:00,1,0,1
TXN-03-02544,STORE-015,Apparel,BrandB,Mobile,UPC-710013040,SKU-APP-8772,Socks,5,5,4,479.4,290.22,189.18,120.18,24.3,0,0,2025-12-21 21:00:00,1,0,1
TXN-03-00563,STORE-015,Electronics,BrandC,In-Store,UPC-868663924,SKU-ELE-2140,Speaker,8,8,3,2111.2,1363.57,747.63,326.94,63.04,0,0,2025-12-07 18:00:00,1,1,1
TXN-03-00595,STORE-004,Grocery,BrandB,Online,UPC-320695341,SKU-GRO-5416,Juice,2,2,1,829.46,546.18,283.28,434.28,19.55,0,0,2025-12-28 01:00:00,0,0,1
TXN-03-04379,STORE-019,Grocery,BrandF,In-Store,UPC-965044218,SKU-GRO-8903,Milk,7,7,2,915.32,584.76,330.56,182.61,51.85,0,0,2025-12-09 13:00:00,0,1,1
TXN-03-04072,STORE-019,Grocery,BrandH,Mobile,UPC-570920105,SKU-GRO-3386,Juice,7,7,2,3023.51,1524.71,1498.8,498.89,66.96,0,0,2025-12-02 16:00:00,0,0,1
TXN-03-04986,STORE-008,Grocery,BrandE,In-Store,UPC-561320104,SKU-GRO-2560,Juice,9,9,2,2335.86,1153.36,1182.5,367.26,107.72,0,0,2025-12-17 09:00:00,1,0,1
TXN-03-02394,STORE-014,Home & Garden,BrandD,Mobile,UPC-670066129,SKU-HOM-2672,Tool Set,6,6,2,578.7,424.19,154.51,121.67,25.22,0,0,2025-12-19 10:00:00,1,0,1
TXN-03-03094,STORE-020,Electronics,BrandH,In-Store,UPC-271912201,SKU-ELE-3559,Charger,1,1,3,409.2,231.37,177.83,480.9,71.7,0,0,2025-12-28 04:00:00,0,0,1
TXN-03-01818,STORE-003,Home & Garden,BrandH,In-Store,UPC-771311108,SKU-HOM-7270,Rug,7,7,1,1330.91,731.75,599.16,255.37,65.24,0,0,2025-12-02 09:00:00,1,0,1
TXN-03-04847,STORE-001,Grocery,BrandD,Online,UPC-389413437,SKU-GRO-5071,Juice,7,7,4,431.48,293.14,138.34,67.11,5.47,0,0,2025-12-13 12:00:00,1,0,1
TXN-03-04733,STORE-020,Apparel,BrandB,Mobile,UPC-968408840,SKU-APP-8028,T-Shirt,1,1,4,44.73,18.63,26.1,46.11,1.38,0,0,2025-12-10 01:00:00,0,1,1
TXN-03-00307,STORE-020,Sports,BrandG,In-Store,UPC-117294999,SKU-SPO-1380,Resistance Band,9,9,3,684.0,422.94,261.06,86.46,10.46,0,0,2025-12-15 04:00:00,0,1,1
TXN-03-03110,STORE-017,Electronics,BrandG,In-Store,UPC-359385598,SKU-ELE-5868,Charger,3,3,1,861.63,611.45,250.18,393.94,106.73,1,0,2025-12-07 01:00:00,1,1,1
TXN-03-04959,STORE-015,Electronics,BrandH,In-Store,UPC-404242167,SKU-ELE-8423,Monitor,4,4,2,1524.04,815.79,708.25,474.83,93.82,0,0,2025-12-22 16:00:00,0,0,1
TXN-03-01248,STORE-012,Home & Garden,BrandB,Online,UPC-185674839,SKU-HOM-4295,Rug,6,6,0,1989.54,1332.52,657.02,417.99,86.4,0,0,2025-12-11 05:00:00,1,0,1
TXN-03-00752,STORE-019,Grocery,BrandC,Online,UPC-425978538,SKU-GRO-7567,Coffee,5,5,4,359.55,149.11,210.44,81.22,9.31,0,0,2025-12-17 19:00:00,0,0,1
TXN-03-02689,STORE-007,Home & Garden,BrandG,In-Store,UPC-232172578,SKU-HOM-8286,Cushion,9,9,3,2628.0,1619.25,1008.75,385.56,93.56,0,0,2025-12-08 13:00:00,1,0,1
TXN-03-04593,STORE-001,Grocery,BrandH,Mobile,UPC-622706445,SKU-GRO-2715,Rice,1,1,0,229.79,148.27,81.52,239.52,9.73,0,0,2025-12-22 22:00:00,0,1,1
TXN-03-05666,STORE-016,Apparel,BrandF,Mobile,UPC-184035565,SKU-APP-5713,Hat,2,2,4,209.34,131.98,77.36,110.14,5.47,0,0,2025-12-22 07:00:00,0,0,1
TXN-03-01617,STORE-004,Electronics,BrandD,Mobile,UPC-404400234,SKU-ELE-4690,Tablet,7,7,3,685.02,397.61,287.41,120.07,22.21,0,0,2025-12-17 02:00:00,0,0,1
TXN-03-00816,STORE-001,Home & Garden,BrandB,In-Store,UPC-336018302,SKU-HOM-7959,Tool Set,3,3,1,452.94,317.69,135.25,174.49,23.51,0,0,2025-12-07 23:00:00,1,0,1
TXN-03-01487,STORE-010,Sports,BrandE,Online,UPC-451041804,SKU-SPO-6062,Cap,1,1,4,22.27,9.18,13.09,24.26,1.99,0,0,2025-12-20 06:00:00,1,1,1
TXN-03-03571,STORE-006,Grocery,BrandG,In-Store,UPC-833845767,SKU-GRO-4690,Juice,9,9,0,2768.94,1957.05,811.89,335.89,28.23,0,0,2025-12-12 19:00:00,0,0,1
TXN-03-01354,STORE-016,Sports,BrandC,Online,UPC-188030738,SKU-SPO-1440,Running Shoes,3,3,0,383.52,218.21,165.31,154.6,26.76,0,0,2025-12-06 04:00:00,1,1,1
TXN-03-16452,STORE-011,Home & Garden,BrandF,Online,UPC-106924793,SKU-HOM-7348,Rug,1,1,4,186.61,76.8,109.81,213.62,27.01,0,0,2025-12-02 19:00:00,1,0,1
TXN-03-03613,STORE-017,Apparel,BrandF,Online,UPC-919732342,SKU-APP-4134,Dress,8,8,3,2685.84,1522.74,1163.1,479.15,143.42,0,0,2025-12-24 04:00:00,0,0,1
TXN-03-02085,STORE-017,Grocery,BrandA,Online,UPC-774563766,SKU-GRO-2749,Coffee,4,4,1,797.52,416.14,381.38,232.75,33.37,0,0,2025-12-23 08:00:00,1,0,1
TXN-03-01231,STORE-017,Apparel,BrandF,Online,UPC-188943359,SKU-APP-2071,Jacket,4,4,0,1099.76,591.36,508.4,290.26,15.32,0,0,2025-12-06 04:00:00,1,0,1
TXN-03-03205,STORE-008,Home & Garden,BrandB,Online,UPC-864603863,SKU-HOM-3901,Chair,6,6,0,2765.58,1851.51,914.07,491.08,30.15,0,0,2025-12-03 10:00:00,1,1,1
TXN-03-00719,STORE-002,Electronics,BrandB,In-Store,UPC-177898256,SKU-ELE-1236,Laptop,9,9,1,3160.08,1269.38,1890.7,442.8,91.68,1,1,2025-12-06 08:00:00,1,0,1
TXN-03-00305,STORE-013,Electronics,BrandG,Mobile,UPC-880656687,SKU-ELE-8386,Speaker,8,8,0,1753.44,1196.74,556.7,296.2,77.02,0,0,2025-12-20 22:00:00,0,1,1
TXN-03-03652,STORE-002,Grocery,BrandB,In-Store,UPC-729485756,SKU-GRO-6700,Pasta,9,9,4,670.95,327.38,343.57,100.91,26.36,0,0,2025-12-11 17:00:00,0,0,1
TXN-03-04003,STORE-020,Apparel,BrandD,In-Store,UPC-659101218,SKU-APP-5568,Shoes,3,3,1,711.57,533.01,178.56,253.15,15.96,0,0,2025-12-15 03:00:00,0,1,1
TXN-03-01339,STORE-020,Apparel,BrandF,In-Store,UPC-898632154,SKU-APP-2945,Jeans,1,1,4,24.68,17.27,7.41,33.51,8.83,0,0,2025-12-06 09:00:00,0,0,1
TXN-03-02540,STORE-015,Electronics,BrandF,In-Store,UPC-713013347,SKU-ELE-3288,Phone,9,9,2,2298.87,1650.77,648.1,305.14,49.71,0,0,2025-12-06 22:00:00,1,0,1
TXN-03-00920,STORE-005,Electronics,BrandE,In-Store,UPC-917123081,SKU-ELE-9148,Monitor,4,4,1,1694.16,766.94,927.22,479.94,56.4,0,0,2025-12-19 13:00:00,1,0,1
TXN-03-04353,STORE-019,Grocery,BrandD,In-Store,UPC-333641188,SKU-GRO-2807,Juice,2,2,1,434.6,263.21,171.39,280.14,62.84,0,0,2025-12-29 22:00:00,1,0,1
TXN-03-00431,STORE-015,Electronics,BrandH,Online,UPC-613940397,SKU-ELE-7170,Tablet,7,7,0,1977.29,1047.07,930.22,358.07,75.6,0,0,2025-12-04 06:00:00,1,1,1
TXN-03-05213,STORE-014,Apparel,BrandG,Online,UPC-888648982,SKU-APP-3748,Hat,4,4,0,1431.88,586.35,845.53,371.6,13.63,0,0,2025-12-03 18:00:00,1,0,1
TXN-03-00608,STORE-003,Apparel,BrandD,In-Store,UPC-873508169,SKU-APP-9826,Shoes,7,7,0,531.23,383.58,147.65,104.29,28.4,0,0,2025-12-18 09:00:00,1,0,1
TXN-03-05562,STORE-015,Apparel,BrandD,Online,UPC-560259816,SKU-APP-7678,Socks,1,1,4,250.03,173.65,76.38,324.02,73.99,0,0,2025-12-17 05:00:00,0,0,1
TXN-03-00123,STORE-019,Sports,BrandA,In-Store,UPC-624481560,SKU-SPO-4156,Cap,4,4,2,1887.76,1295.7,592.06,476.64,4.7,0,0,2025-12-02 16:00:00,1,0,1
TXN-03-00584,STORE-004,Sports,BrandA,In-Store,UPC-329311206,SKU-SPO-8711,Water Bottle,8,8,0,2172.4,1499.54,672.86,276.34,4.79,0,0,2025-12-19 07:00:00,1,0,1
TXN-03-00854,STORE-001,Electronics,BrandC,Mobile,UPC-762509051,SKU-ELE-3677,Phone,4,4,1,1667.56,998.79,668.77,491.28,74.39,0,0,2025-12-02 22:00:00,0,1,1
TXN-03-02650,STORE-004,Electronics,BrandE,In-Store,UPC-891396535,SKU-ELE-2941,Tablet,8,8,2,973.92,681.9,292.02,123.63,1.89,0,0,2025-12-23 21:00:00,0,1,1
TXN-03-04380,STORE-018,Electronics,BrandB,Online,UPC-970157845,SKU-ELE-2244,Charger,9,9,4,2259.72,1410.09,849.63,329.68,78.6,0,0,2025-12-14 09:00:00,1,1,1
TXN-03-01444,STORE-016,Apparel,BrandE,Online,UPC-841645263,SKU-APP-9636,Scarf,8,8,1,3471.28,2225.34,1245.94,443.56,9.65,0,0,2025-12-22 02:00:00,1,1,1
TXN-03-01779,STORE-001,Home & Garden,BrandE,Online,UPC-651532777,SKU-HOM-2547,Tool Set,5,5,3,868.3,589.27,279.03,203.32,29.66,0,0,2025-12-24 05:00:00,1,1,1
TXN-03-02467,STORE-015,Home & Garden,BrandC,Online,UPC-374462439,SKU-HOM-1795,Rug,4,4,0,852.08,486.2,365.88,294.61,81.59,0,0,2025-12-28 23:00:00,1,0,1
TXN-03-00782,STORE-017,Electronics,BrandF,In-Store,UPC-753009790,SKU-ELE-6455,Monitor,4,4,4,534.92,249.12,285.8,168.83,35.1,0,0,2025-12-27 20:00:00,1,0,1
TXN-03-02699,STORE-009,Electronics,BrandD,In-Store,UPC-961167059,SKU-ELE-5442,Camera,2,2,1,785.54,490.17,295.37,475.49,82.72,0,0,2025-12-08 13:00:00,1,0,1
TXN-03-03983,STORE-018,Apparel,BrandB,In-Store,UPC-427789131,SKU-APP-1259,Scarf,2,2,0,103.86,50.13,53.73,56.29,4.36,0,0,2025-12-18 19:00:00,1,0,1
TXN-03-02181,STORE-017,Apparel,BrandH,Online,UPC-573054294,SKU-APP-2737,Jacket,6,6,0,1159.86,798.05,361.81,238.08,44.77,0,0,2025-12-29 19:00:00,0,0,1
TXN-03-03139,STORE-017,Home & Garden,BrandC,Online,UPC-600087848,SKU-HOM-2299,Hose,7,7,4,428.12,306.07,122.05,69.96,8.8,0,0,2025-12-04 04:00:00,1,1,1
TXN-03-03508,STORE-013,Sports,BrandE,Mobile,UPC-149775315,SKU-SPO-4122,Backpack,9,9,3,2255.22,1510.15,745.07,349.41,98.83,0,0,2025-12-20 05:00:00,1,0,1
TXN-03-03412,STORE-018,Electronics,BrandD,Mobile,UPC-214095697,SKU-ELE-9707,Headphones,4,4,4,170.0,126.65,43.35,44.25,1.75,0,0,2025-12-17 14:00:00,1,0,1
TXN-03-00392,STORE-002,Home & Garden,BrandA,Mobile,UPC-955594112,SKU-HOM-3724,Rug,3,3,3,1007.1,570.91,436.19,370.15,34.45,0,0,2025-12-11 00:00:00,1,0,1
TXN-03-05769,STORE-003,Grocery,BrandE,Mobile,UPC-759795429,SKU-GRO-5230,Rice,9,9,0,105.84,61.16,44.68,13.88,2.12,0,0,2025-12-24 21:00:00,0,1,1
TXN-03-00132,STORE-007,Sports,BrandA,Online,UPC-590247599,SKU-SPO-9385,Running Shoes,4,4,1,1660.12,983.6,676.52,433.17,18.14,1,0,2025-12-17 01:00:00,0,0,1
TXN-03-00247,STORE-018,Home & Garden,BrandB,In-Store,UPC-982669648,SKU-HOM-6495,Hose,3,3,1,649.56,447.45,202.11,247.06,30.54,0,0,2025-12-01 23:00:00,1,0,1
TXN-03-05020,STORE-012,Sports,BrandD,Online,UPC-215882889,SKU-SPO-2193,Yoga Mat,6,6,4,1945.14,1326.94,618.2,446.51,122.32,0,0,2025-12-12 03:00:00,1,0,1
TXN-03-03740,STORE-014,Electronics,BrandC,In-Store,UPC-978238206,SKU-ELE-4581,Charger,5,5,1,2081.2,902.44,1178.76,432.49,16.25,0,0,2025-12-30 11:00:00,1,0,1
TXN-03-01427,STORE-018,Sports,BrandC,In-Store,UPC-667701543,SKU-SPO-4491,Cap,3,3,4,829.26,563.84,265.42,374.58,98.16,0,0,2025-12-15 17:00:00,1,1,1
TXN-03-04909,STORE-007,Apparel,BrandA,Online,UPC-480853365,SKU-APP-1940,Scarf,4,4,3,1688.32,694.47,993.85,484.6,62.52,0,0,2025-12-25 06:00:00,1,0,1
TXN-03-01013,STORE-015,Apparel,BrandF,Online,UPC-803194945,SKU-APP-8258,Jacket,8,8,0,40.72,30.06,10.66,5.92,0.83,0,0,2025-12-07 11:00:00,1,0,1
TXN-03-00905,STORE-016,Electronics,BrandC,Online,UPC-955874590,SKU-ELE-7757,Monitor,3,3,3,704.13,468.45,235.68,267.61,32.9,0,0,2025-12-20 21:00:00,1,0,1
TXN-03-16460,STORE-007,Grocery,BrandA,In-Store,UPC-124755223,SKU-GRO-3674,Rice,8,8,2,3096.4,2002.44,1093.96,425.27,38.22,0,0,2025-12-15 07:00:00,1,0,1
TXN-03-05364,STORE-012,Electronics,BrandF,In-Store,UPC-667543474,SKU-ELE-6871,Phone,1,1,1,406.33,182.18,224.15,488.18,81.85,0,0,2025-12-19 01:00:00,0,1,1
TXN-03-02472,STORE-008,Apparel,BrandE,Online,UPC-171273799,SKU-APP-2017,T-Shirt,7,7,4,2298.03,1074.65,1223.38,452.32,124.03,1,0,2025-12-30 06:00:00,1,1,1
TXN-03-01754,STORE-015,Home & Garden,BrandC,In-Store,UPC-662240592,SKU-HOM-4476,Plant Pot,1,1,0,293.58,173.3,120.28,303.35,9.77,0,0,2025-12-14 17:00:00,1,1,1
TXN-03-06072,STORE-002,Home & Garden,BrandH,Online,UPC-828382614,SKU-HOM-6818,Tool Set,2,2,2,48.98,32.74,16.24,34.52,10.03,0,0,2025-12-07 08:00:00,1,0,1
TXN-03-04566,STORE-010,Sports,BrandG,In-Store,UPC-733129015,SKU-SPO-5454,Water Bottle,1,1,2,391.78,258.75,133.03,496.09,104.31,1,0,2025-12-13 01:00:00,0,1,1
TXN-03-03148,STORE-005,Apparel,BrandB,Online,UPC-213069042,SKU-APP-3430,Socks,2,2,0,624.28,370.75,253.53,349.95,37.81,0,0,2025-12-24 22:00:00,0,1,1
TXN-03-02855,STORE-020,Apparel,BrandF,Online,UPC-958965862,SKU-APP-3812,Socks,1,1,1,208.32,92.39,115.93,237.04,28.72,1,0,2025-12-06 23:00:00,1,1,1
TXN-03-01111,STORE-001,Sports,BrandH,Mobile,UPC-314545165,SKU-SPO-6096,Jersey,7,7,0,1037.26,690.02,347.24,198.95,50.77,0,0,2025-12-18 11:00:00,1,0,1
TXN-03-00469,STORE-018,Home & Garden,BrandG,In-Store,UPC-531354308,SKU-HOM-1275,Hose,3,3,0,831.15,534.66,296.49,359.05,82.0,0,0,2025-12-05 15:00:00,1,0,1
TXN-03-01023,STORE-020,Apparel,BrandC,In-Store,UPC-125286786,SKU-APP-2929,Socks,4,4,2,1616.6,1178.45,438.15,478.86,74.71,0,0,2025-12-24 05:00:00,0,0,1
TXN-03-04876,STORE-015,Grocery,BrandE,In-Store,UPC-423663014,SKU-GRO-1911,Milk,8,8,2,2215.44,946.94,1268.5,313.72,36.79,0,0,2025-12-17 23:00:00,1,0,1
TXN-03-00901,STORE-010,Home & Garden,BrandF,Mobile,UPC-427125273,SKU-HOM-3168,Plant Pot,6,6,3,1270.2,849.38,420.82,281.53,69.83,0,0,2025-12-15 18:00:00,0,0,1
TXN-03-00984,STORE-005,Apparel,BrandB,Online,UPC-471078793,SKU-APP-7602,Jeans,2,2,3,261.28,113.9,147.38,132.31,1.67,0,0,2025-12-27 18:00:00,1,0,1
TXN-03-05636,STORE-020,Apparel,BrandF,Mobile,UPC-961566834,SKU-APP-4549,Jacket,4,4,0,1830.92,1120.54,710.38,496.34,38.61,0,0,2025-12-26 05:00:00,1,0,1
TXN-03-04718,STORE-001,Home & Garden,BrandA,Online,UPC-458729415,SKU-HOM-6325,Plant Pot,8,8,4,2873.68,1475.2,1398.48,409.14,49.93,0,0,2025-12-13 10:00:00,0,0,1
TXN-03-04109,STORE-013,Grocery,BrandG,Online,UPC-481289677,SKU-GRO-3317,Milk,2,2,3,692.64,292.29,400.35,360.79,14.47,0,0,2025-12-04 11:00:00,1,0,1
TXN-03-02485,STORE-008,Sports,BrandE,Online,UPC-758912103,SKU-SPO-6753,Jersey,9,9,4,382.77,162.83,219.94,50.54,8.01,0,0,2025-12-28 14:00:00,1,0,1
TXN-03-04659,STORE-018,Grocery,BrandB,In-Store,UPC-204867570,SKU-GRO-7835,Snack Bar,2,2,2,457.28,341.17,116.11,272.29,43.65,0,0,2025-12-14 22:00:00,1,0,1
TXN-03-06026,STORE-014,Electronics,BrandH,Online,UPC-780203868,SKU-ELE-3260,Speaker,1,1,2,195.56,86.93,108.63,237.57,42.01,0,0,2025-12-18 23:00:00,0,0,1
TXN-03-01481,STORE-004,Apparel,BrandB,Mobile,UPC-632794395,SKU-APP-6816,Shoes,6,6,2,1988.46,1107.45,881.01,424.53,93.12,0,0,2025-12-02 15:00:00,1,0,1
TXN-03-04610,STORE-003,Apparel,BrandB,Online,UPC-175442074,SKU-APP-3477,Jacket,3,3,2,44.07,19.36,24.71,17.82,3.13,1,1,2025-12-24 01:00:00,0,0,1
TXN-03-02083,STORE-020,Grocery,BrandF,Online,UPC-990947766,SKU-GRO-4715,Bread,4,4,2,748.8,448.23,300.57,221.03,33.83,0,0,2025-12-03 22:00:00,1,0,1
TXN-03-06305,STORE-008,Apparel,BrandB,In-Store,UPC-273153936,SKU-APP-1966,Hat,9,9,0,3588.39,1919.82,1668.57,463.9,65.19,1,0,2025-12-15 09:00:00,1,0,1
TXN-03-01736,STORE-006,Electronics,BrandA,Online,UPC-536451391,SKU-ELE-1633,Monitor,3,3,2,1187.55,614.13,573.42,411.87,16.02,0,0,2025-12-19 06:00:00,1,0,1
TXN-03-00221,STORE-010,Sports,BrandC,In-Store,UPC-311330846,SKU-SPO-8917,Water Bottle,9,9,1,3375.9,2331.63,1044.27,387.9,12.8,0,0,2025-12-28 08:00:00,0,0,1
TXN-03-02355,STORE-004,Grocery,BrandA,In-Store,UPC-833022812,SKU-GRO-8598,Milk,8,8,0,1054.32,506.13,548.19,169.85,38.06,0,0,2025-12-01 16:00:00,1,0,1
TXN-03-00726,STORE-015,Electronics,BrandE,In-Store,UPC-201748064,SKU-ELE-9143,Monitor,1,1,2,69.29,37.22,32.07,96.25,26.96,0,0,2025-12-08 02:00:00,1,0,1
TXN-03-02025,STORE-012,Grocery,BrandF,In-Store,UPC-730043216,SKU-GRO-2240,Cereal,1,1,2,12.98,8.32,4.66,15.94,2.96,1,1,2025-12-09 05:00:00,1,1,1
TXN-03-01679,STORE-003,Electronics,BrandB,Online,UPC-204985833,SKU-ELE-1324,Camera,1,1,3,344.35,206.85,137.5,491.36,147.01,1,0,2025-12-20 16:00:00,1,0,1
TXN-03-01947,STORE-013,Home & Garden,BrandC,Online,UPC-113393738,SKU-HOM-7383,Rug,8,8,4,756.72,371.45,385.27,120.42,25.83,0,0,2025-12-23 14:00:00,1,0,1
TXN-03-05102,STORE-019,Home & Garden,BrandB,In-Store,UPC-213461451,SKU-HOM-9209,Lamp,8,8,3,320.0,130.73,189.27,44.81,4.81,0,0,2025-12-10 17:00:00,0,0,1
TXN-03-04420,STORE-008,Grocery,BrandA,In-Store,UPC-746688377,SKU-GRO-6890,Bread,7,7,2,1312.92,637.64,675.28,242.77,55.21,0,0,2025-12-02 19:00:00,0,0,1
TXN-03-00878,STORE-011,Sports,BrandE,In-Store,UPC-692332292,SKU-SPO-4638,Cap,9,9,4,3078.18,1811.21,1266.97,343.4,1.38,0,0,2025-12-28 08:00:00,0,0,1
TXN-03-00456,STORE-003,Apparel,BrandC,Online,UPC-222938512,SKU-APP-2265,Jacket,6,6,2,1550.22,995.73,554.49,262.93,4.56,0,0,2025-12-11 19:00:00,1,0,1
TXN-03-02391,STORE-007,Grocery,BrandH,In-Store,UPC-927213425,SKU-GRO-1668,Milk,6,6,1,1214.94,640.8,574.14,234.09,31.6,0,0,2025-12-05 01:00:00,1,0,1
TXN-03-06338,STORE-010,Apparel,BrandF,Mobile,UPC-144596301,SKU-APP-5921,Shoes,4,4,1,1199.68,691.61,508.07,404.39,104.47,0,0,2025-12-25 15:00:00,0,0,1
TXN-03-00444,STORE-016,Sports,BrandH,In-Store,UPC-500998635,SKU-SPO-4327,Backpack,9,9,3,2871.36,1999.19,872.17,443.96,124.92,0,0,2025-12-26 07:00:00,1,0,1
TXN-03-03719,STORE-010,Grocery,BrandG,Online,UPC-415507131,SKU-GRO-2862,Cereal,3,3,4,79.74,46.75,32.99,27.01,0.43,0,0,2025-12-25 05:00:00,1,0,1
TXN-03-05695,STORE-017,Grocery,BrandD,In-Store,UPC-854090503,SKU-GRO-1706,Coffee,3,3,4,637.86,376.4,261.46,229.2,16.58,0,0,2025-12-08 00:00:00,1,0,1
TXN-03-00505,STORE-013,Home & Garden,BrandF,Online,UPC-267256620,SKU-HOM-6917,Lamp,9,9,0,3361.95,2022.59,1339.36,393.73,20.18,0,0,2025-12-10 09:00:00,0,1,1
TXN-03-00827,STORE-018,Apparel,BrandA,Online,UPC-883199487,SKU-APP-3807,Hat,2,2,3,476.6,307.01,169.59,306.25,67.95,0,0,2025-12-03 21:00:00,0,0,1
TXN-03-03369,STORE-008,Electronics,BrandE,Online,UPC-565574439,SKU-ELE-9830,Monitor,5,5,1,490.65,252.46,238.19,128.69,30.56,0,0,2025-12-30 21:00:00,0,1,1
TXN-03-04547,STORE-017,Electronics,BrandH,Online,UPC-232387545,SKU-ELE-2165,Charger,9,9,0,735.39,412.89,322.5,115.44,33.73,0,0,2025-12-01 10:00:00,1,0,1
TXN-03-03648,STORE-010,Apparel,BrandB,In-Store,UPC-262497984,SKU-APP-7331,Socks,7,7,4,2855.51,2117.49,738.02,419.11,11.18,1,1,2025-12-23 00:00:00,1,0,1
TXN-03-01675,STORE-014,Home & Garden,BrandH,In-Store,UPC-796379417,SKU-HOM-7763,Vase,9,9,0,3076.2,1265.56,1810.64,394.75,52.95,0,0,2025-12-24 04:00:00,1,0,1
TXN-03-05594,STORE-002,Grocery,BrandF,Mobile,UPC-543480305,SKU-GRO-5344,Cereal,4,4,4,1046.88,747.68,299.2,363.45,101.73,0,0,2025-12-03 19:00:00,1,0,1
TXN-03-05329,STORE-008,Grocery,BrandF,In-Store,UPC-365734649,SKU-GRO-9231,Rice,4,4,0,119.0,50.65,68.35,37.78,8.03,0,0,2025-12-13 07:00:00,1,0,1
TXN-03-05128,STORE-008,Sports,BrandC,Mobile,UPC-376487224,SKU-SPO-3097,Jersey,4,4,0,1323.24,570.45,752.79,365.71,34.9,0,0,2025-12-09 11:00:00,1,1,1
TXN-03-03114,STORE-011,Apparel,BrandE,Online,UPC-131780870,SKU-APP-6702,Socks,5,5,3,333.4,185.08,148.32,77.27,10.59,0,0,2025-12-30 06:00:00,0,0,1
TXN-03-00989,STORE-015,Grocery,BrandC,Online,UPC-353394680,SKU-GRO-1769,Snack Bar,1,1,2,437.37,213.19,224.18,485.69,48.32,0,0,2025-12-30 22:00:00,1,1,1
TXN-03-02896,STORE-013,Sports,BrandA,In-Store,UPC-990717189,SKU-SPO-1646,Backpack,5,5,3,1768.2,1249.98,518.22,411.06,57.42,0,0,2025-12-15 17:00:00,0,0,1
TXN-03-01788,STORE-016,Sports,BrandA,Online,UPC-103057440,SKU-SPO-8395,Backpack,8,8,1,1980.08,980.91,999.17,308.56,61.05,0,0,2025-12-19 00:00:00,1,0,1
TXN-03-05714,STORE-016,Electronics,BrandE,In-Store,UPC-533243208,SKU-ELE-3666,Camera,1,1,0,35.21,14.51,20.7,35.66,0.45,1,0,2025-12-20 02:00:00,1,0,1
TXN-03-03806,STORE-007,Apparel,BrandB,In-Store,UPC-343265691,SKU-APP-6063,Jacket,9,9,0,1328.58,624.73,703.85,179.49,31.87,0,0,2025-12-08 00:00:00,1,1,1
TXN-03-00009,STORE-013,Grocery,BrandG,Online,UPC-644369569,SKU-GRO-6271,Rice,2,2,0,706.22,348.48,357.74,388.84,35.73,0,0,2025-12-14 05:00:00,0,0,1
TXN-03-05765,STORE-011,Grocery,BrandG,In-Store,UPC-640206954,SKU-GRO-5945,Rice,2,2,0,656.02,394.41,261.61,423.21,95.2,0,0,2025-12-12 09:00:00,1,0,1
TXN-03-02930,STORE-002,Grocery,BrandF,In-Store,UPC-653330355,SKU-GRO-1761,Bread,3,3,3,423.42,200.39,223.03,144.25,3.11,0,0,2025-12-21 12:00:00,1,0,1
TXN-03-05904,STORE-016,Electronics,BrandC,Online,UPC-454548388,SKU-ELE-5041,Camera,1,1,3,138.77,76.09,62.68,190.52,51.75,0,0,2025-12-28 08:00:00,1,0,1
TXN-03-02040,STORE-008,Grocery,BrandA,In-Store,UPC-606574083,SKU-GRO-8339,Milk,6,6,0,1673.34,994.23,679.11,356.81,77.92,0,0,2025-12-27 10:00:00,1,1,1
TXN-03-01295,STORE-015,Electronics,BrandA,Online,UPC-897323400,SKU-ELE-4156,Charger,2,2,2,185.8,100.7,85.1,104.25,11.35,0,0,2025-12-03 15:00:00,1,0,1
TXN-03-02080,STORE-018,Apparel,BrandD,Online,UPC-448145342,SKU-APP-1346,Dress,1,1,3,170.68,114.6,56.08,232.36,61.68,0,0,2025-12-04 09:00:00,1,0,1
TXN-03-05223,STORE-002,Electronics,BrandG,Online,UPC-457392610,SKU-ELE-9194,Headphones,1,1,1,107.13,70.86,36.27,112.15,5.02,0,0,2025-12-17 16:00:00,1,0,1
TXN-03-05447,STORE-010,Grocery,BrandD,Mobile,UPC-995723602,SKU-GRO-2646,Cereal,2,2,3,357.2,182.26,174.94,186.48,7.88,0,0,2025-12-06 15:00:00,0,0,1
TXN-03-01405,STORE-013,Apparel,BrandG,Mobile,UPC-492727145,SKU-APP-8003,Shoes,7,7,1,1852.69,963.39,889.3,326.8,62.13,0,0,2025-12-02 22:00:00,0,0,1
TXN-03-02161,STORE-003,Grocery,BrandF,Online,UPC-660137980,SKU-GRO-2622,Juice,9,9,4,2765.7,1894.02,871.68,416.12,108.82,0,0,2025-12-17 19:00:00,1,0,1
TXN-03-01140,STORE-018,Apparel,BrandB,In-Store,UPC-416128824,SKU-APP-4470,T-Shirt,9,9,2,3667.68,2193.04,1474.64,478.96,71.44,0,0,2025-12-30 01:00:00,1,0,1
TXN-03-05417,STORE-010,Home & Garden,BrandC,Online,UPC-338955543,SKU-HOM-6327,Chair,7,7,2,492.24,258.85,233.39,96.47,26.15,0,0,2025-12-26 08:00:00,1,0,1
TXN-03-02586,STORE-016,Sports,BrandA,In-Store,UPC-509398084,SKU-SPO-9654,Dumbbell,1,1,3,193.27,116.7,76.57,276.08,82.81,1,0,2025-12-30 16:00:00,1,0,1
TXN-03-00748,STORE-012,Electronics,BrandC,Online,UPC-603534277,SKU-ELE-6067,Tablet,2,2,0,568.18,399.79,168.39,307.47,23.38,0,0,2025-12-28 15:00:00,1,1,1
TXN-03-01830,STORE-015,Electronics,BrandH,In-Store,UPC-340289397,SKU-ELE-2681,Camera,3,3,3,935.34,601.29,334.05,417.87,106.09,0,0,2025-12-29 06:00:00,1,1,1
TXN-03-04700,STORE-012,Electronics,BrandE,Online,UPC-688651429,SKU-ELE-2398,Monitor,2,2,0,452.08,231.92,220.16,244.88,18.84,0,0,2025-12-28 16:00:00,1,0,1
TXN-03-02911,STORE-014,Sports,BrandE,Online,UPC-526211438,SKU-SPO-5684,Dumbbell,5,5,4,1890.05,1239.74,650.31,462.41,84.4,1,0,2025-12-26 19:00:00,0,1,1
TXN-03-05913,STORE-013,Grocery,BrandB,Mobile,UPC-238569980,SKU-GRO-2811,Cereal,4,4,4,143.64,80.15,63.49,50.87,14.96,1,0,2025-12-04 01:00:00,1,0,1
TXN-03-00270,STORE-016,Electronics,BrandH,Online,UPC-846099740,SKU-ELE-9748,Monitor,4,4,2,1042.08,638.81,403.27,371.95,111.43,0,0,2025-12-28 21:00:00,1,1,1
TXN-03-04500,STORE-002,Home & Garden,BrandG,In-Store,UPC-376277450,SKU-HOM-4952,Tool Set,2,2,2,705.68,477.5,228.18,411.21,58.37,0,0,2025-12-11 22:00:00,1,1,1
TXN-03-01475,STORE-004,Grocery,BrandG,In-Store,UPC-968137224,SKU-GRO-6311,Cereal,7,7,0,990.64,504.33,486.31,157.73,16.21,0,0,2025-12-18 23:00:00,1,1,1
TXN-03-05862,STORE-010,Sports,BrandF,Online,UPC-976272210,SKU-SPO-3018,Resistance Band,5,5,1,879.05,399.58,479.47,188.31,12.5,0,0,2025-12-16 12:00:00,1,0,1
TXN-03-03801,STORE-016,Apparel,BrandH,In-Store,UPC-813334746,SKU-APP-5178,Jeans,3,3,1,492.45,250.29,242.16,232.88,68.73,0,0,2025-12-03 13:00:00,1,0,1
TXN-03-05286,STORE-012,Home & Garden,BrandF,Online,UPC-937611740,SKU-HOM-8069,Plant Pot,1,1,4,211.7,141.85,69.85,291.17,79.47,0,0,2025-12-29 13:00:00,1,0,1
TXN-03-04509,STORE-006,Sports,BrandE,In-Store,UPC-524276690,SKU-SPO-6900,Water Bottle,2,2,2,50.2,31.87,18.33,33.77,8.67,1,0,2025-12-21 23:00:00,1,0,1
TXN-03-05311,STORE-005,Home & Garden,BrandB,In-Store,UPC-777428739,SKU-HOM-6016,Plant Pot,4,4,3,1004.36,505.27,499.09,288.85,37.76,0,0,2025-12-27 19:00:00,1,0,1
TXN-03-00866,STORE-019,Home & Garden,BrandE,In-Store,UPC-598913040,SKU-HOM-2425,Vase,4,4,4,200.64,135.44,65.2,53.75,3.59,0,0,2025-12-08 03:00:00,1,0,1
TXN-03-02113,STORE-018,Electronics,BrandA,In-Store,UPC-726156770,SKU-ELE-1158,Camera,7,7,1,474.39,196.36,278.03,90.94,23.17,0,0,2025-12-04 04:00:00,1,0,1
TXN-03-02226,STORE-015,Electronics,BrandC,In-Store,UPC-441087905,SKU-ELE-8612,Phone,8,8,1,2530.88,1207.42,1323.46,332.17,15.81,0,0,2025-12-21 05:00:00,1,0,1
TXN-03-00934,STORE-013,Home & Garden,BrandD,In-Store,UPC-271278947,SKU-HOM-7364,Lamp,9,9,3,2162.16,1537.55,624.61,260.8,20.56,0,0,2025-12-15 11:00:00,1,0,1
TXN-03-02737,STORE-009,Sports,BrandH,In-Store,UPC-252183075,SKU-SPO-7015,Cap,5,5,4,1855.7,1004.79,850.91,426.92,55.78,0,0,2025-12-10 03:00:00,1,0,1
TXN-03-04841,STORE-013,Grocery,BrandB,Online,UPC-986203639,SKU-GRO-2227,Bread,7,7,3,1435.63,1043.25,392.38,222.55,17.46,0,0,2025-12-29 22:00:00,1,1,1
TXN-03-02182,STORE-018,Grocery,BrandF,In-Store,UPC-163885321,SKU-GRO-2228,Rice,3,3,2,38.67,21.27,17.4,14.54,1.65,0,0,2025-12-16 00:00:00,1,1,1
TXN-03-06105,STORE-019,Grocery,BrandE,In-Store,UPC-424405730,SKU-GRO-8563,Juice,6,6,1,2204.16,1414.11,790.05,390.65,23.29,0,0,2025-12-03 13:00:00,0,0,1
TXN-03-04351,STORE-007,Apparel,BrandB,Online,UPC-503699220,SKU-APP-2427,Hat,4,4,1,120.0,69.15,50.85,32.34,2.34,0,0,2025-12-16 11:00:00,0,1,1
TXN-03-03334,STORE-009,Electronics,BrandG,Mobile,UPC-698878159,SKU-ELE-5946,Tablet,2,2,1,700.78,445.27,255.51,437.12,86.73,0,0,2025-12-28 00:00:00,1,0,1
TXN-03-01125,STORE-017,Sports,BrandC,In-Store,UPC-212969388,SKU-SPO-3661,Jersey,5,5,3,549.95,385.67,164.28,121.31,11.32,0,0,2025-12-18 01:00:00,0,0,1
TXN-03-06081,STORE-019,Electronics,BrandC,Online,UPC-476003413,SKU-ELE-2515,Charger,1,1,4,44.89,22.62,22.27,56.7,11.81,0,0,2025-12-22 14:00:00,1,0,1
TXN-03-04216,STORE-006,Electronics,BrandF,In-Store,UPC-357148042,SKU-ELE-9079,Headphones,4,4,1,1379.84,907.5,472.34,398.32,53.36,0,0,2025-12-12 17:00:00,1,0,1
TXN-03-03587,STORE-018,Grocery,BrandA,In-Store,UPC-966096739,SKU-GRO-4175,Milk,8,8,3,2812.64,1940.7,871.94,387.52,35.94,0,0,2025-12-03 11:00:00,0,0,1
TXN-03-02895,STORE-011,Electronics,BrandG,Online,UPC-931922949,SKU-ELE-5914,Camera,2,2,4,81.86,34.86,47.0,54.2,13.27,0,0,2025-12-16 09:00:00,0,0,1
TXN-03-03765,STORE-006,Sports,BrandA,Online,UPC-455663959,SKU-SPO-1601,Jersey,8,8,1,2314.4,939.86,1374.54,330.74,41.44,0,0,2025-12-03 09:00:00,0,0,1
TXN-03-03280,STORE-009,Apparel,BrandF,In-Store,UPC-249277880,SKU-APP-8934,Dress,2,2,1,121.1,89.73,31.37,62.17,1.62,0,0,2025-12-06 18:00:00,1,0,1
TXN-03-03917,STORE-015,Home & Garden,BrandA,Mobile,UPC-636479286,SKU-HOM-8915,Lamp,8,8,2,2379.84,1118.48,1261.36,324.68,27.2,0,0,2025-12-11 01:00:00,0,1,1
TXN-03-02581,STORE-006,Grocery,BrandF,Online,UPC-629360501,SKU-GRO-3111,Rice,9,9,4,139.14,58.48,80.66,15.91,0.45,1,1,2025-12-15 17:00:00,0,0,1
TXN-03-06214,STORE-017,Electronics,BrandB,Online,UPC-975428869,SKU-ELE-7481,Laptop,4,4,2,443.76,201.3,242.46,133.12,22.18,0,0,2025-12-29 08:00:00,0,0,1
TXN-03-02869,STORE-001,Electronics,BrandG,Online,UPC-407695241,SKU-ELE-1503,Camera,3,3,1,332.79,197.18,135.61,126.52,15.59,0,0,2025-12-28 15:00:00,1,0,1
TXN-03-01355,STORE-011,Home & Garden,BrandE,Mobile,UPC-118082853,SKU-HOM-9563,Tool Set,8,8,4,2484.08,1112.03,1372.05,382.47,71.96,0,0,2025-12-18 06:00:00,1,0,1
TXN-03-03869,STORE-006,Grocery,BrandA,In-Store,UPC-912735472,SKU-GRO-6590,Bread,2,2,2,528.7,280.01,248.69,269.02,4.67,0,0,2025-12-04 15:00:00,1,0,1
TXN-03-01154,STORE-008,Electronics,BrandF,In-Store,UPC-958861589,SKU-ELE-2286,Laptop,4,4,0,908.2,631.12,277.08,253.17,26.12,0,0,2025-12-27 22:00:00,1,0,1
TXN-03-05416,STORE-008,Grocery,BrandF,In-Store,UPC-665310504,SKU-GRO-6186,Rice,2,2,3,148.9,67.56,81.34,85.76,11.31,0,0,2025-12-09 14:00:00,0,0,1
TXN-03-00576,STORE-003,Grocery,BrandB,In-Store,UPC-346295560,SKU-GRO-5988,Milk,9,9,3,1121.31,819.93,301.38,135.97,11.38,0,0,2025-12-04 22:00:00,1,0,1
TXN-03-03707,STORE-001,Apparel,BrandG,In-Store,UPC-855146355,SKU-APP-9580,T-Shirt,6,6,1,1407.78,931.61,476.17,251.63,17.0,0,0,2025-12-06 09:00:00,1,1,1
TXN-03-00165,STORE-001,Grocery,BrandH,In-Store,UPC-367468703,SKU-GRO-6316,Milk,9,9,2,456.3,239.41,216.89,70.16,19.46,0,0,2025-12-17 10:00:00,1,0,1
TXN-03-01750,STORE-014,Sports,BrandF,In-Store,UPC-113754138,SKU-SPO-2745,Running Shoes,4,4,2,474.52,324.04,150.48,143.6,24.97,0,0,2025-12-07 02:00:00,1,0,1
TXN-03-05464,STORE-019,Apparel,BrandG,In-Store,UPC-547586689,SKU-APP-1117,Jacket,8,8,2,127.12,62.14,64.98,19.66,3.77,0,0,2025-12-04 10:00:00,1,1,1
TXN-03-00057,STORE-009,Electronics,BrandE,In-Store,UPC-430941134,SKU-ELE-9071,Speaker,5,5,1,1650.5,1068.9,581.6,412.88,82.78,0,0,2025-12-17 20:00:00,1,0,1
TXN-03-04457,STORE-004,Apparel,BrandH,In-Store,UPC-515730233,SKU-APP-3786,Socks,1,1,4,421.75,180.53,241.22,493.14,71.39,0,0,2025-12-09 02:00:00,0,1,1
TXN-03-04312,STORE-016,Apparel,BrandE,Online,UPC-630068021,SKU-APP-4114,Jacket,8,8,0,372.0,206.97,165.03,57.19,10.69,0,0,2025-12-18 11:00:00,1,0,1
TXN-03-03629,STORE-017,Home & Garden,BrandC,In-Store,UPC-453283317,SKU-HOM-5713,Cushion,6,6,1,2147.58,1499.74,647.84,389.88,31.95,0,0,2025-12-04 06:00:00,1,0,1
TXN-03-01580,STORE-001,Electronics,BrandC,In-Store,UPC-809737214,SKU-ELE-3026,Phone,5,5,4,609.1,415.43,193.67,136.57,14.75,0,0,2025-12-10 09:00:00,0,1,1
TXN-03-06340,STORE-001,Home & Garden,BrandH,In-Store,UPC-496174049,SKU-HOM-5047,Lamp,1,1,4,351.52,261.78,89.74,381.83,30.31,0,0,2025-12-08 05:00:00,0,0,1
TXN-03-03394,STORE-012,Sports,BrandG,In-Store,UPC-398632231,SKU-SPO-6304,Yoga Mat,7,7,1,2241.96,1614.99,626.97,408.94,88.66,0,0,2025-12-10 07:00:00,1,0,1
TXN-03-02849,STORE-007,Sports,BrandA,Online,UPC-475773794,SKU-SPO-8162,Yoga Mat,7,7,0,1871.87,1081.03,790.84,283.29,15.88,0,0,2025-12-24 07:00:00,1,0,1
TXN-03-05627,STORE-003,Electronics,BrandB,In-Store,UPC-687883993,SKU-ELE-1474,Headphones,5,5,4,464.55,345.68,118.87,131.81,38.9,0,0,2025-12-18 01:00:00,1,0,1
TXN-03-00358,STORE-010,Grocery,BrandC,In-Store,UPC-391598703,SKU-GRO-9865,Juice,9,9,4,2869.92,2123.68,746.24,320.15,1.27,1,1,2025-12-08 12:00:00,0,1,1
TXN-03-02730,STORE-002,Apparel,BrandG,In-Store,UPC-664025353,SKU-APP-5620,Hat,7,7,2,3012.52,2156.17,856.35,439.02,8.66,0,0,2025-12-27 06:00:00,1,0,1
TXN-03-06290,STORE-017,Home & Garden,BrandF,In-Store,UPC-547677070,SKU-HOM-1665,Plant Pot,2,2,4,105.12,44.97,60.15,66.39,13.83,0,0,2025-12-30 19:00:00,1,0,1
TXN-03-05421,STORE-010,Electronics,BrandB,Mobile,UPC-598349526,SKU-ELE-8396,Laptop,2,2,1,545.92,316.27,229.65,274.34,1.38,0,0,2025-12-19 11:00:00,0,0,1
TXN-03-01527,STORE-002,Apparel,BrandG,In-Store,UPC-165605005,SKU-APP-6671,Socks,4,4,1,1359.88,867.97,491.91,414.86,74.89,0,0,2025-12-03 10:00:00,1,0,1
TXN-03-00908,STORE-003,Apparel,BrandA,In-Store,UPC-929192394,SKU-APP-7972,Socks,9,9,3,3606.57,2133.05,1473.52,458.45,57.72,0,0,2025-12-21 06:00:00,0,1,1
TXN-03-01190,STORE-012,Sports,BrandB,In-Store,UPC-705544401,SKU-SPO-2647,Cap,1,1,2,488.47,284.7,203.77,492.35,3.88,0,0,2025-12-29 21:00:00,1,0,1
TXN-03-01518,STORE-006,Electronics,BrandA,In-Store,UPC-189754906,SKU-ELE-9515,Speaker,5,5,1,669.3,470.17,199.13,139.34,5.48,0,0,2025-12-13 05:00:00,1,1,1
TXN-03-04049,STORE-003,Sports,BrandG,In-Store,UPC-769077227,SKU-SPO-3767,Backpack,8,8,3,1332.32,574.96,757.36,208.81,42.27,0,0,2025-12-27 02:00:00,0,1,1
TXN-03-02432,STORE-017,Electronics,BrandG,In-Store,UPC-693902545,SKU-ELE-1463,Laptop,2,2,2,473.34,209.73,263.61,250.96,14.29,0,0,2025-12-01 19:00:00,0,0,1
TXN-03-00081,STORE-012,Home & Garden,BrandA,In-Store,UPC-913115720,SKU-HOM-4524,Hose,1,1,4,397.39,275.82,121.57,452.94,55.55,0,0,2025-12-01 21:00:00,1,0,1
TXN-03-00428,STORE-016,Sports,BrandF,In-Store,UPC-272274091,SKU-SPO-8173,Dumbbell,3,3,1,585.93,398.13,187.8,198.54,3.23,0,0,2025-12-10 03:00:00,1,1,1
TXN-03-05071,STORE-019,Sports,BrandD,Online,UPC-503088139,SKU-SPO-5328,Yoga Mat,1,1,3,371.15,244.68,126.47,430.76,59.61,0,0,2025-12-26 12:00:00,0,0,1
TXN-03-04546,STORE-001,Sports,BrandC,In-Store,UPC-794891024,SKU-SPO-5707,Resistance Band,2,2,3,71.48,34.41,37.07,49.45,13.71,0,0,2025-12-26 16:00:00,1,0,1
TXN-03-03539,STORE-017,Electronics,BrandA,Mobile,UPC-571176594,SKU-ELE-5137,Monitor,7,7,4,2383.08,979.5,1403.58,453.7,113.26,0,0,2025-12-19 10:00:00,1,0,1
TXN-03-03851,STORE-015,Sports,BrandB,Online,UPC-145665162,SKU-SPO-5329,Backpack,5,5,4,1506.5,784.07,722.43,393.22,91.92,0,0,2025-12-26 12:00:00,1,0,1
TXN-03-02526,STORE-006,Electronics,BrandC,Online,UPC-558342674,SKU-ELE-2528,Speaker,7,7,3,2516.99,1087.05,1429.94,396.78,37.21,0,0,2025-12-22 08:00:00,1,0,1
TXN-03-00489,STORE-010,Apparel,BrandC,Mobile,UPC-837099390,SKU-APP-3427,Jacket,2,2,0,49.16,25.0,24.16,27.4,2.82,0,0,2025-12-14 04:00:00,0,0,1
TXN-03-03447,STORE-005,Home & Garden,BrandD,In-Store,UPC-724323744,SKU-HOM-4883,Tool Set,3,3,1,1437.0,885.3,551.7,497.19,18.19,0,0,2025-12-09 12:00:00,1,0,1
TXN-03-02447,STORE-012,Sports,BrandD,Online,UPC-646259763,SKU-SPO-3277,Backpack,2,2,3,646.98,274.99,371.99,367.86,44.37,0,0,2025-12-20 11:00:00,1,1,1
TXN-03-04067,STORE-010,Home & Garden,BrandB,In-Store,UPC-633746122,SKU-HOM-4705,Plant Pot,1,1,0,13.38,9.85,3.53,18.88,5.5,0,0,2025-12-14 03:00:00,0,0,1
TXN-03-00818,STORE-002,Sports,BrandE,Online,UPC-980273578,SKU-SPO-5165,Dumbbell,8,8,4,796.8,437.51,359.29,132.53,32.93,0,0,2025-12-14 13:00:00,1,0,1
TXN-03-04157,STORE-005,Sports,BrandE,Online,UPC-644705834,SKU-SPO-6321,Water Bottle,4,4,0,827.48,544.93,282.55,218.45,11.58,0,0,2025-12-14 11:00:00,1,1,1
TXN-03-01138,STORE-016,Electronics,BrandF,In-Store,UPC-139172054,SKU-ELE-3708,Tablet,5,5,3,1197.85,784.97,412.88,249.82,10.25,0,0,2025-12-14 13:00:00,0,0,1
TXN-03-02424,STORE-016,Electronics,BrandA,Online,UPC-145947698,SKU-ELE-6888,Tablet,2,2,2,708.08,515.63,192.45,495.08,141.04,0,0,2025-12-12 13:00:00,1,0,1
TXN-03-00965,STORE-005,Home & Garden,BrandA,Online,UPC-923591356,SKU-HOM-7641,Vase,6,6,4,1311.42,581.84,729.58,282.69,64.12,0,0,2025-12-20 08:00:00,1,0,1
TXN-03-00283,STORE-008,Home & Garden,BrandA,In-Store,UPC-970955169,SKU-HOM-1068,Tool Set,6,6,0,264.12,147.87,116.25,53.72,9.7,0,0,2025-12-23 22:00:00,1,0,1
TXN-03-01979,STORE-004,Electronics,BrandH,In-Store,UPC-861251099,SKU-ELE-2543,Camera,2,2,1,529.6,275.86,253.74,359.06,94.26,0,0,2025-12-25 20:00:00,1,0,1
TXN-03-02235,STORE-011,Grocery,BrandA,Online,UPC-917576931,SKU-GRO-3380,Cereal,2,2,4,337.76,244.94,92.82,197.71,28.83,0,0,2025-12-13 20:00:00,0,1,1
TXN-03-01514,STORE-018,Grocery,BrandC,Mobile,UPC-933929271,SKU-GRO-9143,Bread,8,8,4,1217.84,557.69,660.15,211.02,58.79,0,0,2025-12-22 16:00:00,0,0,1
TXN-03-05486,STORE-007,Electronics,BrandG,In-Store,UPC-862417447,SKU-ELE-1519,Laptop,2,2,4,130.3,78.44,51.86,89.22,24.07,1,0,2025-12-17 01:00:00,1,0,1
TXN-03-01448,STORE-016,Sports,BrandG,In-Store,UPC-861942202,SKU-SPO-1368,Running Shoes,9,9,2,801.18,335.98,465.2,110.19,21.17,0,0,2025-12-30 14:00:00,1,0,1
TXN-03-01852,STORE-015,Electronics,BrandE,Online,UPC-989695413,SKU-ELE-6962,Camera,3,3,3,719.76,457.22,262.54,253.38,13.46,0,0,2025-12-05 10:00:00,1,0,1
TXN-03-02887,STORE-016,Apparel,BrandE,Online,UPC-690272220,SKU-APP-1546,Hat,7,7,1,656.39,423.42,232.97,98.97,5.2,0,0,2025-12-17 04:00:00,1,1,1
TXN-03-00215,STORE-003,Home & Garden,BrandA,In-Store,UPC-588198932,SKU-HOM-4579,Vase,6,6,3,23.04,10.83,12.21,5.46,1.62,0,0,2025-12-25 20:00:00,0,1,1
TXN-03-05242,STORE-007,Home & Garden,BrandF,In-Store,UPC-550331536,SKU-HOM-8166,Plant Pot,1,1,1,327.24,148.77,178.47,360.97,33.73,0,0,2025-12-11 01:00:00,0,0,1
TXN-03-04615,STORE-010,Electronics,BrandB,In-Store,UPC-763709983,SKU-ELE-5337,Phone,5,5,1,797.1,403.53,393.57,179.06,19.64,1,0,2025-12-22 09:00:00,0,1,1
TXN-03-05121,STORE-003,Electronics,BrandF,In-Store,UPC-343894007,SKU-ELE-4251,Tablet,6,6,3,480.12,298.6,181.52,112.97,32.95,0,0,2025-12-05 09:00:00,0,1,1
TXN-03-00253,STORE-003,Sports,BrandC,In-Store,UPC-342811930,SKU-SPO-5165,Backpack,1,1,0,414.35,201.24,213.11,476.52,62.17,0,0,2025-12-30 00:00:00,1,1,1
TXN-03-02732,STORE-016,Sports,BrandG,Online,UPC-395783124,SKU-SPO-2001,Resistance Band,1,1,2,283.75,140.02,143.73,366.14,82.39,0,0,2025-12-30 18:00:00,1,1,1
TXN-03-04804,STORE-001,Sports,BrandG,Mobile,UPC-563751661,SKU-SPO-1237,Cap,7,7,3,425.11,312.28,112.83,78.49,17.76,0,0,2025-12-17 03:00:00,0,0,1
TXN-03-05252,STORE-005,Electronics,BrandC,In-Store,UPC-756255498,SKU-ELE-9133,Monitor,8,8,3,882.64,360.42,522.22,118.33,8.0,0,0,2025-12-04 01:00:00,1,0,1
TXN-03-01638,STORE-012,Sports,BrandB,In-Store,UPC-295871921,SKU-SPO-5509,Water Bottle,7,7,4,742.56,552.82,189.74,115.1,9.02,0,0,2025-12-21 06:00:00,1,1,1
TXN-03-05371,STORE-008,Sports,BrandF,Mobile,UPC-773135327,SKU-SPO-7251,Backpack,2,2,3,710.86,495.93,214.93,459.69,104.26,1,0,2025-12-01 20:00:00,1,1,1
TXN-03-00735,STORE-010,Grocery,BrandC,In-Store,UPC-806997915,SKU-GRO-6681,Pasta,7,7,1,2779.49,1401.32,1378.17,416.92,19.85,0,0,2025-12-24 07:00:00,1,0,1
TXN-03-05440,STORE-019,Grocery,BrandD,In-Store,UPC-635432212,SKU-GRO-9177,Pasta,1,1,0,233.63,149.34,84.29,248.82,15.19,0,0,2025-12-13 12:00:00,1,0,1
TXN-03-03086,STORE-002,Grocery,BrandE,Online,UPC-585443618,SKU-GRO-2891,Milk,9,9,3,1788.39,830.95,957.44,204.72,6.01,0,0,2025-12-18 09:00:00,1,1,1
TXN-03-05508,STORE-008,Grocery,BrandB,In-Store,UPC-483166440,SKU-GRO-8122,Juice,5,5,0,363.95,246.27,117.68,91.48,18.69,0,0,2025-12-02 07:00:00,1,0,1
TXN-03-04038,STORE-010,Apparel,BrandF,In-Store,UPC-808039996,SKU-APP-7339,Dress,5,5,0,1139.05,530.51,608.54,262.27,34.46,1,0,2025-12-15 03:00:00,0,0,1
TXN-03-03072,STORE-019,Home & Garden,BrandH,Online,UPC-712007633,SKU-HOM-7000,Rug,1,1,4,103.5,60.83,42.67,128.34,24.84,0,0,2025-12-12 15:00:00,0,0,1
TXN-03-02903,STORE-019,Home & Garden,BrandC,In-Store,UPC-928622888,SKU-HOM-1378,Cushion,5,5,0,259.15,160.96,98.19,57.6,5.77,0,0,2025-12-28 04:00:00,1,0,1
TXN-03-00994,STORE-014,Apparel,BrandA,In-Store,UPC-785822180,SKU-APP-4343,Shoes,6,6,1,982.44,568.25,414.19,174.96,11.22,0,0,2025-12-26 10:00:00,1,0,1
TXN-03-03708,STORE-009,Grocery,BrandG,Mobile,UPC-838641960,SKU-GRO-8195,Bread,8,8,3,658.96,395.85,263.11,97.57,15.2,0,0,2025-12-08 22:00:00,1,0,1
TXN-03-05788,STORE-012,Sports,BrandC,In-Store,UPC-623841480,SKU-SPO-6905,Running Shoes,6,6,0,354.42,162.99,191.43,76.94,17.87,0,0,2025-12-24 18:00:00,1,0,1
TXN-03-04734,STORE-009,Grocery,BrandE,In-Store,UPC-248138376,SKU-GRO-9212,Pasta,2,2,0,657.96,331.65,326.31,440.75,111.77,0,0,2025-12-05 14:00:00,1,0,1
TXN-03-01886,STORE-004,Electronics,BrandB,In-Store,UPC-109017796,SKU-ELE-5269,Speaker,7,7,4,2391.27,959.38,1431.89,459.93,118.32,1,0,2025-12-09 07:00:00,1,0,1
TXN-03-03047,STORE-015,Electronics,BrandB,Mobile,UPC-522359396,SKU-ELE-4363,Charger,3,3,4,431.19,220.74,210.45,168.74,25.01,0,0,2025-12-01 16:00:00,1,0,1
TXN-03-01598,STORE-019,Sports,BrandA,In-Store,UPC-842182331,SKU-SPO-5031,Backpack,2,2,3,243.66,125.08,118.58,146.72,24.89,0,0,2025-12-03 09:00:00,1,0,1
TXN-03-00124,STORE-001,Apparel,BrandG,In-Store,UPC-568143592,SKU-APP-2897,Jacket,9,9,0,1010.7,530.76,479.94,154.23,41.93,0,0,2025-12-19 03:00:00,1,0,1
TXN-03-01869,STORE-008,Apparel,BrandD,Mobile,UPC-886700071,SKU-APP-7262,Jacket,5,5,1,1338.2,806.91,531.29,271.74,4.1,0,0,2025-12-10 08:00:00,1,1,1
TXN-03-01291,STORE-015,Home & Garden,BrandD,Online,UPC-993535567,SKU-HOM-6582,Lamp,9,9,4,3114.09,1911.42,1202.67,361.36,15.35,0,0,2025-12-16 14:00:00,0,0,1
TXN-03-06153,STORE-007,Apparel,BrandC,Online,UPC-550478936,SKU-APP-1904,T-Shirt,3,3,1,1260.45,780.99,479.46,452.92,32.77,0,0,2025-12-05 06:00:00,1,0,1
TXN-03-00237,STORE-009,Home & Garden,BrandE,Online,UPC-175933591,SKU-HOM-6345,Tool Set,4,4,4,1069.64,483.97,585.67,336.19,68.78,0,0,2025-12-02 19:00:00,0,0,1
TXN-03-06048,STORE-009,Sports,BrandB,In-Store,UPC-780365019,SKU-SPO-8706,Water Bottle,7,7,4,2340.8,1046.48,1294.32,344.31,9.91,0,0,2025-12-27 01:00:00,0,0,1
TXN-03-04924,STORE-019,Electronics,BrandB,Online,UPC-682427185,SKU-ELE-8616,Headphones,4,4,4,401.56,200.32,201.24,124.16,23.77,1,0,2025-12-09 04:00:00,1,0,1
TXN-03-00810,STORE-004,Apparel,BrandF,Online,UPC-749509608,SKU-APP-2664,Scarf,7,7,4,354.41,194.56,159.85,56.19,5.56,0,0,2025-12-05 16:00:00,0,1,1
TXN-03-00417,STORE-002,Sports,BrandA,Online,UPC-518996717,SKU-SPO-1838,Yoga Mat,6,6,0,306.06,124.77,181.29,63.67,12.66,0,0,2025-12-15 21:00:00,1,1,1
TXN-03-05413,STORE-001,Grocery,BrandD,In-Store,UPC-531649854,SKU-GRO-3390,Rice,9,9,4,1011.69,461.15,550.54,142.36,29.95,0,0,2025-12-17 17:00:00,0,0,1
TXN-03-04338,STORE-002,Home & Garden,BrandC,In-Store,UPC-700732248,SKU-HOM-4237,Vase,3,3,1,469.29,307.59,161.7,164.81,8.38,0,0,2025-12-25 22:00:00,1,1,1
TXN-03-03530,STORE-019,Apparel,BrandB,Online,UPC-553016295,SKU-APP-4588,Hat,4,4,0,1142.16,575.69,566.47,357.89,72.35,0,0,2025-12-22 09:00:00,1,0,1
TXN-03-02038,STORE-020,Apparel,BrandE,Online,UPC-596153176,SKU-APP-6734,Dress,7,7,1,2483.39,1492.59,990.8,384.34,29.57,0,0,2025-12-27 19:00:00,0,0,1
TXN-03-02551,STORE-005,Home & Garden,BrandD,In-Store,UPC-275637262,SKU-HOM-5097,Rug,8,8,4,2883.52,1747.45,1136.07,396.87,36.43,0,0,2025-12-11 04:00:00,0,1,1
TXN-03-02980,STORE-018,Grocery,BrandA,Online,UPC-140987426,SKU-GRO-3228,Pasta,6,6,2,2021.34,1021.23,1000.11,390.47,53.58,0,0,2025-12-07 21:00:00,0,1,1
TXN-03-03192,STORE-003,Home & Garden,BrandE,In-Store,UPC-909852973,SKU-HOM-7869,Vase,8,8,2,2895.92,1612.21,1283.71,458.69,96.7,0,0,2025-12-24 04:00:00,1,1,1
TXN-03-05137,STORE-007,Sports,BrandA,Online,UPC-119419942,SKU-SPO-4727,Water Bottle,5,5,1,317.25,235.96,81.29,87.57,24.12,0,0,2025-12-20 06:00:00,1,0,1
TXN-03-06177,STORE-015,Electronics,BrandG,Mobile,UPC-390788652,SKU-ELE-1410,Phone,2,2,4,275.6,125.33,150.27,167.36,29.56,1,1,2025-12-03 22:00:00,1,0,1
TXN-03-04214,STORE-007,Electronics,BrandC,In-Store,UPC-867406916,SKU-ELE-8396,Tablet,2,2,3,439.22,317.89,121.33,230.8,11.19,0,0,2025-12-18 18:00:00,1,0,1
TXN-03-01381,STORE-004,Electronics,BrandG,Online,UPC-164125218,SKU-ELE-2356,Laptop,9,9,4,508.32,375.31,133.01,66.44,9.96,0,0,2025-12-01 08:00:00,1,1,1
TXN-03-04686,STORE-015,Home & Garden,BrandC,Online,UPC-169280677,SKU-HOM-1454,Plant Pot,9,9,4,663.93,356.06,307.87,90.92,17.15,0,0,2025-12-12 00:00:00,1,1,1
TXN-03-05465,STORE-005,Home & Garden,BrandC,In-Store,UPC-765884247,SKU-HOM-9630,Rug,1,1,3,6.72,3.47,3.25,8.75,2.03,0,0,2025-12-27 22:00:00,1,0,1
TXN-03-01404,STORE-015,Electronics,BrandF,Online,UPC-495897012,SKU-ELE-5768,Camera,8,8,1,657.04,436.12,220.92,82.58,0.45,0,0,2025-12-24 14:00:00,1,1,1
TXN-03-03646,STORE-013,Grocery,BrandD,Mobile,UPC-650058267,SKU-GRO-6534,Coffee,5,5,0,497.75,293.03,204.72,111.79,12.24,0,0,2025-12-23 11:00:00,0,0,1
TXN-03-06082,STORE-002,Electronics,BrandE,In-Store,UPC-688054403,SKU-ELE-4190,Phone,7,7,3,643.16,420.36,222.8,111.35,19.47,0,0,2025-12-26 17:00:00,0,0,1
TXN-03-00451,STORE-015,Sports,BrandF,In-Store,UPC-783698736,SKU-SPO-8928,Jersey,5,5,3,1371.9,1013.37,358.53,275.47,1.09,0,0,2025-12-28 17:00:00,1,0,1
TXN-03-03150,STORE-009,Home & Garden,BrandD,In-Store,UPC-565850519,SKU-HOM-4347,Chair,7,7,4,1641.71,729.2,912.51,295.51,60.98,0,0,2025-12-28 06:00:00,0,0,1
TXN-03-05692,STORE-016,Home & Garden,BrandC,Mobile,UPC-919613200,SKU-HOM-5943,Plant Pot,5,5,3,382.85,166.23,216.62,101.16,24.59,1,0,2025-12-18 13:00:00,1,0,1
TXN-03-00437,STORE-006,Sports,BrandG,Mobile,UPC-495822339,SKU-SPO-5858,Yoga Mat,8,8,3,1979.84,1273.55,706.29,277.03,29.55,0,0,2025-12-09 22:00:00,1,1,1
TXN-03-02434,STORE-013,Home & Garden,BrandF,Online,UPC-907772484,SKU-HOM-8908,Hose,4,4,2,240.44,152.07,88.37,66.92,6.81,0,0,2025-12-05 20:00:00,1,1,1
TXN-03-01977,STORE-016,Apparel,BrandC,In-Store,UPC-111171295,SKU-APP-8161,T-Shirt,6,6,4,1728.84,1247.17,481.67,378.5,90.36,0,0,2025-12-02 13:00:00,1,1,1
TXN-03-02419,STORE-019,Grocery,BrandE,In-Store,UPC-996141170,SKU-GRO-4992,Milk,3,3,1,236.82,164.48,72.34,95.77,16.83,0,0,2025-12-23 13:00:00,0,0,1
TXN-03-04136,STORE-019,Apparel,BrandG,In-Store,UPC-202190079,SKU-APP-1475,Hat,8,8,4,538.32,382.99,155.33,85.06,17.77,1,0,2025-12-03 08:00:00,0,0,1
TXN-03-04729,STORE-017,Home & Garden,BrandF,In-Store,UPC-406355558,SKU-HOM-4706,Lamp,5,5,4,680.8,465.82,214.98,162.0,25.84,0,0,2025-12-02 12:00:00,0,0,1
TXN-03-01178,STORE-015,Electronics,BrandE,In-Store,UPC-950040839,SKU-ELE-4061,Monitor,7,7,4,837.2,520.67,316.53,123.81,4.21,0,0,2025-12-25 09:00:00,1,0,1
TXN-03-06251,STORE-018,Sports,BrandA,Mobile,UPC-910251105,SKU-SPO-1393,Running Shoes,4,4,4,137.76,97.71,40.05,35.56,1.12,0,0,2025-12-10 03:00:00,0,1,1
TXN-03-02769,STORE-003,Apparel,BrandF,Mobile,UPC-864248826,SKU-APP-9556,Jacket,6,6,1,989.94,514.0,475.94,194.15,29.16,0,0,2025-12-11 12:00:00,0,0,1
TXN-03-04334,STORE-017,Apparel,BrandG,Online,UPC-160622148,SKU-APP-9036,Dress,4,4,0,1264.12,624.87,639.25,397.0,80.97,0,0,2025-12-08 18:00:00,0,0,1
TXN-03-04967,STORE-015,Electronics,BrandF,In-Store,UPC-853112991,SKU-ELE-2176,Tablet,9,9,0,1870.47,1045.28,825.19,279.0,71.17,0,0,2025-12-15 07:00:00,1,0,1
TXN-03-03803,STORE-009,Electronics,BrandE,In-Store,UPC-784317487,SKU-ELE-2446,Charger,2,2,4,462.8,234.11,228.69,267.02,35.62,0,0,2025-12-27 13:00:00,1,0,1
TXN-03-01287,STORE-006,Home & Garden,BrandE,In-Store,UPC-834563414,SKU-HOM-9524,Plant Pot,9,9,1,2257.83,1401.8,856.03,317.02,66.15,0,0,2025-12-01 19:00:00,1,1,1
TXN-03-05595,STORE-012,Grocery,BrandE,In-Store,UPC-138883458,SKU-GRO-3617,Rice,2,2,0,728.12,364.33,363.79,449.39,85.33,0,0,2025-12-23 06:00:00,1,0,1
TXN-03-05935,STORE-003,Electronics,BrandG,Online,UPC-215601036,SKU-ELE-2874,Speaker,8,8,1,2880.32,1256.8,1623.52,488.64,128.6,0,0,2025-12-14 22:00:00,1,0,1
TXN-03-00698,STORE-011,Electronics,BrandF,Online,UPC-282685779,SKU-ELE-3548,Charger,7,7,4,1565.13,853.11,712.02,245.2,21.61,0,0,2025-12-16 04:00:00,0,0,1
TXN-03-00119,STORE-007,Home & Garden,BrandD,In-Store,UPC-939867645,SKU-HOM-9106,Rug,7,7,4,1730.19,731.83,998.36,303.17,56.0,0,0,2025-12-02 10:00:00,1,1,1
TXN-03-03258,STORE-017,Grocery,BrandD,Online,UPC-603874840,SKU-GRO-6723,Snack Bar,5,5,4,881.55,497.63,383.92,187.87,11.56,0,0,2025-12-26 10:00:00,0,0,1
TXN-03-00259,STORE-004,Grocery,BrandC,In-Store,UPC-811350672,SKU-GRO-7078,Milk,4,4,3,1355.16,546.12,809.04,339.65,0.86,0,0,2025-12-08 05:00:00,1,0,1
TXN-03-03212,STORE-010,Sports,BrandH,In-Store,UPC-762857192,SKU-SPO-7357,Resistance Band,2,2,2,642.56,267.29,375.27,415.41,94.13,0,0,2025-12-03 20:00:00,1,1,1
TXN-03-02690,STORE-012,Home & Garden,BrandC,In-Store,UPC-944751918,SKU-HOM-2606,Vase,2,2,1,436.52,290.07,146.45,278.73,60.47,0,0,2025-12-04 19:00:00,1,1,1
TXN-03-03348,STORE-002,Apparel,BrandG,In-Store,UPC-684023541,SKU-APP-9943,Shoes,9,9,3,3377.7,2067.34,1310.36,388.03,12.73,0,0,2025-12-07 07:00:00,1,0,1
TXN-03-04968,STORE-012,Sports,BrandG,In-Store,UPC-383731707,SKU-SPO-2407,Jersey,6,6,0,2608.62,1251.52,1357.1,486.63,51.86,1,1,2025-12-04 23:00:00,1,0,1
TXN-03-05319,STORE-004,Home & Garden,BrandD,Online,UPC-304804383,SKU-HOM-3563,Lamp,4,4,0,1660.0,1037.02,622.98,478.89,63.89,0,0,2025-12-11 21:00:00,1,0,1
TXN-03-03688,STORE-019,Apparel,BrandB,In-Store,UPC-691114659,SKU-APP-9212,Scarf,8,8,3,621.44,417.49,203.95,77.8,0.12,0,0,2025-12-14 05:00:00,1,1,1
TXN-03-04797,STORE-005,Electronics,BrandB,Mobile,UPC-493990189,SKU-ELE-4774,Speaker,3,3,1,170.67,75.6,95.07,80.05,23.16,0,0,2025-12-08 09:00:00,0,0,1
TXN-03-02923,STORE-004,Sports,BrandG,Online,UPC-553207063,SKU-SPO-8764,Backpack,3,3,4,1226.22,788.87,437.35,411.8,3.06,0,0,2025-12-01 11:00:00,1,0,1
TXN-03-01329,STORE-010,Apparel,BrandH,Online,UPC-245716296,SKU-APP-5788,Scarf,3,3,1,493.14,301.1,192.04,185.28,20.9,0,0,2025-12-12 19:00:00,1,1,1
TXN-03-05391,STORE-017,Grocery,BrandE,Mobile,UPC-997651184,SKU-GRO-6146,Snack Bar,3,3,0,629.67,279.63,350.04,236.25,26.36,0,0,2025-12-26 17:00:00,1,0,1
TXN-03-04345,STORE-005,Electronics,BrandC,Online,UPC-999889406,SKU-ELE-2543,Speaker,2,2,4,88.6,60.46,28.14,60.09,15.79,1,1,2025-12-25 05:00:00,1,0,1
TXN-03-02856,STORE-014,Electronics,BrandF,Online,UPC-635284800,SKU-ELE-6838,Camera,1,1,0,59.77,36.8,22.97,59.82,0.05,0,0,2025-12-22 21:00:00,1,1,1
TXN-03-04148,STORE-018,Apparel,BrandH,Online,UPC-811552838,SKU-APP-2753,Shoes,1,1,3,160.09,72.04,88.05,205.82,45.73,0,0,2025-12-19 12:00:00,0,0,1
TXN-03-00987,STORE-010,Home & Garden,BrandC,In-Store,UPC-455706560,SKU-HOM-2137,Hose,1,1,2,132.66,85.82,46.84,188.5,55.84,0,0,2025-12-19 21:00:00,1,1,1
TXN-03-02734,STORE-015,Home & Garden,BrandD,In-Store,UPC-820941711,SKU-HOM-4954,Vase,4,4,2,328.12,168.02,160.1,104.33,22.3,0,0,2025-12-04 03:00:00,0,0,1
TXN-03-02364,STORE-013,Electronics,BrandD,In-Store,UPC-121400710,SKU-ELE-8530,Monitor,7,7,1,116.2,70.7,45.5,19.03,2.43,0,0,2025-12-08 15:00:00,0,0,1
TXN-03-01759,STORE-009,Electronics,BrandD,In-Store,UPC-677866628,SKU-ELE-8855,Headphones,3,3,0,845.4,542.65,302.75,338.99,57.19,0,0,2025-12-02 11:00:00,1,0,1
TXN-03-03357,STORE-011,Grocery,BrandC,In-Store,UPC-487666896,SKU-GRO-9234,Cereal,5,5,1,95.15,46.08,49.07,21.44,2.41,0,0,2025-12-18 14:00:00,0,0,1
TXN-03-05181,STORE-009,Electronics,BrandC,In-Store,UPC-793699013,SKU-ELE-1023,Tablet,7,7,2,774.62,392.43,382.19,148.75,38.09,0,0,2025-12-14 18:00:00,0,0,1
TXN-03-06010,STORE-007,Apparel,BrandA,Online,UPC-568891348,SKU-APP-2057,Dress,2,2,3,138.08,80.85,57.23,75.15,6.11,0,0,2025-12-11 08:00:00,1,0,1
TXN-03-05318,STORE-012,Home & Garden,BrandH,In-Store,UPC-988994589,SKU-HOM-5263,Rug,7,7,0,2625.84,1665.25,960.59,436.72,61.6,0,0,2025-12-24 06:00:00,1,1,1
TXN-03-00710,STORE-019,Grocery,BrandA,Mobile,UPC-933099314,SKU-GRO-6510,Rice,5,5,0,1211.9,654.98,556.92,316.05,73.67,0,0,2025-12-02 16:00:00,1,0,1
TXN-03-01782,STORE-020,Home & Garden,BrandE,Online,UPC-519981104,SKU-HOM-8330,Tool Set,9,9,3,180.45,97.97,82.48,20.59,0.54,0,0,2025-12-03 22:00:00,0,0,1
TXN-03-16417,STORE-003,Home & Garden,BrandF,Online,UPC-147482393,SKU-HOM-5309,Plant Pot,4,4,1,1286.84,641.17,645.67,323.51,1.8,0,0,2025-12-23 21:00:00,1,1,1
TXN-03-02453,STORE-014,Sports,BrandE,In-Store,UPC-543644217,SKU-SPO-1648,Resistance Band,6,6,1,875.88,439.72,436.16,195.57,49.59,0,0,2025-12-14 07:00:00,0,0,1
TXN-03-06366,STORE-013,Grocery,BrandF,In-Store,UPC-312792361,SKU-GRO-5683,Pasta,1,1,3,214.68,136.09,78.59,225.78,11.1,1,1,2025-12-21 01:00:00,1,0,1
TXN-03-04023,STORE-007,Sports,BrandA,In-Store,UPC-245624306,SKU-SPO-3987,Running Shoes,5,5,4,480.4,320.04,160.36,115.87,19.79,0,0,2025-12-12 22:00:00,1,0,1
TXN-03-00829,STORE-014,Electronics,BrandA,In-Store,UPC-100803520,SKU-ELE-4524,Laptop,2,2,1,275.3,131.88,143.42,145.1,7.45,0,0,2025-12-13 07:00:00,0,0,1
TXN-03-03828,STORE-007,Apparel,BrandA,In-Store,UPC-252029112,SKU-APP-6101,Scarf,4,4,0,841.84,378.59,463.25,225.65,15.19,0,0,2025-12-04 22:00:00,1,1,1
TXN-03-03329,STORE-008,Apparel,BrandH,In-Store,UPC-563835355,SKU-APP-4624,Hat,7,7,1,2727.55,1631.39,1096.16,484.98,95.33,0,0,2025-12-28 21:00:00,0,0,1
TXN-03-03802,STORE-012,Electronics,BrandH,Online,UPC-635932799,SKU-ELE-8218,Monitor,4,4,4,111.64,72.99,38.65,35.11,7.2,0,0,2025-12-30 00:00:00,1,0,1
TXN-03-01363,STORE-018,Grocery,BrandE,In-Store,UPC-249610858,SKU-GRO-6978,Bread,8,8,2,3407.84,2296.69,1111.15,482.7,56.72,0,0,2025-12-30 15:00:00,1,0,1
TXN-03-05261,STORE-014,Home & Garden,BrandF,Online,UPC-840446001,SKU-HOM-5013,Plant Pot,5,5,1,198.6,139.94,58.66,52.74,13.02,0,0,2025-12-01 16:00:00,1,0,1
TXN-03-02796,STORE-012,Apparel,BrandH,Online,UPC-579273800,SKU-APP-2170,Hat,1,1,3,264.1,171.17,92.93,361.6,97.5,0,0,2025-12-23 21:00:00,0,0,1
TXN-03-01311,STORE-015,Apparel,BrandH,In-Store,UPC-656680822,SKU-APP-9567,Hat,6,6,3,2306.76,1463.9,842.86,454.97,70.51,0,0,2025-12-05 22:00:00,0,1,1
TXN-03-04184,STORE-015,Grocery,BrandE,In-Store,UPC-544638505,SKU-GRO-8687,Cereal,3,3,2,442.05,299.42,142.63,206.51,59.16,0,0,2025-12-13 04:00:00,1,1,1
TXN-03-02954,STORE-009,Home & Garden,BrandD,In-Store,UPC-317081348,SKU-HOM-1497,Rug,4,4,4,732.84,526.51,206.33,247.0,63.79,1,0,2025-12-06 23:00:00,0,0,1
TXN-03-04553,STORE-018,Home & Garden,BrandE,Online,UPC-859541032,SKU-HOM-5814,Hose,1,1,2,422.73,310.55,112.18,436.11,13.38,0,0,2025-12-06 23:00:00,1,1,1
TXN-03-00565,STORE-010,Electronics,BrandH,Mobile,UPC-250346493,SKU-ELE-9987,Monitor,6,6,1,486.48,343.59,142.89,90.46,9.38,0,0,2025-12-30 06:00:00,0,1,1
TXN-03-03321,STORE-019,Sports,BrandA,Online,UPC-317582973,SKU-SPO-5180,Resistance Band,3,3,4,605.25,439.34,165.91,238.74,36.99,0,0,2025-12-18 14:00:00,1,0,1
TXN-03-05802,STORE-003,Sports,BrandD,Online,UPC-477830003,SKU-SPO-2252,Water Bottle,9,9,4,3323.97,2029.73,1294.24,400.94,31.61,0,0,2025-12-23 16:00:00,1,0,1
TXN-03-00626,STORE-008,Home & Garden,BrandC,In-Store,UPC-805168609,SKU-HOM-9450,Tool Set,4,4,1,925.6,684.11,241.49,278.77,47.37,0,0,2025-12-11 03:00:00,0,0,1
TXN-03-02892,STORE-020,Electronics,BrandH,Mobile,UPC-719130342,SKU-ELE-3569,Tablet,8,8,3,2204.56,1065.67,1138.89,288.18,12.61,0,0,2025-12-15 17:00:00,1,0,1
TXN-03-02967,STORE-019,Grocery,BrandB,Mobile,UPC-535891389,SKU-GRO-4242,Milk,5,5,2,2077.3,1028.61,1048.69,446.32,30.86,0,0,2025-12-11 02:00:00,1,0,1
TXN-03-00712,STORE-002,Sports,BrandF,Online,UPC-785673063,SKU-SPO-5436,Cap,4,4,4,1306.12,966.26,339.86,401.8,75.27,0,0,2025-12-06 02:00:00,1,1,1
TXN-03-01196,STORE-013,Electronics,BrandA,Online,UPC-510109225,SKU-ELE-2855,Headphones,4,4,4,64.16,35.48,28.68,17.87,1.83,0,0,2025-12-23 16:00:00,0,1,1
TXN-03-01633,STORE-012,Home & Garden,BrandC,In-Store,UPC-752596604,SKU-HOM-6696,Chair,4,4,2,335.56,143.07,192.49,109.43,25.54,0,0,2025-12-20 20:00:00,1,0,1
TXN-03-03319,STORE-010,Apparel,BrandD,In-Store,UPC-574693921,SKU-APP-9095,Socks,6,6,4,1777.68,1175.38,602.3,297.27,0.99,0,0,2025-12-03 22:00:00,1,0,1
TXN-03-03994,STORE-015,Grocery,BrandH,In-Store,UPC-893507109,SKU-GRO-7132,Pasta,5,5,2,1658.1,1044.58,613.52,442.22,110.6,1,1,2025-12-13 06:00:00,1,0,1
TXN-03-02386,STORE-006,Home & Garden,BrandA,In-Store,UPC-737459237,SKU-HOM-7128,Vase,4,4,1,1903.4,1290.62,612.78,492.84,16.99,1,0,2025-12-26 19:00:00,1,0,1
TXN-03-05052,STORE-005,Apparel,BrandH,In-Store,UPC-751229260,SKU-APP-6124,Dress,4,4,2,691.32,353.71,337.61,185.57,12.74,1,1,2025-12-09 09:00:00,0,1,1
TXN-03-00184,STORE-011,Apparel,BrandD,Online,UPC-556131864,SKU-APP-8569,Dress,3,3,4,455.52,280.72,174.8,156.49,4.65,1,0,2025-12-15 01:00:00,1,1,1
TXN-03-06352,STORE-007,Home & Garden,BrandG,Online,UPC-374547170,SKU-HOM-8228,Vase,7,7,2,2085.58,1126.19,959.39,395.89,97.95,0,0,2025-12-27 14:00:00,1,0,1
TXN-03-06156,STORE-003,Electronics,BrandB,In-Store,UPC-711975628,SKU-ELE-7240,Phone,8,8,2,1100.32,583.09,517.23,170.72,33.18,0,0,2025-12-21 19:00:00,1,0,1
TXN-03-03261,STORE-012,Sports,BrandD,Online,UPC-299459780,SKU-SPO-2722,Jersey,9,9,4,3749.49,2014.98,1734.51,441.91,25.3,0,0,2025-12-09 09:00:00,0,0,1
TXN-03-04237,STORE-015,Home & Garden,BrandA,Online,UPC-467749827,SKU-HOM-2399,Rug,6,6,4,540.06,284.02,256.04,119.97,29.96,0,0,2025-12-22 23:00:00,1,0,1
TXN-03-06291,STORE-014,Electronics,BrandG,In-Store,UPC-314278759,SKU-ELE-7179,Camera,3,3,2,1127.82,682.21,445.61,488.7,112.76,0,0,2025-12-21 12:00:00,0,0,1
TXN-03-05693,STORE-002,Home & Garden,BrandA,In-Store,UPC-901828697,SKU-HOM-9287,Hose,1,1,2,76.88,54.0,22.88,93.36,16.48,0,0,2025-12-03 04:00:00,1,1,1
TXN-03-04936,STORE-011,Apparel,BrandE,In-Store,UPC-619998177,SKU-APP-3090,Jacket,7,7,1,2188.27,1256.43,931.84,379.95,67.34,0,0,2025-12-05 23:00:00,1,0,1
TXN-03-00955,STORE-003,Apparel,BrandH,In-Store,UPC-330956541,SKU-APP-9900,Jeans,3,3,2,337.17,206.05,131.12,126.54,14.15,0,0,2025-12-22 09:00:00,0,0,1
TXN-03-04878,STORE-003,Electronics,BrandA,Online,UPC-333027141,SKU-ELE-4339,Monitor,1,1,1,115.12,83.69,31.43,122.44,7.32,0,0,2025-12-18 23:00:00,1,0,1
TXN-03-01074,STORE-003,Grocery,BrandF,Mobile,UPC-981975431,SKU-GRO-9034,Cereal,4,4,4,1048.52,588.29,460.23,314.2,52.07,0,0,2025-12-20 10:00:00,0,0,1
TXN-03-05793,STORE-004,Grocery,BrandC,Online,UPC-232526298,SKU-GRO-5589,Rice,9,9,0,853.92,594.65,259.27,128.25,33.37,0,0,2025-12-12 20:00:00,0,0,1
TXN-03-04210,STORE-001,Sports,BrandH,In-Store,UPC-965904738,SKU-SPO-5317,Running Shoes,7,7,2,3061.52,1297.47,1764.05,491.62,54.26,0,0,2025-12-15 14:00:00,1,1,1
TXN-03-00098,STORE-007,Electronics,BrandF,Online,UPC-545796687,SKU-ELE-3371,Tablet,2,2,3,585.54,384.11,201.43,388.02,95.25,0,0,2025-12-19 10:00:00,0,1,1
TXN-03-02616,STORE-008,Electronics,BrandE,Mobile,UPC-892598342,SKU-ELE-2337,Monitor,7,7,2,1470.21,679.59,790.62,296.16,86.13,0,0,2025-12-13 02:00:00,1,1,1
TXN-03-00064,STORE-019,Sports,BrandF,Online,UPC-107294251,SKU-SPO-8995,Cap,5,5,1,495.25,251.21,244.04,139.9,40.85,0,0,2025-12-16 22:00:00,0,1,1
TXN-03-06308,STORE-020,Electronics,BrandB,In-Store,UPC-606300158,SKU-ELE-6987,Camera,6,6,2,1030.38,635.25,395.13,198.74,27.01,0,0,2025-12-19 07:00:00,1,0,1
TXN-03-00860,STORE-009,Home & Garden,BrandA,Online,UPC-325978368,SKU-HOM-2204,Rug,2,2,3,34.36,22.27,12.09,17.68,0.5,0,0,2025-12-11 00:00:00,1,0,1
TXN-03-05909,STORE-004,Home & Garden,BrandC,Online,UPC-367272348,SKU-HOM-6392,Chair,2,2,1,147.42,78.98,68.44,85.19,11.48,0,0,2025-12-16 14:00:00,1,1,1
TXN-03-01531,STORE-007,Apparel,BrandG,Online,UPC-384460828,SKU-APP-3781,T-Shirt,7,7,4,660.17,398.35,261.82,127.15,32.84,0,0,2025-12-27 21:00:00,1,0,1
TXN-03-00597,STORE-013,Home & Garden,BrandF,Online,UPC-268221380,SKU-HOM-2806,Plant Pot,9,9,2,1304.91,786.69,518.22,169.83,24.84,0,0,2025-12-21 03:00:00,0,0,1
TXN-03-00256,STORE-014,Home & Garden,BrandF,Mobile,UPC-912303330,SKU-HOM-8794,Tool Set,1,1,0,316.34,234.78,81.56,378.88,62.54,0,0,2025-12-24 17:00:00,1,0,1
TXN-03-03253,STORE-020,Sports,BrandG,Online,UPC-697293681,SKU-SPO-8054,Resistance Band,9,9,3,1085.76,584.75,501.01,132.63,11.99,0,0,2025-12-01 20:00:00,1,0,1
TXN-03-05609,STORE-005,Grocery,BrandC,In-Store,UPC-547917607,SKU-GRO-6200,Pasta,4,4,1,1082.44,616.71,465.73,273.27,2.66,0,0,2025-12-09 07:00:00,1,1,1
TXN-03-04873,STORE-017,Apparel,BrandF,Online,UPC-377642443,SKU-APP-9126,Scarf,1,1,3,85.83,49.47,36.36,98.7,12.87,0,0,2025-12-19 11:00:00,1,1,1
TXN-03-02797,STORE-002,Grocery,BrandF,In-Store,UPC-942703514,SKU-GRO-9610,Rice,2,2,0,409.28,237.17,172.11,225.49,20.85,0,0,2025-12-15 12:00:00,1,0,1
TXN-03-03126,STORE-009,Grocery,BrandC,Online,UPC-322401248,SKU-GRO-3428,Coffee,1,1,2,24.09,11.9,12.19,34.15,10.06,0,0,2025-12-24 23:00:00,1,0,1
TXN-03-04314,STORE-003,Home & Garden,BrandC,Online,UPC-792522527,SKU-HOM-6070,Vase,1,1,0,11.42,6.85,4.57,11.91,0.49,0,0,2025-12-07 19:00:00,0,0,1
TXN-03-04460,STORE-016,Electronics,BrandD,Online,UPC-309105630,SKU-ELE-4301,Tablet,9,9,1,268.2,109.64,158.56,41.46,11.66,0,0,2025-12-08 07:00:00,1,0,1
TXN-03-02610,STORE-006,Apparel,BrandD,In-Store,UPC-626294285,SKU-APP-4053,Shoes,9,9,4,935.1,415.25,519.85,138.6,34.7,1,0,2025-12-23 04:00:00,1,0,1
TXN-03-04949,STORE-019,Home & Garden,BrandG,Online,UPC-656054419,SKU-HOM-2200,Rug,1,1,4,361.86,269.26,92.6,389.8,27.94,0,0,2025-12-16 07:00:00,1,0,1
TXN-03-02362,STORE-003,Grocery,BrandE,Online,UPC-333785171,SKU-GRO-3245,Bread,3,3,0,830.13,455.15,374.98,285.32,8.61,1,1,2025-12-30 00:00:00,0,0,1
TXN-03-00427,STORE-010,Electronics,BrandE,Mobile,UPC-834284524,SKU-ELE-7757,Tablet,3,3,3,461.7,327.38,134.32,177.77,23.87,0,0,2025-12-20 11:00:00,1,1,1
TXN-03-04895,STORE-004,Electronics,BrandC,In-Store,UPC-947756259,SKU-ELE-4023,Phone,8,8,4,3314.4,1592.08,1722.32,476.76,62.46,0,0,2025-12-06 00:00:00,1,0,1
TXN-03-01917,STORE-004,Apparel,BrandB,In-Store,UPC-537025834,SKU-APP-1884,Hat,2,2,0,107.6,53.54,54.06,73.52,19.72,0,0,2025-12-30 04:00:00,1,0,1
TXN-03-03426,STORE-013,Apparel,BrandF,In-Store,UPC-929012229,SKU-APP-9326,Socks,6,6,0,2088.12,972.86,1115.26,460.93,112.91,0,0,2025-12-08 04:00:00,1,0,1
TXN-03-05757,STORE-001,Grocery,BrandC,Mobile,UPC-210642923,SKU-GRO-4097,Juice,2,2,0,218.8,138.11,80.69,126.31,16.91,0,0,2025-12-25 08:00:00,1,1,1
TXN-03-00884,STORE-019,Electronics,BrandC,In-Store,UPC-912823699,SKU-ELE-9984,Monitor,6,6,4,1598.7,882.11,716.59,376.69,110.24,0,0,2025-12-04 05:00:00,1,0,1
TXN-03-01625,STORE-019,Electronics,BrandE,Online,UPC-576283138,SKU-ELE-1900,Headphones,4,4,2,408.0,262.2,145.8,130.68,28.68,0,0,2025-12-02 03:00:00,1,1,1
TXN-03-02417,STORE-001,Grocery,BrandD,Online,UPC-120620126,SKU-GRO-4430,Juice,5,5,0,1490.9,723.51,767.39,417.2,119.02,0,0,2025-12-17 23:00:00,0,0,1
TXN-03-04392,STORE-014,Electronics,BrandB,In-Store,UPC-684706852,SKU-ELE-4596,Camera,5,5,1,230.8,170.22,60.58,51.88,5.72,1,0,2025-12-12 17:00:00,1,0,1
TXN-03-03813,STORE-002,Apparel,BrandD,In-Store,UPC-797716343,SKU-APP-4971,Hat,2,2,3,218.54,106.1,112.44,120.76,11.49,0,0,2025-12-16 15:00:00,1,0,1
TXN-03-03244,STORE-019,Home & Garden,BrandH,Online,UPC-276194811,SKU-HOM-8548,Rug,1,1,0,180.3,103.86,76.44,187.74,7.44,0,0,2025-12-10 12:00:00,1,0,1
TXN-03-03501,STORE-013,Electronics,BrandB,In-Store,UPC-964859629,SKU-ELE-4498,Phone,1,1,0,202.22,91.29,110.93,226.01,23.79,0,0,2025-12-05 20:00:00,0,0,1
TXN-03-00055,STORE-008,Grocery,BrandF,Online,UPC-475290595,SKU-GRO-5015,Snack Bar,6,6,4,452.04,202.97,249.07,77.76,2.42,0,0,2025-12-09 06:00:00,1,0,1
TXN-03-05317,STORE-013,Electronics,BrandF,Mobile,UPC-813223505,SKU-ELE-6806,Headphones,1,1,4,17.94,13.3,4.64,22.07,4.13,0,0,2025-12-22 17:00:00,1,0,1
TXN-03-00902,STORE-014,Sports,BrandH,Online,UPC-392816796,SKU-SPO-6344,Yoga Mat,7,7,0,2456.09,1202.07,1254.02,485.24,134.37,0,0,2025-12-17 22:00:00,1,1,1
TXN-03-00744,STORE-004,Electronics,BrandE,In-Store,UPC-345038136,SKU-ELE-4754,Monitor,9,9,1,1348.11,696.87,651.24,150.1,0.31,0,0,2025-12-17 02:00:00,1,0,1
TXN-03-05345,STORE-015,Apparel,BrandH,Mobile,UPC-251143305,SKU-APP-1495,Jeans,1,1,1,379.06,216.08,162.98,486.56,107.5,0,0,2025-12-05 21:00:00,1,0,1
TXN-03-02288,STORE-008,Grocery,BrandD,Online,UPC-993746491,SKU-GRO-9711,Rice,2,2,4,80.38,54.44,25.94,54.4,14.21,1,1,2025-12-02 20:00:00,0,0,1
TXN-03-00828,STORE-008,Electronics,BrandA,Mobile,UPC-258839483,SKU-ELE-5811,Charger,3,3,0,1250.25,763.37,486.88,422.97,6.22,0,0,2025-12-01 02:00:00,1,1,1
TXN-03-00894,STORE-016,Sports,BrandC,In-Store,UPC-653809750,SKU-SPO-7713,Resistance Band,7,7,2,1418.76,1017.18,401.58,244.28,41.6,0,0,2025-12-14 09:00:00,1,0,1
TXN-03-04376,STORE-005,Home & Garden,BrandH,In-Store,UPC-789202979,SKU-HOM-3773,Vase,9,9,2,708.03,293.85,414.18,89.37,10.7,0,0,2025-12-07 15:00:00,0,0,1
TXN-03-06001,STORE-005,Grocery,BrandD,Mobile,UPC-172287833,SKU-GRO-3576,Snack Bar,1,1,2,55.77,25.95,29.82,73.44,17.67,0,0,2025-12-24 15:00:00,1,1,1
TXN-03-00644,STORE-005,Electronics,BrandA,In-Store,UPC-363686424,SKU-ELE-7443,Charger,5,5,4,227.55,92.18,135.37,63.45,17.94,0,0,2025-12-11 10:00:00,1,1,1
TXN-03-02458,STORE-001,Apparel,BrandE,In-Store,UPC-146298485,SKU-APP-6238,Shoes,9,9,2,2744.28,1143.73,1600.55,369.07,64.15,0,0,2025-12-25 22:00:00,1,1,1
TXN-03-02841,STORE-004,Apparel,BrandF,In-Store,UPC-917734864,SKU-APP-7708,Hat,6,6,0,1476.0,607.63,868.37,246.16,0.16,0,0,2025-12-01 18:00:00,0,0,1
TXN-03-04257,STORE-019,Electronics,BrandD,In-Store,UPC-412739734,SKU-ELE-6247,Tablet,6,6,2,1445.82,979.2,466.62,269.45,28.48,1,0,2025-12-02 13:00:00,1,1,1
TXN-03-01015,STORE-007,Home & Garden,BrandG,Mobile,UPC-480808060,SKU-HOM-2544,Cushion,4,4,2,22.08,9.24,12.84,6.39,0.87,0,0,2025-12-13 05:00:00,1,0,1
TXN-03-01941,STORE-015,Grocery,BrandF,In-Store,UPC-190365287,SKU-GRO-6131,Rice,3,3,3,881.82,568.95,312.87,374.8,80.86,0,0,2025-12-20 02:00:00,1,1,1
TXN-03-02657,STORE-020,Apparel,BrandG,In-Store,UPC-114334994,SKU-APP-7769,T-Shirt,1,1,0,52.19,36.53,15.66,72.9,20.71,0,0,2025-12-28 11:00:00,1,0,1
TXN-03-02284,STORE-001,Sports,BrandC,In-Store,UPC-703292703,SKU-SPO-6977,Resistance Band,8,8,2,138.4,83.85,54.55,21.13,3.83,0,0,2025-12-03 16:00:00,0,0,1
TXN-03-00474,STORE-020,Home & Garden,BrandB,In-Store,UPC-937782976,SKU-HOM-1432,Cushion,2,2,2,225.36,139.35,86.01,146.68,34.0,0,0,2025-12-19 22:00:00,1,1,1
TXN-03-01657,STORE-005,Electronics,BrandH,Online,UPC-917491750,SKU-ELE-8216,Charger,8,8,3,1685.84,1177.84,508.0,270.66,59.93,0,0,2025-12-03 00:00:00,1,0,1
TXN-03-00915,STORE-001,Grocery,BrandF,In-Store,UPC-495704086,SKU-GRO-5968,Coffee,4,4,2,462.4,324.9,137.5,148.46,32.86,0,0,2025-12-28 07:00:00,0,1,1
TXN-03-01729,STORE-016,Home & Garden,BrandC,In-Store,UPC-459974991,SKU-HOM-8538,Vase,3,3,4,201.36,111.56,89.8,82.92,15.8,0,0,2025-12-05 20:00:00,1,0,1
TXN-03-05784,STORE-008,Electronics,BrandF,Online,UPC-958902220,SKU-ELE-2538,Monitor,3,3,3,151.83,67.93,83.9,59.97,9.36,0,0,2025-12-08 06:00:00,0,1,1
TXN-03-01765,STORE-011,Electronics,BrandD,In-Store,UPC-368806884,SKU-ELE-2655,Monitor,6,6,1,2587.92,1846.28,741.64,478.22,46.9,0,0,2025-12-24 02:00:00,1,0,1
TXN-03-04809,STORE-003,Apparel,BrandF,Online,UPC-926638855,SKU-APP-8251,Dress,6,6,2,916.98,626.58,290.4,183.82,30.99,0,0,2025-12-15 10:00:00,1,0,1
TXN-03-03904,STORE-008,Grocery,BrandB,Mobile,UPC-404526017,SKU-GRO-6917,Coffee,7,7,1,2973.11,1477.74,1495.37,477.2,52.47,0,0,2025-12-10 03:00:00,0,1,1
TXN-03-02740,STORE-017,Sports,BrandH,Online,UPC-319294392,SKU-SPO-8291,Water Bottle,9,9,2,436.86,286.95,149.91,51.5,2.96,0,0,2025-12-13 12:00:00,1,0,1
TXN-03-01878,STORE-010,Grocery,BrandD,In-Store,UPC-462471311,SKU-GRO-5601,Cereal,8,8,2,3291.44,1376.9,1914.54,477.77,66.34,0,0,2025-12-22 19:00:00,0,0,1
TXN-03-02553,STORE-002,Electronics,BrandA,Mobile,UPC-858249200,SKU-ELE-1326,Headphones,9,9,0,2582.01,1051.04,1530.97,312.17,25.28,0,0,2025-12-11 17:00:00,1,0,1
TXN-03-02961,STORE-001,Electronics,BrandG,Online,UPC-215904769,SKU-ELE-4795,Charger,1,1,4,8.89,3.99,4.9,10.59,1.7,0,0,2025-12-14 06:00:00,1,0,1
TXN-03-05310,STORE-010,Sports,BrandA,In-Store,UPC-559635768,SKU-SPO-4692,Jersey,4,4,3,260.2,176.7,83.5,80.08,15.03,0,0,2025-12-04 08:00:00,1,1,1
TXN-03-06160,STORE-015,Grocery,BrandF,Online,UPC-403669654,SKU-GRO-3916,Snack Bar,4,4,4,1066.72,523.67,543.05,296.86,30.18,0,0,2025-12-06 03:00:00,1,0,1
TXN-03-04741,STORE-002,Sports,BrandD,Mobile,UPC-769815279,SKU-SPO-4028,Dumbbell,7,7,1,2180.5,945.95,1234.55,358.91,47.41,0,0,2025-12-03 17:00:00,1,1,1
TXN-03-04497,STORE-016,Sports,BrandF,Mobile,UPC-510316293,SKU-SPO-8827,Running Shoes,3,3,1,1161.09,672.38,488.71,391.98,4.95,0,0,2025-12-03 14:00:00,1,0,1
TXN-03-05795,STORE-010,Home & Garden,BrandE,In-Store,UPC-162705030,SKU-HOM-1709,Chair,8,8,2,2748.8,2015.16,733.64,382.78,39.18,0,0,2025-12-11 19:00:00,1,0,1
TXN-03-03978,STORE-006,Home & Garden,BrandA,Online,UPC-417714918,SKU-HOM-3980,Plant Pot,6,6,1,1166.16,858.32,307.84,210.97,16.61,1,0,2025-12-19 15:00:00,0,0,1
TXN-03-03108,STORE-005,Sports,BrandA,Mobile,UPC-990826083,SKU-SPO-6424,Cap,3,3,0,992.01,659.06,332.95,384.98,54.31,0,0,2025-12-20 07:00:00,0,1,1
TXN-03-02725,STORE-009,Home & Garden,BrandC,Mobile,UPC-674144034,SKU-HOM-2888,Chair,8,8,1,2986.32,1373.03,1613.29,450.52,77.23,0,0,2025-12-20 22:00:00,1,0,1
TXN-03-04432,STORE-015,Electronics,BrandC,In-Store,UPC-996113477,SKU-ELE-5346,Camera,3,3,2,722.76,454.8,267.96,249.3,8.38,0,0,2025-12-24 08:00:00,1,1,1
TXN-03-04187,STORE-012,Sports,BrandA,Mobile,UPC-301661582,SKU-SPO-9948,Backpack,9,9,4,3118.32,1398.1,1720.22,393.64,47.16,0,0,2025-12-25 12:00:00,0,0,1
TXN-03-04676,STORE-005,Grocery,BrandG,In-Store,UPC-166644558,SKU-GRO-4976,Juice,1,1,3,218.8,152.92,65.88,269.62,50.82,0,0,2025-12-09 02:00:00,1,0,1
TXN-03-04269,STORE-005,Grocery,BrandC,Online,UPC-247781420,SKU-GRO-8289,Bread,4,4,4,123.28,53.46,69.82,31.94,1.12,1,1,2025-12-20 17:00:00,1,1,1
TXN-03-05238,STORE-009,Sports,BrandB,Mobile,UPC-624999612,SKU-SPO-8944,Cap,1,1,1,324.98,210.42,114.56,354.75,29.77,0,0,2025-12-27 10:00:00,1,0,1
TXN-03-03288,STORE-012,Grocery,BrandA,Online,UPC-438338321,SKU-GRO-9643,Rice,7,7,3,993.58,523.98,469.6,174.53,32.59,1,1,2025-12-19 23:00:00,0,0,1
TXN-03-03691,STORE-014,Apparel,BrandF,Mobile,UPC-237302573,SKU-APP-4484,Scarf,2,2,1,457.38,334.2,123.18,238.48,9.79,0,0,2025-12-09 21:00:00,1,0,1
TXN-03-05361,STORE-004,Electronics,BrandA,In-Store,UPC-552772026,SKU-ELE-9630,Camera,3,3,0,100.92,64.14,36.78,36.47,2.83,0,0,2025-12-15 06:00:00,0,0,1
TXN-03-05823,STORE-014,Home & Garden,BrandD,In-Store,UPC-792494418,SKU-HOM-8428,Plant Pot,1,1,3,131.52,55.76,75.76,143.76,12.24,0,0,2025-12-01 00:00:00,1,1,1
TXN-03-00516,STORE-005,Home & Garden,BrandD,Mobile,UPC-690129491,SKU-HOM-6939,Tool Set,3,3,0,924.12,398.21,525.91,419.9,111.86,0,0,2025-12-18 17:00:00,1,0,1
TXN-03-02985,STORE-013,Grocery,BrandB,Online,UPC-283904620,SKU-GRO-7460,Rice,9,9,2,3807.81,1787.79,2020.02,443.53,20.44,0,0,2025-12-27 09:00:00,1,0,1
TXN-03-03715,STORE-008,Grocery,BrandE,Online,UPC-129447862,SKU-GRO-3950,Coffee,7,7,3,107.31,74.18,33.13,17.94,2.61,0,0,2025-12-08 00:00:00,1,1,1
TXN-03-00632,STORE-007,Sports,BrandB,Mobile,UPC-372857237,SKU-SPO-4422,Backpack,7,7,4,2172.94,1377.06,795.88,316.82,6.4,0,0,2025-12-05 06:00:00,0,0,1
TXN-03-05466,STORE-013,Apparel,BrandG,In-Store,UPC-807988010,SKU-APP-9815,Hat,4,4,4,1184.6,815.11,369.49,298.74,2.59,0,0,2025-12-04 10:00:00,0,0,1
TXN-03-04940,STORE-006,Apparel,BrandG,In-Store,UPC-489694186,SKU-APP-3449,T-Shirt,6,6,1,423.18,216.89,206.29,72.42,1.89,0,0,2025-12-22 19:00:00,1,0,1
TXN-03-03104,STORE-006,Apparel,BrandB,In-Store,UPC-128779330,SKU-APP-4458,Jeans,9,9,4,1573.56,696.46,877.1,208.23,33.39,0,0,2025-12-10 23:00:00,1,0,1
TXN-03-00849,STORE-005,Sports,BrandG,In-Store,UPC-290884019,SKU-SPO-7974,Jersey,5,5,2,916.8,522.04,394.76,209.63,26.27,0,0,2025-12-25 17:00:00,0,1,1
TXN-03-02565,STORE-014,Apparel,BrandF,Mobile,UPC-407549927,SKU-APP-6769,Jacket,5,5,4,1004.5,653.86,350.64,204.35,3.45,0,0,2025-12-12 04:00:00,0,0,1
TXN-03-06374,STORE-016,Electronics,BrandA,In-Store,UPC-160165852,SKU-ELE-2745,Phone,7,7,3,391.72,240.86,150.86,69.07,13.11,0,0,2025-12-15 00:00:00,1,1,1
TXN-03-05295,STORE-017,Grocery,BrandE,Online,UPC-732750394,SKU-GRO-9766,Bread,9,9,4,1762.47,907.22,855.25,243.83,48.0,0,0,2025-12-03 07:00:00,1,0,1
TXN-03-05838,STORE-004,Grocery,BrandB,In-Store,UPC-936000035,SKU-GRO-3345,Rice,5,5,3,1336.6,833.72,502.88,301.67,34.35,0,0,2025-12-01 02:00:00,1,1,1
TXN-03-06143,STORE-007,Home & Garden,BrandG,In-Store,UPC-237999241,SKU-HOM-1567,Cushion,1,1,3,242.21,157.99,84.22,271.34,29.13,0,0,2025-12-24 20:00:00,1,0,1
TXN-03-04710,STORE-004,Apparel,BrandE,In-Store,UPC-702570062,SKU-APP-1086,Dress,5,5,2,1032.45,754.43,278.02,286.79,80.3,0,0,2025-12-26 07:00:00,1,0,1
TXN-03-03772,STORE-020,Apparel,BrandG,Online,UPC-794951013,SKU-APP-2083,Jacket,6,6,4,1477.08,1044.5,432.58,274.17,27.99,0,0,2025-12-11 18:00:00,1,0,1
TXN-03-01506,STORE-010,Electronics,BrandG,Online,UPC-454209058,SKU-ELE-8492,Monitor,3,3,1,589.53,355.24,234.29,215.22,18.71,0,0,2025-12-17 06:00:00,0,1,1
TXN-03-00107,STORE-004,Apparel,BrandA,Online,UPC-810776325,SKU-APP-9655,Dress,3,3,0,284.01,117.08,166.93,97.54,2.87,1,0,2025-12-17 20:00:00,0,0,1
TXN-03-03219,STORE-008,Electronics,BrandA,Online,UPC-562636385,SKU-ELE-5402,Headphones,1,1,1,48.06,25.76,22.3,60.36,12.3,0,0,2025-12-02 03:00:00,1,0,1
TXN-03-05434,STORE-005,Electronics,BrandD,In-Store,UPC-845871009,SKU-ELE-9555,Monitor,9,9,4,1235.16,499.14,736.02,173.3,36.06,0,0,2025-12-11 07:00:00,0,0,1
TXN-03-01300,STORE-011,Grocery,BrandC,Online,UPC-870915648,SKU-GRO-1058,Snack Bar,4,4,3,1494.6,797.74,696.86,470.98,97.33,0,0,2025-12-25 13:00:00,1,0,1
TXN-03-04767,STORE-005,Grocery,BrandH,Online,UPC-984615894,SKU-GRO-7252,Milk,3,3,1,1255.89,696.34,559.55,463.11,44.48,0,0,2025-12-18 15:00:00,1,1,1
TXN-03-05289,STORE-018,Home & Garden,BrandE,Online,UPC-782841621,SKU-HOM-1266,Tool Set,6,6,3,1880.04,939.1,940.94,413.31,99.97,0,0,2025-12-07 15:00:00,1,1,1
TXN-03-00370,STORE-020,Home & Garden,BrandA,In-Store,UPC-990549118,SKU-HOM-8747,Vase,7,7,2,597.66,282.54,315.12,85.59,0.21,0,0,2025-12-03 07:00:00,0,0,1
TXN-03-03027,STORE-005,Apparel,BrandA,In-Store,UPC-753072613,SKU-APP-7167,Shoes,2,2,2,764.4,555.73,208.67,411.76,29.56,0,0,2025-12-11 16:00:00,1,0,1
TXN-03-01766,STORE-008,Sports,BrandA,Online,UPC-865947514,SKU-SPO-5635,Jersey,7,7,1,530.46,253.49,276.97,82.01,6.23,0,0,2025-12-30 02:00:00,0,0,1
TXN-03-02354,STORE-009,Sports,BrandC,Online,UPC-621821717,SKU-SPO-3515,Resistance Band,7,7,3,1342.67,920.85,421.82,203.01,11.2,0,0,2025-12-17 17:00:00,1,0,1
TXN-03-03946,STORE-006,Home & Garden,BrandB,In-Store,UPC-121717201,SKU-HOM-8402,Vase,7,7,4,1751.82,1094.37,657.45,310.22,59.96,0,0,2025-12-21 03:00:00,1,0,1
TXN-03-00983,STORE-016,Apparel,BrandC,In-Store,UPC-572804638,SKU-APP-2002,Shoes,6,6,4,2402.82,1027.5,1375.32,480.11,79.64,0,0,2025-12-02 13:00:00,0,0,1
TXN-03-02890,STORE-009,Apparel,BrandA,In-Store,UPC-601294053,SKU-APP-1764,T-Shirt,1,1,1,59.28,42.14,17.14,64.27,4.99,1,0,2025-12-05 23:00:00,0,0,1
TXN-03-00665,STORE-001,Electronics,BrandH,Online,UPC-560849933,SKU-ELE-5113,Speaker,9,9,3,2398.77,1131.41,1267.36,329.91,63.38,0,0,2025-12-12 13:00:00,0,1,1
TXN-03-03425,STORE-003,Sports,BrandF,In-Store,UPC-638150327,SKU-SPO-1010,Backpack,2,2,1,160.64,96.49,64.15,85.64,5.32,0,0,2025-12-19 09:00:00,1,1,1
TXN-03-04698,STORE-010,Sports,BrandE,In-Store,UPC-102287898,SKU-SPO-2809,Yoga Mat,5,5,4,390.55,215.6,174.95,78.41,0.3,0,0,2025-12-12 19:00:00,0,1,1
TXN-03-01425,STORE-013,Apparel,BrandF,Online,UPC-236350275,SKU-APP-4661,Jeans,2,2,4,435.48,275.57,159.91,242.8,25.06,0,0,2025-12-29 11:00:00,1,0,1
TXN-03-03337,STORE-001,Grocery,BrandG,Online,UPC-248350704,SKU-GRO-3769,Milk,3,3,4,1153.02,614.01,539.01,398.04,13.7,0,0,2025-12-12 22:00:00,1,0,1
TXN-03-05694,STORE-015,Grocery,BrandG,Mobile,UPC-954125572,SKU-GRO-7672,Coffee,5,5,3,1813.0,835.57,977.43,485.34,122.74,0,0,2025-12-30 14:00:00,1,1,1
TXN-03-05127,STORE-010,Grocery,BrandG,Online,UPC-312715325,SKU-GRO-9438,Milk,7,7,2,2267.09,1480.09,787.0,355.4,31.53,0,0,2025-12-25 18:00:00,0,1,1
TXN-03-05217,STORE-008,Sports,BrandH,In-Store,UPC-881089241,SKU-SPO-4705,Water Bottle,1,1,3,178.81,94.81,84.0,184.04,5.23,0,0,2025-12-01 04:00:00,1,1,1
TXN-03-00943,STORE-018,Apparel,BrandB,In-Store,UPC-503044496,SKU-APP-7800,Socks,9,9,1,874.17,411.41,462.76,111.65,14.52,0,0,2025-12-05 19:00:00,0,1,1
TXN-03-00604,STORE-005,Grocery,BrandC,In-Store,UPC-963012343,SKU-GRO-4660,Bread,8,8,4,2048.72,1502.48,546.24,364.73,108.64,0,0,2025-12-15 09:00:00,1,0,1
TXN-03-02479,STORE-008,Electronics,BrandF,In-Store,UPC-602742236,SKU-ELE-1045,Laptop,2,2,3,499.12,304.39,194.73,317.9,68.34,0,0,2025-12-13 01:00:00,0,1,1
TXN-03-00673,STORE-005,Electronics,BrandE,In-Store,UPC-472592351,SKU-ELE-7283,Headphones,7,7,1,1727.88,853.72,874.16,343.89,97.05,1,0,2025-12-01 03:00:00,0,0,1
TXN-03-06019,STORE-015,Home & Garden,BrandE,Online,UPC-101782420,SKU-HOM-8769,Vase,3,3,3,163.83,73.05,90.78,57.93,3.32,0,0,2025-12-17 03:00:00,1,0,1
TXN-03-01327,STORE-019,Sports,BrandH,Online,UPC-179316460,SKU-SPO-9392,Backpack,2,2,2,474.68,193.3,281.38,256.93,19.59,0,0,2025-12-27 13:00:00,1,1,1
TXN-03-05293,STORE-020,Electronics,BrandC,Mobile,UPC-131051351,SKU-ELE-3140,Tablet,3,3,2,1138.32,556.3,582.02,395.03,15.59,0,0,2025-12-26 23:00:00,1,0,1
TXN-03-04761,STORE-011,Apparel,BrandE,In-Store,UPC-138466540,SKU-APP-8373,Socks,7,7,3,2164.05,988.83,1175.22,316.87,7.72,0,0,2025-12-26 10:00:00,0,0,1
TXN-03-03942,STORE-017,Apparel,BrandE,Online,UPC-633263705,SKU-APP-6472,Socks,5,5,1,100.0,40.71,59.29,20.81,0.81,0,0,2025-12-28 19:00:00,0,1,1
TXN-03-03635,STORE-009,Home & Garden,BrandD,Online,UPC-762686613,SKU-HOM-9171,Plant Pot,6,6,2,1220.34,854.33,366.01,228.8,25.41,0,0,2025-12-29 06:00:00,1,0,1
TXN-03-05857,STORE-012,Electronics,BrandE,In-Store,UPC-944491982,SKU-ELE-9771,Headphones,5,5,1,1457.2,1074.4,382.8,310.29,18.85,0,0,2025-12-01 04:00:00,0,1,1
TXN-03-05553,STORE-019,Grocery,BrandC,In-Store,UPC-556201698,SKU-GRO-1536,Pasta,8,8,2,2805.84,1445.76,1360.08,376.86,26.13,0,0,2025-12-20 16:00:00,1,1,1
TXN-03-03127,STORE-020,Sports,BrandD,In-Store,UPC-332610691,SKU-SPO-2197,Water Bottle,3,3,1,968.82,699.2,269.62,425.15,102.21,0,0,2025-12-17 10:00:00,1,0,1
TXN-03-04957,STORE-005,Apparel,BrandF,In-Store,UPC-361904872,SKU-APP-8428,T-Shirt,8,8,4,2590.56,1607.84,982.72,414.17,90.35,0,0,2025-12-12 21:00:00,1,1,1
TXN-03-05010,STORE-020,Grocery,BrandG,Online,UPC-947657777,SKU-GRO-1899,Bread,7,7,0,3130.61,1697.89,1432.72,488.65,41.42,0,0,2025-12-30 12:00:00,1,0,1
TXN-03-01083,STORE-011,Home & Garden,BrandD,In-Store,UPC-381375357,SKU-HOM-4010,Hose,6,6,0,1147.5,664.81,482.69,200.7,9.45,0,0,2025-12-27 01:00:00,0,0,1
TXN-03-05042,STORE-005,Electronics,BrandF,Mobile,UPC-990383823,SKU-ELE-8764,Laptop,6,6,0,1596.78,676.51,920.27,288.85,22.72,0,0,2025-12-15 09:00:00,0,1,1
TXN-03-00567,STORE-013,Home & Garden,BrandF,Mobile,UPC-622882632,SKU-HOM-1581,Rug,2,2,4,657.68,284.45,373.23,407.06,78.22,0,0,2025-12-24 13:00:00,0,0,1
TXN-03-00043,STORE-016,Apparel,BrandA,In-Store,UPC-106435991,SKU-APP-4849,Dress,3,3,2,938.1,469.8,468.3,408.2,95.5,0,0,2025-12-17 10:00:00,1,1,1
TXN-03-05822,STORE-003,Sports,BrandH,In-Store,UPC-883052767,SKU-SPO-1078,Resistance Band,1,1,2,153.63,104.47,49.16,167.49,13.86,0,0,2025-12-14 23:00:00,1,1,1
TXN-03-05079,STORE-018,Sports,BrandF,Mobile,UPC-522458293,SKU-SPO-7022,Resistance Band,8,8,4,1740.08,1254.4,485.68,253.85,36.34,1,1,2025-12-03 19:00:00,0,0,1
TXN-03-02658,STORE-007,Sports,BrandC,Online,UPC-550528923,SKU-SPO-3893,Dumbbell,3,3,1,770.13,406.09,364.04,315.88,59.17,0,0,2025-12-20 02:00:00,1,1,1
TXN-03-01813,STORE-011,Apparel,BrandH,In-Store,UPC-635131116,SKU-APP-7075,Scarf,4,4,0,1010.36,597.52,412.84,313.79,61.2,0,0,2025-12-15 14:00:00,1,1,1
TXN-03-05444,STORE-003,Electronics,BrandA,Online,UPC-343097854,SKU-ELE-7385,Charger,1,1,0,308.1,173.05,135.05,367.56,59.46,0,0,2025-12-10 02:00:00,0,0,1
TXN-03-02263,STORE-013,Apparel,BrandE,In-Store,UPC-676692557,SKU-APP-8652,Dress,4,4,0,1151.84,663.0,488.84,408.76,120.8,0,0,2025-12-28 10:00:00,0,1,1
TXN-03-03390,STORE-015,Apparel,BrandD,In-Store,UPC-129959580,SKU-APP-6778,Hat,2,2,3,628.7,435.83,192.87,366.48,52.13,0,0,2025-12-08 06:00:00,1,1,1
TXN-03-03543,STORE-004,Sports,BrandD,Online,UPC-797242115,SKU-SPO-3369,Running Shoes,1,1,4,280.1,188.52,91.58,320.48,40.38,0,0,2025-12-13 02:00:00,0,0,1
TXN-03-05808,STORE-007,Electronics,BrandB,Online,UPC-888570626,SKU-ELE-3034,Tablet,5,5,3,269.55,147.61,121.94,63.37,9.46,0,0,2025-12-25 02:00:00,0,1,1
TXN-03-01800,STORE-015,Home & Garden,BrandE,Online,UPC-595076152,SKU-HOM-2196,Chair,8,8,0,359.76,183.34,176.42,51.79,6.82,0,0,2025-12-23 00:00:00,1,0,1
TXN-03-01798,STORE-014,Sports,BrandF,In-Store,UPC-964070201,SKU-SPO-4293,Cap,7,7,0,2005.22,1343.77,661.45,324.71,38.25,0,0,2025-12-03 19:00:00,0,0,1
TXN-03-04689,STORE-008,Electronics,BrandH,Online,UPC-276796808,SKU-ELE-9769,Tablet,6,6,1,537.06,235.43,301.63,110.89,21.38,0,0,2025-12-24 16:00:00,0,1,1
TXN-03-03167,STORE-005,Apparel,BrandC,In-Store,UPC-666844291,SKU-APP-5226,Hat,9,9,2,148.68,95.17,53.51,18.24,1.72,1,0,2025-12-07 10:00:00,0,0,1
TXN-03-04800,STORE-002,Grocery,BrandH,Online,UPC-158451410,SKU-GRO-5970,Cereal,4,4,4,387.24,261.7,125.54,128.37,31.56,0,0,2025-12-22 11:00:00,0,0,1
TXN-03-01525,STORE-013,Electronics,BrandB,Online,UPC-938254007,SKU-ELE-5727,Phone,7,7,3,194.18,101.01,93.17,30.2,2.46,1,1,2025-12-24 18:00:00,0,0,1
TXN-03-05244,STORE-001,Grocery,BrandB,In-Store,UPC-654631523,SKU-GRO-1591,Bread,1,1,3,376.61,227.15,149.46,471.52,94.91,0,0,2025-12-29 23:00:00,1,0,1
TXN-03-03567,STORE-015,Grocery,BrandE,Mobile,UPC-637217588,SKU-GRO-5505,Bread,3,3,0,898.02,525.94,372.08,304.25,4.91,0,0,2025-12-21 07:00:00,0,0,1
TXN-03-03748,STORE-013,Electronics,BrandD,In-Store,UPC-985608273,SKU-ELE-7512,Monitor,1,1,3,310.92,195.55,115.37,313.36,2.44,0,0,2025-12-21 16:00:00,1,1,1
TXN-03-03168,STORE-006,Sports,BrandF,Online,UPC-891795561,SKU-SPO-4450,Running Shoes,3,3,0,1156.26,862.31,293.95,433.27,47.85,0,0,2025-12-28 03:00:00,1,0,1
TXN-03-03289,STORE-020,Grocery,BrandC,In-Store,UPC-474346300,SKU-GRO-8554,Bread,9,9,2,3334.68,2196.94,1137.74,482.27,111.75,0,0,2025-12-22 22:00:00,1,1,1
TXN-03-05156,STORE-016,Home & Garden,BrandC,In-Store,UPC-796866739,SKU-HOM-6096,Lamp,5,5,4,1562.9,876.24,686.66,355.88,43.3,0,0,2025-12-13 19:00:00,0,0,1
TXN-03-03565,STORE-019,Grocery,BrandG,In-Store,UPC-189791664,SKU-GRO-8994,Cereal,1,1,3,15.16,9.01,6.15,16.28,1.12,0,0,2025-12-17 14:00:00,1,0,1
TXN-03-01943,STORE-005,Electronics,BrandB,In-Store,UPC-505192089,SKU-ELE-4779,Tablet,1,1,0,339.96,209.95,130.01,369.25,29.29,1,0,2025-12-26 02:00:00,1,0,1
TXN-03-03981,STORE-019,Electronics,BrandD,In-Store,UPC-488440332,SKU-ELE-5131,Charger,2,2,1,823.3,594.2,229.1,454.39,42.74,0,0,2025-12-02 15:00:00,0,0,1
TXN-03-01166,STORE-001,Sports,BrandF,Mobile,UPC-816681680,SKU-SPO-3304,Cap,5,5,1,1541.8,1055.49,486.31,343.57,35.21,0,0,2025-12-09 14:00:00,1,0,1
TXN-03-05093,STORE-012,Sports,BrandD,Online,UPC-780416155,SKU-SPO-7147,Dumbbell,9,9,4,1902.96,1374.72,528.24,258.15,46.71,0,0,2025-12-27 10:00:00,0,0,1
TXN-03-01284,STORE-001,Apparel,BrandH,In-Store,UPC-265241537,SKU-APP-2973,Shoes,6,6,2,1276.74,574.24,702.5,222.8,10.01,0,0,2025-12-08 02:00:00,1,0,1
TXN-03-05436,STORE-008,Home & Garden,BrandC,In-Store,UPC-169892536,SKU-HOM-8421,Lamp,3,3,3,551.94,297.6,254.34,262.74,78.76,0,0,2025-12-04 16:00:00,0,1,1
TXN-03-02877,STORE-001,Apparel,BrandD,Online,UPC-752268379,SKU-APP-9959,Scarf,1,1,3,376.47,154.75,221.72,426.17,49.7,0,0,2025-12-24 07:00:00,1,0,1
TXN-03-01212,STORE-017,Electronics,BrandG,In-Store,UPC-256388004,SKU-ELE-1750,Speaker,4,4,3,1735.44,749.08,986.36,436.63,2.77,0,0,2025-12-29 23:00:00,0,0,1
TXN-03-05308,STORE-014,Electronics,BrandE,In-Store,UPC-840077043,SKU-ELE-2036,Headphones,6,6,3,1646.1,1029.39,616.71,294.81,20.46,0,0,2025-12-16 22:00:00,1,0,1
TXN-03-00452,STORE-009,Home & Garden,BrandC,Online,UPC-204183886,SKU-HOM-9170,Cushion,3,3,2,607.08,305.23,301.85,258.56,56.2,0,0,2025-12-30 00:00:00,0,1,1
TXN-03-04464,STORE-002,Apparel,BrandB,In-Store,UPC-858535612,SKU-APP-5296,Shoes,8,8,4,1244.48,791.68,452.8,169.01,13.45,0,0,2025-12-05 21:00:00,1,0,1
TXN-03-02723,STORE-015,Home & Garden,BrandH,In-Store,UPC-980222602,SKU-HOM-4279,Rug,3,3,1,1141.29,713.52,427.77,464.22,83.79,0,0,2025-12-21 22:00:00,1,0,1
TXN-03-00174,STORE-005,Grocery,BrandA,In-Store,UPC-373333983,SKU-GRO-1042,Milk,5,5,0,517.1,286.47,230.63,115.96,12.54,0,0,2025-12-14 10:00:00,0,0,1
TXN-03-03006,STORE-015,Grocery,BrandF,Mobile,UPC-186713623,SKU-GRO-7781,Juice,1,1,4,12.24,5.07,7.17,17.36,5.12,0,0,2025-12-23 20:00:00,0,0,1
TXN-03-16430,STORE-002,Electronics,BrandE,In-Store,UPC-599062988,SKU-ELE-9912,Speaker,6,6,4,2880.06,1526.37,1353.69,498.14,18.13,0,0,2025-12-22 03:00:00,1,1,1
TXN-03-04211,STORE-018,Home & Garden,BrandG,In-Store,UPC-765249399,SKU-HOM-9232,Vase,6,6,4,782.64,329.16,453.48,151.53,21.09,0,0,2025-12-06 21:00:00,1,1,1
TXN-03-00234,STORE-002,Electronics,BrandF,In-Store,UPC-722752392,SKU-ELE-8913,Monitor,9,9,3,242.82,142.76,100.06,27.85,0.87,0,0,2025-12-24 00:00:00,1,1,1
TXN-03-00338,STORE-005,Electronics,BrandA,In-Store,UPC-840822243,SKU-ELE-3784,Monitor,8,8,0,2924.48,1590.08,1334.4,471.44,105.88,0,0,2025-12-11 10:00:00,1,0,1
TXN-03-02765,STORE-013,Grocery,BrandD,In-Store,UPC-124771047,SKU-GRO-6415,Bread,7,7,4,2022.51,956.26,1066.25,411.29,122.36,1,0,2025-12-10 03:00:00,0,1,1
TXN-03-00846,STORE-018,Sports,BrandC,Online,UPC-299612282,SKU-SPO-2325,Cap,2,2,0,105.34,68.57,36.77,67.13,14.46,0,0,2025-12-04 10:00:00,0,0,1
TXN-03-00972,STORE-010,Home & Garden,BrandH,In-Store,UPC-799677548,SKU-HOM-3622,Cushion,4,4,3,169.48,82.33,87.15,51.88,9.51,0,0,2025-12-17 18:00:00,0,0,1
TXN-03-02921,STORE-014,Home & Garden,BrandC,In-Store,UPC-181408500,SKU-HOM-8197,Lamp,8,8,2,1633.44,959.89,673.55,249.42,45.24,1,0,2025-12-21 02:00:00,1,0,1
TXN-03-02588,STORE-005,Grocery,BrandC,Online,UPC-553348514,SKU-GRO-7710,Milk,7,7,2,3159.94,2053.88,1106.06,452.26,0.84,0,0,2025-12-10 23:00:00,1,0,1
TXN-03-03037,STORE-007,Sports,BrandC,Online,UPC-520529744,SKU-SPO-8422,Jersey,4,4,4,1267.52,917.73,349.79,319.62,2.74,0,0,2025-12-05 03:00:00,0,0,1
TXN-03-04284,STORE-015,Grocery,BrandA,Online,UPC-261858318,SKU-GRO-6760,Milk,2,2,2,484.0,241.54,242.46,254.01,12.01,0,0,2025-12-20 00:00:00,0,1,1
TXN-03-01361,STORE-013,Grocery,BrandB,Online,UPC-616176224,SKU-GRO-9692,Juice,2,2,4,913.7,368.54,545.16,490.72,33.87,0,0,2025-12-21 19:00:00,1,0,1
TXN-03-00785,STORE-014,Electronics,BrandC,In-Store,UPC-763730751,SKU-ELE-3300,Monitor,4,4,0,946.76,481.13,465.63,328.39,91.7,0,0,2025-12-02 05:00:00,0,0,1
TXN-03-00024,STORE-011,Apparel,BrandE,Mobile,UPC-303080209,SKU-APP-9169,Shoes,9,9,2,2828.34,1551.86,1276.48,361.97,47.71,0,0,2025-12-06 16:00:00,1,0,1
TXN-03-01960,STORE-002,Grocery,BrandC,Online,UPC-787146479,SKU-GRO-4788,Juice,5,5,2,408.45,192.37,216.08,108.5,26.81,0,0,2025-12-14 01:00:00,1,0,1
TXN-03-16457,STORE-017,Apparel,BrandA,In-Store,UPC-159829884,SKU-APP-9367,Jeans,9,9,0,1514.25,1117.38,396.87,190.61,22.36,1,0,2025-12-21 23:00:00,1,1,1
TXN-03-02456,STORE-008,Apparel,BrandE,Online,UPC-729094599,SKU-APP-5571,Jacket,7,7,4,1511.93,783.8,728.13,240.99,25.0,0,0,2025-12-10 11:00:00,0,0,1
TXN-03-01652,STORE-002,Apparel,BrandC,In-Store,UPC-774679208,SKU-APP-4224,Jeans,9,9,3,266.67,144.97,121.7,37.15,7.52,0,0,2025-12-11 14:00:00,1,0,1
TXN-03-05398,STORE-009,Apparel,BrandA,Online,UPC-704711981,SKU-APP-7281,Hat,7,7,2,970.62,621.23,349.39,149.74,11.08,0,0,2025-12-20 21:00:00,1,1,1
TXN-03-04177,STORE-014,Electronics,BrandB,In-Store,UPC-467987641,SKU-ELE-3715,Headphones,5,5,0,2059.4,1468.6,590.8,418.14,6.26,0,0,2025-12-11 06:00:00,0,1,1
TXN-03-03496,STORE-018,Apparel,BrandH,Mobile,UPC-303621705,SKU-APP-6726,Socks,4,4,1,1110.68,612.87,497.81,380.58,102.91,0,0,2025-12-19 23:00:00,1,1,1
TXN-03-04005,STORE-012,Grocery,BrandA,In-Store,UPC-644132684,SKU-GRO-8586,Rice,1,1,1,403.48,262.84,140.64,436.75,33.27,0,0,2025-12-20 06:00:00,1,0,1
TXN-03-01018,STORE-019,Apparel,BrandA,In-Store,UPC-497030726,SKU-APP-6015,Dress,4,4,4,307.2,143.99,163.21,96.16,19.36,0,0,2025-12-29 05:00:00,1,0,1
TXN-03-00612,STORE-015,Grocery,BrandA,In-Store,UPC-614087163,SKU-GRO-7107,Cereal,8,8,1,2971.6,2102.1,869.5,484.26,112.81,0,0,2025-12-29 10:00:00,0,1,1
TXN-03-03763,STORE-001,Electronics,BrandE,In-Store,UPC-341356223,SKU-ELE-9322,Headphones,2,2,1,811.62,384.43,427.19,458.81,53.0,0,0,2025-12-07 14:00:00,0,1,1
TXN-03-05918,STORE-017,Home & Garden,BrandA,Online,UPC-817133787,SKU-HOM-4881,Chair,4,4,4,675.44,377.28,298.16,172.65,3.79,0,0,2025-12-03 06:00:00,1,1,1
TXN-03-00448,STORE-018,Home & Garden,BrandG,Online,UPC-575730948,SKU-HOM-9229,Lamp,6,6,1,1638.0,744.14,893.86,311.62,38.62,0,0,2025-12-19 06:00:00,0,1,1
TXN-03-06062,STORE-010,Apparel,BrandG,In-Store,UPC-164023732,SKU-APP-8618,Dress,2,2,3,508.72,291.81,216.91,316.72,62.36,0,0,2025-12-17 06:00:00,1,1,1
TXN-03-01113,STORE-010,Home & Garden,BrandH,In-Store,UPC-566241541,SKU-HOM-6114,Tool Set,7,7,3,1531.6,972.49,559.11,289.29,70.49,0,0,2025-12-03 06:00:00,0,0,1
TXN-03-00581,STORE-007,Home & Garden,BrandC,In-Store,UPC-837659414,SKU-HOM-5654,Lamp,8,8,3,3412.32,2280.61,1131.71,431.15,4.61,0,0,2025-12-27 16:00:00,0,1,1
TXN-03-01348,STORE-008,Grocery,BrandA,In-Store,UPC-376479099,SKU-GRO-1371,Bread,1,1,0,80.82,44.12,36.7,91.16,10.34,0,0,2025-12-11 23:00:00,1,0,1
TXN-03-05780,STORE-017,Sports,BrandG,Online,UPC-917457155,SKU-SPO-2033,Yoga Mat,5,5,4,655.95,282.98,372.97,178.35,47.16,1,1,2025-12-13 03:00:00,0,0,1
TXN-03-04820,STORE-005,Home & Garden,BrandH,Online,UPC-784747909,SKU-HOM-9792,Hose,7,7,1,195.09,146.27,48.82,30.71,2.84,0,0,2025-12-19 23:00:00,0,1,1
TXN-03-04362,STORE-004,Grocery,BrandD,Online,UPC-374043937,SKU-GRO-3046,Rice,4,4,4,1421.72,1004.9,416.82,448.79,93.36,0,0,2025-12-14 20:00:00,1,0,1
TXN-03-05254,STORE-017,Sports,BrandE,Online,UPC-701893604,SKU-SPO-2759,Running Shoes,3,3,0,1042.5,498.74,543.76,360.44,12.94,0,0,2025-12-05 02:00:00,1,0,1
TXN-03-04092,STORE-020,Apparel,BrandG,Online,UPC-677194796,SKU-APP-2775,Shoes,1,1,2,242.72,119.84,122.88,247.75,5.03,1,0,2025-12-16 12:00:00,1,1,1
TXN-03-03757,STORE-006,Electronics,BrandC,In-Store,UPC-525771728,SKU-ELE-6841,Laptop,1,1,2,91.05,38.5,52.55,119.23,28.18,0,0,2025-12-10 12:00:00,1,1,1
TXN-03-02361,STORE-014,Home & Garden,BrandC,Online,UPC-160794880,SKU-HOM-9758,Rug,9,9,3,832.77,392.55,440.22,106.75,14.22,0,0,2025-12-04 13:00:00,1,0,1
TXN-03-02534,STORE-017,Grocery,BrandF,In-Store,UPC-549540278,SKU-GRO-9697,Juice,5,5,4,167.3,108.48,58.82,43.63,10.17,0,0,2025-12-29 13:00:00,1,0,1
TXN-03-05643,STORE-012,Sports,BrandE,Online,UPC-549619497,SKU-SPO-7159,Resistance Band,5,5,1,1563.2,729.0,834.2,341.17,28.53,0,0,2025-12-19 18:00:00,1,0,1
TXN-03-06020,STORE-010,Grocery,BrandD,Online,UPC-738312775,SKU-GRO-7000,Pasta,1,1,1,391.0,157.01,233.99,438.63,47.63,0,0,2025-12-02 16:00:00,0,0,1
TXN-03-01465,STORE-020,Apparel,BrandE,In-Store,UPC-176524805,SKU-APP-8120,Jeans,5,5,3,471.7,261.76,209.94,123.74,29.4,0,0,2025-12-25 09:00:00,1,0,1
TXN-03-01056,STORE-007,Electronics,BrandE,Online,UPC-326029742,SKU-ELE-4520,Speaker,3,3,0,617.88,377.7,240.18,207.11,1.15,0,0,2025-12-24 13:00:00,1,1,1
TXN-03-06006,STORE-009,Home & Garden,BrandG,Online,UPC-715371716,SKU-HOM-1800,Vase,8,8,2,1402.16,1022.61,379.55,224.25,48.98,0,0,2025-12-11 20:00:00,0,0,1
TXN-03-03749,STORE-015,Grocery,BrandF,Online,UPC-921320980,SKU-GRO-7561,Bread,8,8,3,505.68,269.58,236.1,82.7,19.49,0,0,2025-12-21 04:00:00,1,0,1
TXN-03-02227,STORE-011,Apparel,BrandE,Online,UPC-913408985,SKU-APP-8669,Scarf,9,9,2,408.33,279.48,128.85,53.16,7.79,0,0,2025-12-06 15:00:00,1,0,1
TXN-03-00229,STORE-015,Apparel,BrandE,Mobile,UPC-710248124,SKU-APP-6046,T-Shirt,4,4,0,679.88,315.41,364.47,179.27,9.3,0,0,2025-12-22 02:00:00,1,1,1
TXN-03-00853,STORE-009,Electronics,BrandF,Online,UPC-732031663,SKU-ELE-2465,Charger,5,5,0,2170.15,986.56,1183.59,459.79,25.76,0,0,2025-12-27 07:00:00,0,0,1
TXN-03-05412,STORE-008,Home & Garden,BrandE,Mobile,UPC-676380999,SKU-HOM-6636,Chair,9,9,4,2867.67,1403.18,1464.49,423.24,104.61,0,0,2025-12-21 19:00:00,1,0,1
TXN-03-00085,STORE-018,Apparel,BrandG,Mobile,UPC-228362570,SKU-APP-2971,Shoes,5,5,1,1045.75,694.39,351.36,247.08,37.93,0,0,2025-12-03 20:00:00,1,0,1
TXN-03-04466,STORE-010,Electronics,BrandF,Online,UPC-366979288,SKU-ELE-5548,Monitor,3,3,3,323.58,138.12,185.46,134.94,27.08,0,0,2025-12-07 18:00:00,0,0,1
TXN-03-05897,STORE-018,Home & Garden,BrandF,In-Store,UPC-373767022,SKU-HOM-7140,Plant Pot,1,1,4,198.17,135.59,62.58,237.53,39.36,0,0,2025-12-24 11:00:00,1,0,1
TXN-03-02159,STORE-012,Sports,BrandE,Mobile,UPC-260230667,SKU-SPO-9551,Running Shoes,9,9,1,2397.06,1455.68,941.38,377.68,111.34,1,1,2025-12-02 20:00:00,0,0,1
TXN-03-06068,STORE-006,Electronics,BrandG,In-Store,UPC-667148880,SKU-ELE-6596,Headphones,2,2,1,287.58,188.84,98.74,169.73,25.94,0,0,2025-12-30 01:00:00,0,0,1
TXN-03-04291,STORE-013,Electronics,BrandA,In-Store,UPC-507818425,SKU-ELE-1758,Camera,8,8,0,842.72,534.6,308.12,116.94,11.6,0,0,2025-12-13 09:00:00,0,1,1
TXN-03-06178,STORE-002,Home & Garden,BrandD,Online,UPC-486985174,SKU-HOM-7420,Plant Pot,9,9,1,3701.88,2686.83,1015.05,444.37,33.05,0,0,2025-12-17 16:00:00,1,1,1
TXN-03-06299,STORE-011,Apparel,BrandC,In-Store,UPC-955304969,SKU-APP-2179,Dress,1,1,4,192.56,118.8,73.76,243.63,51.07,1,0,2025-12-08 13:00:00,1,0,1
TXN-03-04950,STORE-001,Apparel,BrandG,Online,UPC-193916690,SKU-APP-5585,Jeans,7,7,3,1757.56,1278.27,479.29,254.27,3.19,0,0,2025-12-25 10:00:00,0,0,1
TXN-03-00736,STORE-019,Sports,BrandC,Online,UPC-343419352,SKU-SPO-7122,Yoga Mat,7,7,0,405.44,225.12,180.32,76.33,18.41,0,0,2025-12-21 20:00:00,0,0,1
TXN-03-02073,STORE-011,Sports,BrandE,Online,UPC-335561682,SKU-SPO-4405,Running Shoes,8,8,2,2272.64,968.54,1304.1,364.15,80.07,0,0,2025-12-28 06:00:00,0,0,1
TXN-03-05684,STORE-006,Home & Garden,BrandA,In-Store,UPC-992879307,SKU-HOM-1344,Hose,6,6,2,824.94,586.94,238.0,187.02,49.53,0,0,2025-12-01 22:00:00,1,0,1
TXN-03-04370,STORE-008,Sports,BrandC,Online,UPC-295435045,SKU-SPO-7418,Yoga Mat,8,8,4,49.28,27.11,22.17,8.77,2.61,0,0,2025-12-17 11:00:00,1,0,1
TXN-03-02812,STORE-012,Sports,BrandB,Online,UPC-486665642,SKU-SPO-5194,Jersey,7,7,4,711.83,456.01,255.82,141.94,40.25,0,0,2025-12-01 12:00:00,0,0,1
TXN-03-02253,STORE-016,Electronics,BrandH,Online,UPC-364876334,SKU-ELE-5432,Phone,9,9,1,4154.22,2892.42,1261.8,475.24,13.66,0,0,2025-12-12 00:00:00,1,0,1
TXN-03-00702,STORE-012,Home & Garden,BrandH,In-Store,UPC-379674610,SKU-HOM-1636,Rug,1,1,0,173.99,101.68,72.31,225.85,51.86,0,0,2025-12-13 08:00:00,1,0,1
TXN-03-02317,STORE-009,Apparel,BrandF,In-Store,UPC-423386210,SKU-APP-6252,Socks,4,4,4,697.52,451.52,246.0,194.68,20.3,0,0,2025-12-10 12:00:00,1,0,1
TXN-03-01269,STORE-017,Home & Garden,BrandA,Online,UPC-110220175,SKU-HOM-5733,Tool Set,9,9,2,2938.86,1269.95,1668.91,379.21,52.67,0,0,2025-12-08 02:00:00,1,0,1
TXN-03-05179,STORE-006,Sports,BrandA,Online,UPC-973931539,SKU-SPO-9074,Running Shoes,8,8,1,871.68,431.75,439.93,136.26,27.3,0,0,2025-12-10 19:00:00,0,0,1
TXN-03-01226,STORE-003,Sports,BrandB,In-Store,UPC-637862268,SKU-SPO-4552,Cap,3,3,0,954.21,412.07,542.14,340.35,22.28,0,0,2025-12-09 14:00:00,1,0,1
TXN-03-01695,STORE-014,Apparel,BrandD,Online,UPC-589812515,SKU-APP-8011,Shoes,1,1,4,231.66,105.05,126.61,321.33,89.67,0,0,2025-12-06 09:00:00,1,0,1
TXN-03-02712,STORE-011,Home & Garden,BrandD,Mobile,UPC-458483856,SKU-HOM-6121,Chair,9,9,1,828.54,525.75,302.79,119.87,27.81,0,0,2025-12-26 23:00:00,1,0,1
TXN-03-01082,STORE-012,Home & Garden,BrandB,Online,UPC-893381501,SKU-HOM-1203,Plant Pot,6,6,0,132.0,69.03,62.97,22.81,0.81,0,0,2025-12-14 17:00:00,0,1,1
TXN-03-00619,STORE-015,Grocery,BrandA,Mobile,UPC-939749375,SKU-GRO-3435,Rice,8,8,2,3451.68,2494.85,956.83,444.99,13.53,0,0,2025-12-17 10:00:00,0,0,1
TXN-03-04996,STORE-006,Sports,BrandE,In-Store,UPC-855973762,SKU-SPO-2386,Cap,3,3,0,670.02,334.36,335.66,299.32,75.98,0,0,2025-12-01 06:00:00,1,0,1
TXN-03-06113,STORE-018,Grocery,BrandH,In-Store,UPC-844427348,SKU-GRO-8658,Juice,2,2,0,390.34,236.29,154.05,195.66,0.49,0,0,2025-12-11 04:00:00,1,0,1
TXN-03-04995,STORE-006,Grocery,BrandH,Mobile,UPC-585702401,SKU-GRO-5388,Rice,6,6,3,2020.02,1103.97,916.05,430.63,93.96,0,0,2025-12-23 11:00:00,0,1,1
TXN-03-02917,STORE-006,Grocery,BrandB,Online,UPC-615164688,SKU-GRO-4579,Milk,3,3,4,331.23,158.04,173.19,132.19,21.78,0,0,2025-12-21 07:00:00,0,0,1
TXN-03-01877,STORE-008,Apparel,BrandG,Online,UPC-744636022,SKU-APP-8816,Socks,1,1,3,108.85,73.4,35.45,143.05,34.2,0,0,2025-12-08 22:00:00,1,1,1
TXN-03-02888,STORE-016,Electronics,BrandD,Online,UPC-448519319,SKU-ELE-7098,Camera,7,7,2,1082.62,477.76,604.86,179.8,25.14,0,0,2025-12-17 21:00:00,1,0,1
TXN-03-03215,STORE-009,Grocery,BrandE,Online,UPC-246369563,SKU-GRO-5788,Cereal,9,9,4,130.41,80.0,50.41,19.96,5.47,0,0,2025-12-15 10:00:00,0,0,1
TXN-03-00856,STORE-019,Apparel,BrandH,Mobile,UPC-455633853,SKU-APP-2328,Hat,3,3,2,1042.02,514.21,527.81,424.69,77.35,0,0,2025-12-01 23:00:00,1,0,1
TXN-03-00150,STORE-014,Grocery,BrandG,In-Store,UPC-338140095,SKU-GRO-8174,Milk,8,8,4,208.48,109.85,98.63,36.94,10.88,0,0,2025-12-14 10:00:00,1,1,1
TXN-03-00501,STORE-019,Electronics,BrandH,Mobile,UPC-477456963,SKU-ELE-6029,Speaker,5,5,2,909.6,666.09,243.51,235.27,53.35,0,0,2025-12-23 12:00:00,0,1,1
TXN-03-01170,STORE-005,Electronics,BrandE,In-Store,UPC-667280486,SKU-ELE-8696,Headphones,4,4,4,1004.24,616.26,387.98,254.68,3.62,0,0,2025-12-15 04:00:00,1,0,1
TXN-03-05256,STORE-009,Apparel,BrandD,Online,UPC-102364514,SKU-APP-2460,Jacket,6,6,4,1655.34,773.63,881.71,340.26,64.37,0,0,2025-12-18 10:00:00,1,0,1
TXN-03-04815,STORE-012,Apparel,BrandB,In-Store,UPC-585437392,SKU-APP-3301,Socks,2,2,4,491.6,333.39,158.21,312.78,66.98,0,0,2025-12-30 06:00:00,1,0,1
TXN-03-01051,STORE-019,Electronics,BrandG,In-Store,UPC-253790463,SKU-ELE-2974,Tablet,1,1,3,282.06,154.99,127.07,323.67,41.61,0,0,2025-12-20 08:00:00,1,0,1
TXN-03-04200,STORE-003,Electronics,BrandF,Mobile,UPC-354455382,SKU-ELE-3585,Phone,2,2,0,468.26,241.87,226.39,243.22,9.09,0,0,2025-12-11 06:00:00,1,0,1
TXN-03-06203,STORE-011,Electronics,BrandC,In-Store,UPC-140123867,SKU-ELE-5653,Laptop,7,7,1,1393.63,881.78,511.85,248.89,49.8,0,0,2025-12-07 21:00:00,1,0,1
TXN-03-06238,STORE-013,Sports,BrandE,Online,UPC-884127856,SKU-SPO-6003,Resistance Band,9,9,2,1751.04,1251.24,499.8,206.99,12.43,0,0,2025-12-02 19:00:00,1,0,1
TXN-03-01402,STORE-001,Apparel,BrandF,In-Store,UPC-551666999,SKU-APP-6359,Dress,9,9,3,3672.99,2507.09,1165.9,482.57,74.46,0,0,2025-12-08 12:00:00,1,0,1
TXN-03-05977,STORE-008,Electronics,BrandD,Online,UPC-667819791,SKU-ELE-7674,Camera,3,3,4,528.63,301.76,226.87,178.25,2.04,0,0,2025-12-01 23:00:00,0,0,1
TXN-03-06357,STORE-008,Home & Garden,BrandF,Online,UPC-224416463,SKU-HOM-7435,Chair,8,8,1,2634.64,1621.95,1012.69,397.1,67.77,0,0,2025-12-13 06:00:00,1,1,1
TXN-03-04348,STORE-013,Apparel,BrandG,In-Store,UPC-766742928,SKU-APP-2601,Jacket,8,8,1,838.88,595.94,242.94,149.13,44.27,0,0,2025-12-16 21:00:00,1,1,1
TXN-03-02126,STORE-013,Electronics,BrandB,Mobile,UPC-298146918,SKU-ELE-9296,Phone,9,9,4,2469.42,1352.97,1116.45,335.12,60.74,0,0,2025-12-21 01:00:00,0,0,1
TXN-03-01742,STORE-004,Apparel,BrandD,Online,UPC-183201649,SKU-APP-6179,Jacket,7,7,3,2192.33,1052.45,1139.88,398.87,85.68,0,0,2025-12-09 08:00:00,1,1,1
TXN-03-02312,STORE-003,Grocery,BrandC,In-Store,UPC-359334820,SKU-GRO-6499,Pasta,8,8,1,1404.88,1009.48,395.4,244.42,68.81,0,0,2025-12-25 05:00:00,1,0,1
TXN-03-01110,STORE-015,Apparel,BrandH,Online,UPC-348215083,SKU-APP-9302,Dress,3,3,0,1043.46,467.62,575.84,434.06,86.24,0,0,2025-12-20 04:00:00,1,1,1
TXN-03-05740,STORE-005,Grocery,BrandH,Mobile,UPC-503199909,SKU-GRO-2913,Cereal,4,4,1,107.48,55.48,52.0,30.39,3.52,0,0,2025-12-15 15:00:00,1,0,1
TXN-03-02267,STORE-014,Home & Garden,BrandC,In-Store,UPC-603351508,SKU-HOM-1887,Chair,2,2,0,139.3,78.65,60.65,75.39,5.74,0,0,2025-12-29 13:00:00,1,0,1
TXN-03-04093,STORE-018,Home & Garden,BrandC,In-Store,UPC-833393040,SKU-HOM-6008,Tool Set,6,6,2,715.56,514.62,200.94,129.06,9.8,0,0,2025-12-08 14:00:00,0,0,1
TXN-03-06285,STORE-009,Home & Garden,BrandA,In-Store,UPC-958362843,SKU-HOM-3675,Tool Set,9,9,0,1242.36,712.44,529.92,162.07,24.03,0,0,2025-12-05 00:00:00,0,0,1
TXN-03-02425,STORE-014,Apparel,BrandB,In-Store,UPC-823032870,SKU-APP-9760,Hat,5,5,0,864.25,385.04,479.21,196.17,23.32,0,0,2025-12-28 06:00:00,1,1,1
TXN-03-01383,STORE-012,Apparel,BrandA,In-Store,UPC-325278186,SKU-APP-4103,Scarf,1,1,3,304.14,221.53,82.61,353.96,49.82,0,0,2025-12-16 20:00:00,0,1,1
TXN-03-05952,STORE-013,Electronics,BrandG,In-Store,UPC-499295565,SKU-ELE-7161,Monitor,3,3,4,642.45,457.94,184.51,249.02,34.87,1,1,2025-12-01 08:00:00,1,0,1
TXN-03-01741,STORE-008,Apparel,BrandA,In-Store,UPC-979562644,SKU-APP-6364,T-Shirt,3,3,3,1105.5,645.02,460.48,482.71,114.21,0,0,2025-12-10 09:00:00,1,1,1
TXN-03-05729,STORE-009,Grocery,BrandH,Online,UPC-940156058,SKU-GRO-5683,Bread,8,8,3,3608.08,1785.06,1823.02,470.41,19.4,0,0,2025-12-14 14:00:00,1,0,1
TXN-03-06030,STORE-006,Home & Garden,BrandF,In-Store,UPC-754259621,SKU-HOM-3837,Tool Set,8,8,4,1979.44,994.14,985.3,307.89,60.46,0,0,2025-12-18 11:00:00,0,1,1
TXN-03-02004,STORE-001,Home & Garden,BrandH,In-Store,UPC-639794269,SKU-HOM-6869,Tool Set,7,7,3,2673.02,1297.23,1375.79,488.81,106.95,0,0,2025-12-22 22:00:00,1,0,1
TXN-03-01452,STORE-013,Grocery,BrandD,In-Store,UPC-860473324,SKU-GRO-8438,Cereal,8,8,3,885.36,548.91,336.45,134.13,23.46,0,0,2025-12-13 20:00:00,1,0,1
TXN-03-04633,STORE-020,Electronics,BrandE,In-Store,UPC-142509992,SKU-ELE-5083,Tablet,4,4,0,1015.36,580.41,434.95,272.7,18.86,0,0,2025-12-29 09:00:00,1,1,1
TXN-03-05393,STORE-015,Home & Garden,BrandF,Online,UPC-917139963,SKU-HOM-2320,Hose,4,4,1,1143.24,810.9,332.34,373.89,88.08,0,0,2025-12-06 16:00:00,1,1,1
TXN-03-04263,STORE-005,Electronics,BrandB,In-Store,UPC-296158332,SKU-ELE-1164,Camera,2,2,3,403.82,203.81,200.01,208.86,6.95,0,0,2025-12-21 02:00:00,1,0,1
TXN-03-04724,STORE-016,Electronics,BrandE,Mobile,UPC-397059935,SKU-ELE-4438,Laptop,1,1,2,212.85,96.72,116.13,231.19,18.34,0,0,2025-12-02 00:00:00,1,0,1
TXN-03-00357,STORE-015,Grocery,BrandE,Online,UPC-103601779,SKU-GRO-7224,Snack Bar,3,3,2,221.25,91.2,130.05,88.68,14.93,0,0,2025-12-29 10:00:00,1,0,1
TXN-03-06075,STORE-009,Grocery,BrandA,Mobile,UPC-739335126,SKU-GRO-4276,Milk,9,9,3,1828.35,790.19,1038.16,264.83,61.68,0,0,2025-12-15 05:00:00,0,0,1
TXN-03-01971,STORE-016,Sports,BrandA,Online,UPC-258303802,SKU-SPO-8899,Resistance Band,8,8,2,2638.8,1948.29,690.51,390.01,60.16,1,0,2025-12-03 21:00:00,1,0,1
TXN-03-06231,STORE-013,Electronics,BrandA,In-Store,UPC-997317318,SKU-ELE-1674,Monitor,6,6,0,1395.96,989.88,406.08,279.92,47.26,0,0,2025-12-29 11:00:00,1,1,1
TXN-03-00545,STORE-005,Home & Garden,BrandE,Mobile,UPC-465181511,SKU-HOM-8598,Vase,3,3,2,148.89,83.02,65.87,63.62,13.99,0,0,2025-12-13 22:00:00,1,0,1
TXN-03-00242,STORE-006,Grocery,BrandH,Online,UPC-594684037,SKU-GRO-1026,Milk,6,6,0,1320.6,972.37,348.23,244.62,24.52,0,0,2025-12-12 07:00:00,0,1,1
TXN-03-04890,STORE-008,Sports,BrandH,In-Store,UPC-400326620,SKU-SPO-7603,Jersey,1,1,2,28.36,18.33,10.03,36.66,8.3,0,0,2025-12-28 00:00:00,1,0,1
TXN-03-00590,STORE-013,Apparel,BrandH,In-Store,UPC-907041731,SKU-APP-7566,T-Shirt,1,1,2,206.12,128.33,77.79,209.25,3.13,0,0,2025-12-18 19:00:00,1,0,1
TXN-03-02166,STORE-017,Sports,BrandB,Online,UPC-523983991,SKU-SPO-1021,Yoga Mat,7,7,4,2242.59,1429.14,813.45,417.73,97.36,1,1,2025-12-04 19:00:00,0,0,1
TXN-03-02962,STORE-001,Electronics,BrandE,Online,UPC-340459387,SKU-ELE-2366,Tablet,9,9,3,1123.38,746.03,377.35,148.87,24.05,0,0,2025-12-12 22:00:00,1,0,1
TXN-03-04823,STORE-003,Electronics,BrandB,Mobile,UPC-416836845,SKU-ELE-4739,Headphones,1,1,3,15.09,8.24,6.85,16.64,1.55,0,0,2025-12-04 18:00:00,0,0,1
TXN-03-04175,STORE-014,Grocery,BrandC,Online,UPC-909854306,SKU-GRO-3325,Milk,8,8,4,2320.0,1724.97,595.03,388.03,98.03,0,0,2025-12-11 17:00:00,1,0,1
TXN-03-06367,STORE-013,Home & Garden,BrandE,Mobile,UPC-602889335,SKU-HOM-6745,Hose,7,7,0,1250.06,685.01,565.05,212.37,33.79,0,0,2025-12-14 20:00:00,1,1,1
TXN-03-03038,STORE-012,Sports,BrandH,Online,UPC-459553989,SKU-SPO-7248,Running Shoes,8,8,1,238.4,98.65,139.75,33.28,3.48,0,0,2025-12-02 16:00:00,1,1,1
TXN-03-05035,STORE-006,Apparel,BrandG,In-Store,UPC-221327703,SKU-APP-5956,Hat,3,3,3,1069.47,527.25,542.22,387.83,31.34,0,0,2025-12-06 03:00:00,0,0,1
TXN-03-01163,STORE-012,Apparel,BrandH,Mobile,UPC-488652164,SKU-APP-9155,Jeans,8,8,3,3751.92,2591.87,1160.05,489.27,20.28,0,0,2025-12-29 23:00:00,1,1,1
TXN-03-00838,STORE-011,Electronics,BrandH,Online,UPC-186411945,SKU-ELE-8291,Laptop,4,4,4,1200.96,640.88,560.08,415.55,115.31,0,0,2025-12-17 18:00:00,0,0,1
TXN-03-02929,STORE-008,Home & Garden,BrandF,In-Store,UPC-725587468,SKU-HOM-9249,Hose,7,7,0,2943.15,1488.24,1454.91,442.11,21.66,0,0,2025-12-10 15:00:00,1,0,1
TXN-03-05725,STORE-012,Electronics,BrandD,Online,UPC-252366374,SKU-ELE-9066,Laptop,8,8,3,3704.32,1766.99,1937.33,486.39,23.35,1,0,2025-12-04 22:00:00,1,0,1
TXN-03-06083,STORE-010,Grocery,BrandA,Online,UPC-816406132,SKU-GRO-4954,Snack Bar,6,6,0,1523.94,903.62,620.32,267.23,13.24,0,0,2025-12-22 20:00:00,0,0,1
TXN-03-00807,STORE-006,Electronics,BrandB,Mobile,UPC-973534644,SKU-ELE-8573,Monitor,7,7,0,2089.43,1348.85,740.58,357.18,58.69,0,0,2025-12-21 12:00:00,0,0,1
TXN-03-04002,STORE-011,Electronics,BrandD,In-Store,UPC-572080177,SKU-ELE-8329,Tablet,1,1,1,230.58,96.57,134.01,251.58,21.0,1,0,2025-12-25 10:00:00,0,0,1
TXN-03-03950,STORE-003,Electronics,BrandF,Mobile,UPC-574199100,SKU-ELE-8228,Laptop,8,8,0,3060.72,1619.04,1441.68,490.22,107.63,0,0,2025-12-08 23:00:00,0,0,1
TXN-03-04561,STORE-010,Apparel,BrandA,Online,UPC-544703432,SKU-APP-5167,Shoes,4,4,4,400.16,166.85,233.31,134.02,33.98,0,0,2025-12-13 01:00:00,0,0,1
TXN-03-01802,STORE-018,Electronics,BrandE,Mobile,UPC-694088458,SKU-ELE-6819,Laptop,4,4,1,764.0,567.55,196.45,195.69,4.69,0,0,2025-12-25 10:00:00,1,0,1
TXN-03-05998,STORE-004,Apparel,BrandA,In-Store,UPC-978033417,SKU-APP-8421,T-Shirt,4,4,0,1604.64,1140.59,464.05,438.02,36.86,0,0,2025-12-04 21:00:00,0,0,1
TXN-03-04699,STORE-009,Apparel,BrandG,In-Store,UPC-109919807,SKU-APP-1228,Jacket,1,1,0,337.09,206.56,130.53,374.38,37.29,1,1,2025-12-02 13:00:00,0,0,1
TXN-03-04732,STORE-010,Electronics,BrandG,In-Store,UPC-982396662,SKU-ELE-4999,Speaker,8,8,0,1724.16,875.38,848.78,243.54,28.02,0,0,2025-12-01 20:00:00,0,0,1
TXN-03-03059,STORE-005,Electronics,BrandB,In-Store,UPC-391097081,SKU-ELE-3523,Monitor,2,2,3,48.06,29.68,18.38,27.1,3.07,0,0,2025-12-19 02:00:00,1,1,1
TXN-03-00167,STORE-002,Sports,BrandE,Online,UPC-843717430,SKU-SPO-8887,Running Shoes,5,5,4,339.15,206.23,132.92,78.69,10.86,0,0,2025-12-28 20:00:00,1,1,1
TXN-03-03926,STORE-020,Home & Garden,BrandE,Online,UPC-999731166,SKU-HOM-9938,Vase,1,1,4,404.44,218.79,185.65,492.48,88.04,0,0,2025-12-02 15:00:00,1,0,1
TXN-03-03985,STORE-007,Sports,BrandE,Mobile,UPC-408614427,SKU-SPO-1361,Running Shoes,9,9,2,105.93,59.91,46.02,12.05,0.28,0,0,2025-12-14 20:00:00,0,0,1
TXN-03-03702,STORE-003,Apparel,BrandB,In-Store,UPC-393158554,SKU-APP-2387,Hat,1,1,1,366.86,184.29,182.57,497.85,130.99,0,0,2025-12-10 04:00:00,0,1,1
TXN-03-02873,STORE-020,Home & Garden,BrandH,In-Store,UPC-179501543,SKU-HOM-4514,Vase,7,7,1,532.77,298.31,234.46,85.18,9.07,0,0,2025-12-28 15:00:00,1,0,1
TXN-03-02857,STORE-004,Sports,BrandH,In-Store,UPC-134291228,SKU-SPO-6535,Water Bottle,9,9,3,1662.84,806.8,856.04,212.25,27.49,0,0,2025-12-25 12:00:00,1,0,1
TXN-03-03406,STORE-018,Sports,BrandH,In-Store,UPC-212944969,SKU-SPO-6837,Resistance Band,5,5,1,882.0,565.99,316.01,224.47,48.07,0,0,2025-12-29 21:00:00,1,0,1
TXN-03-03780,STORE-009,Sports,BrandA,In-Store,UPC-337277499,SKU-SPO-1981,Running Shoes,3,3,1,913.86,530.98,382.88,390.69,86.07,0,0,2025-12-05 21:00:00,0,1,1
TXN-03-05043,STORE-003,Home & Garden,BrandC,In-Store,UPC-336422521,SKU-HOM-9674,Lamp,4,4,3,307.48,156.81,150.67,80.73,3.86,0,0,2025-12-12 21:00:00,0,0,1
TXN-03-03734,STORE-002,Grocery,BrandH,Online,UPC-127685350,SKU-GRO-1281,Cereal,3,3,3,789.75,320.28,469.47,280.86,17.61,0,0,2025-12-04 14:00:00,0,1,1
TXN-03-01823,STORE-008,Apparel,BrandA,In-Store,UPC-109268903,SKU-APP-6215,Hat,3,3,0,555.36,355.03,200.33,206.0,20.88,0,0,2025-12-15 11:00:00,0,0,1
TXN-03-02019,STORE-018,Electronics,BrandB,In-Store,UPC-673446563,SKU-ELE-7981,Laptop,8,8,1,1894.0,1332.29,561.71,295.18,58.43,0,0,2025-12-18 06:00:00,1,1,1
TXN-03-04084,STORE-004,Electronics,BrandH,Online,UPC-808777171,SKU-ELE-1530,Tablet,6,6,1,274.68,163.59,111.09,47.71,1.93,0,0,2025-12-09 22:00:00,0,0,1
TXN-03-04877,STORE-009,Home & Garden,BrandF,In-Store,UPC-423768750,SKU-HOM-4873,Tool Set,6,6,3,223.68,160.68,63.0,47.52,10.24,0,0,2025-12-02 19:00:00,1,0,1
TXN-03-01783,STORE-011,Home & Garden,BrandG,Mobile,UPC-129806592,SKU-HOM-7995,Cushion,2,2,3,334.02,167.97,166.05,233.62,66.61,0,0,2025-12-21 15:00:00,1,0,1
TXN-03-06392,STORE-010,Home & Garden,BrandB,In-Store,UPC-510883476,SKU-HOM-2395,Cushion,4,4,2,1892.4,1058.83,833.57,485.31,12.21,0,0,2025-12-13 00:00:00,1,0,1
TXN-03-04056,STORE-018,Electronics,BrandH,In-Store,UPC-802087642,SKU-ELE-1713,Phone,6,6,0,1919.58,1013.09,906.49,403.88,83.95,0,0,2025-12-04 09:00:00,1,1,1
TXN-03-02125,STORE-003,Apparel,BrandC,Mobile,UPC-151534137,SKU-APP-3942,Jeans,6,6,0,1955.64,1298.65,656.99,337.69,11.75,0,0,2025-12-28 10:00:00,1,0,1
TXN-03-05937,STORE-018,Grocery,BrandF,Online,UPC-100473063,SKU-GRO-4245,Cereal,6,6,4,1111.32,476.33,634.99,261.65,76.43,0,0,2025-12-04 08:00:00,1,1,1
TXN-03-02007,STORE-013,Apparel,BrandA,In-Store,UPC-548242044,SKU-APP-7364,T-Shirt,3,3,3,131.28,86.09,45.19,44.68,0.92,1,0,2025-12-14 03:00:00,1,0,1
TXN-03-00585,STORE-013,Grocery,BrandH,Online,UPC-105378792,SKU-GRO-8772,Cereal,2,2,3,567.48,325.87,241.61,299.72,15.98,0,0,2025-12-21 14:00:00,1,0,1
TXN-03-06306,STORE-014,Sports,BrandH,In-Store,UPC-737679065,SKU-SPO-4454,Jersey,6,6,2,659.58,323.36,336.22,126.94,17.01,0,0,2025-12-17 08:00:00,1,1,1
TXN-03-04083,STORE-018,Apparel,BrandF,In-Store,UPC-536905662,SKU-APP-7624,Scarf,7,7,4,724.43,452.23,272.2,146.38,42.89,0,0,2025-12-30 15:00:00,1,0,1
TXN-03-02542,STORE-018,Sports,BrandD,Online,UPC-544089521,SKU-SPO-6351,Resistance Band,7,7,3,756.91,338.0,418.91,149.65,41.52,0,0,2025-12-16 21:00:00,1,0,1
TXN-03-01089,STORE-010,Electronics,BrandC,In-Store,UPC-336507727,SKU-ELE-2473,Laptop,8,8,0,2920.88,1867.25,1053.63,460.29,95.18,0,0,2025-12-06 03:00:00,1,1,1
TXN-03-03388,STORE-010,Sports,BrandH,In-Store,UPC-276845300,SKU-SPO-9357,Dumbbell,6,6,4,498.6,223.45,275.15,115.22,32.12,1,0,2025-12-15 23:00:00,1,1,1
TXN-03-02963,STORE-012,Electronics,BrandC,In-Store,UPC-228834787,SKU-ELE-8753,Speaker,1,1,2,344.32,209.83,134.49,372.05,27.73,0,0,2025-12-05 12:00:00,1,1,1
TXN-03-05415,STORE-008,Electronics,BrandB,Online,UPC-878272373,SKU-ELE-8821,Phone,7,7,0,1159.9,630.01,529.89,202.21,36.51,0,0,2025-12-20 11:00:00,0,1,1
TXN-03-00475,STORE-003,Apparel,BrandD,In-Store,UPC-966448881,SKU-APP-8210,Scarf,4,4,3,337.24,222.97,114.27,88.13,3.82,1,1,2025-12-05 16:00:00,1,0,1
TXN-03-02612,STORE-005,Apparel,BrandE,Mobile,UPC-713593729,SKU-APP-1194,Socks,3,3,3,1351.86,940.81,411.05,463.99,13.37,0,0,2025-12-09 16:00:00,1,0,1
TXN-03-06168,STORE-002,Apparel,BrandE,Online,UPC-116445538,SKU-APP-1920,Dress,3,3,1,422.16,187.42,234.74,167.29,26.57,0,0,2025-12-17 07:00:00,1,1,1
TXN-03-03627,STORE-005,Home & Garden,BrandE,In-Store,UPC-454947923,SKU-HOM-7523,Hose,5,5,1,365.2,262.15,103.05,75.7,2.66,1,0,2025-12-18 18:00:00,1,0,1
TXN-03-04446,STORE-001,Home & Garden,BrandG,In-Store,UPC-408432959,SKU-HOM-5525,Hose,9,9,2,2172.51,1417.55,754.96,337.77,96.38,0,0,2025-12-27 05:00:00,1,0,1
TXN-03-02909,STORE-010,Apparel,BrandC,Online,UPC-682013509,SKU-APP-9997,Dress,8,8,4,492.24,355.32,136.92,77.59,16.06,0,0,2025-12-04 10:00:00,1,0,1
TXN-03-05233,STORE-015,Apparel,BrandG,In-Store,UPC-308231713,SKU-APP-9555,Jeans,4,4,2,884.8,481.96,402.84,272.95,51.75,0,0,2025-12-08 15:00:00,1,0,1
TXN-03-03402,STORE-013,Apparel,BrandG,In-Store,UPC-830394954,SKU-APP-9483,Scarf,6,6,1,2158.38,1583.12,575.26,362.43,2.7,0,0,2025-12-21 22:00:00,0,0,1
TXN-03-02886,STORE-012,Apparel,BrandB,Online,UPC-709981976,SKU-APP-7216,Socks,2,2,4,490.34,221.96,268.38,313.14,67.97,0,0,2025-12-19 00:00:00,0,0,1
TXN-03-03452,STORE-003,Apparel,BrandH,Online,UPC-658830199,SKU-APP-6103,Scarf,4,4,3,1794.24,854.19,940.05,471.9,23.34,0,0,2025-12-09 07:00:00,1,1,1
TXN-03-04838,STORE-009,Sports,BrandA,In-Store,UPC-914398296,SKU-SPO-6704,Backpack,3,3,1,497.22,224.93,272.29,208.68,42.94,0,0,2025-12-25 01:00:00,0,0,1
TXN-03-00466,STORE-007,Home & Garden,BrandF,In-Store,UPC-753617755,SKU-HOM-9634,Hose,2,2,0,245.42,174.61,70.81,135.29,12.58,0,0,2025-12-07 00:00:00,1,0,1
TXN-03-01331,STORE-016,Sports,BrandH,Online,UPC-938440988,SKU-SPO-9223,Yoga Mat,5,5,0,538.1,221.54,316.56,132.81,25.19,0,0,2025-12-14 20:00:00,1,0,1
TXN-03-05490,STORE-019,Electronics,BrandB,Online,UPC-816867665,SKU-ELE-7939,Charger,9,9,1,2308.32,1477.64,830.68,359.69,103.21,1,1,2025-12-05 11:00:00,1,0,1
TXN-03-04150,STORE-018,Electronics,BrandB,In-Store,UPC-471433277,SKU-ELE-2400,Speaker,6,6,2,425.7,240.18,185.52,97.6,26.65,0,0,2025-12-14 05:00:00,1,0,1
TXN-03-03018,STORE-003,Electronics,BrandH,In-Store,UPC-286018287,SKU-ELE-4973,Speaker,2,2,3,17.76,13.3,4.46,12.16,3.28,0,0,2025-12-20 11:00:00,0,1,1
TXN-03-03449,STORE-010,Home & Garden,BrandE,Online,UPC-522361197,SKU-HOM-1551,Plant Pot,9,9,0,970.92,536.18,434.74,128.65,20.77,0,0,2025-12-24 23:00:00,1,0,1
TXN-03-01237,STORE-001,Apparel,BrandG,Mobile,UPC-550057934,SKU-APP-9962,Jeans,6,6,4,138.06,97.87,40.19,30.34,7.33,0,0,2025-12-06 04:00:00,1,0,1
TXN-03-03860,STORE-015,Apparel,BrandD,Mobile,UPC-254276819,SKU-APP-3128,Jacket,3,3,1,345.0,195.99,149.01,133.08,18.08,1,1,2025-12-01 01:00:00,1,0,1
TXN-03-06012,STORE-016,Grocery,BrandD,In-Store,UPC-625095626,SKU-GRO-5990,Coffee,6,6,3,2060.94,1288.85,772.09,393.23,49.74,0,0,2025-12-21 04:00:00,1,0,1
TXN-03-06021,STORE-018,Home & Garden,BrandA,Online,UPC-420173965,SKU-HOM-5278,Vase,2,2,1,651.4,440.36,211.04,395.85,70.15,0,0,2025-12-10 23:00:00,1,1,1
TXN-03-03276,STORE-007,Apparel,BrandA,Mobile,UPC-625726169,SKU-APP-1434,Shoes,5,5,1,1106.8,572.02,534.78,242.28,20.92,0,0,2025-12-05 17:00:00,1,1,1
TXN-03-05803,STORE-010,Electronics,BrandE,Online,UPC-111706381,SKU-ELE-5763,Headphones,9,9,2,2139.57,922.64,1216.93,283.88,46.15,1,1,2025-12-07 08:00:00,1,0,1
TXN-03-00435,STORE-004,Apparel,BrandB,In-Store,UPC-786588509,SKU-APP-9259,Scarf,2,2,4,19.28,11.09,8.19,11.68,2.04,0,0,2025-12-05 12:00:00,0,0,1
TXN-03-05499,STORE-003,Grocery,BrandD,Online,UPC-478887156,SKU-GRO-2356,Cereal,9,9,4,1207.89,527.08,680.81,181.03,46.82,0,0,2025-12-14 08:00:00,0,0,1
TXN-03-02891,STORE-003,Home & Garden,BrandC,In-Store,UPC-808710826,SKU-HOM-3286,Plant Pot,3,3,1,16.59,8.44,8.15,6.24,0.71,0,0,2025-12-16 14:00:00,0,1,1
TXN-03-05703,STORE-016,Sports,BrandA,Mobile,UPC-851127241,SKU-SPO-5832,Resistance Band,9,9,0,3009.24,2172.39,836.85,447.61,113.25,0,0,2025-12-03 06:00:00,1,0,1
TXN-03-03403,STORE-007,Grocery,BrandD,Online,UPC-292591656,SKU-GRO-8131,Coffee,1,1,4,230.81,106.14,124.67,286.62,55.81,0,0,2025-12-28 22:00:00,1,0,1
TXN-03-06383,STORE-004,Electronics,BrandH,Online,UPC-761615314,SKU-ELE-4741,Monitor,1,1,0,61.71,40.37,21.34,76.67,14.96,0,0,2025-12-26 17:00:00,1,0,1
TXN-03-01025,STORE-009,Electronics,BrandA,In-Store,UPC-208410913,SKU-ELE-2373,Camera,9,9,2,1456.38,958.75,497.63,181.31,19.49,0,0,2025-12-19 00:00:00,1,0,1
TXN-03-00409,STORE-020,Electronics,BrandB,In-Store,UPC-406002101,SKU-ELE-2959,Headphones,7,7,4,1574.16,1128.09,446.07,300.54,75.66,0,0,2025-12-18 22:00:00,0,0,1
TXN-03-02562,STORE-017,Home & Garden,BrandD,Online,UPC-277945239,SKU-HOM-9410,Lamp,9,9,4,2147.85,914.61,1233.24,264.27,25.62,0,0,2025-12-30 13:00:00,0,0,1
TXN-03-05559,STORE-017,Home & Garden,BrandF,In-Store,UPC-463156752,SKU-HOM-2887,Tool Set,6,6,4,1540.56,959.78,580.78,315.66,58.9,0,0,2025-12-12 15:00:00,0,0,1
TXN-03-05797,STORE-017,Electronics,BrandC,Online,UPC-912048376,SKU-ELE-4386,Headphones,8,8,3,405.36,208.66,196.7,66.22,15.55,0,0,2025-12-06 21:00:00,1,0,1
TXN-03-01690,STORE-001,Grocery,BrandC,Online,UPC-416565860,SKU-GRO-2605,Bread,6,6,0,2017.68,1466.24,551.44,470.02,133.74,0,0,2025-12-19 11:00:00,1,1,1
TXN-03-01921,STORE-013,Apparel,BrandF,Mobile,UPC-310113823,SKU-APP-1793,Shoes,9,9,4,2923.92,2134.74,789.18,371.37,46.49,0,0,2025-12-26 01:00:00,1,1,1
TXN-03-04703,STORE-015,Apparel,BrandB,In-Store,UPC-268439940,SKU-APP-9112,Scarf,5,5,4,2066.95,1415.82,651.13,440.12,26.73,0,0,2025-12-22 17:00:00,1,0,1
TXN-03-04658,STORE-006,Electronics,BrandA,Online,UPC-832441222,SKU-ELE-3516,Camera,6,6,0,1279.02,587.48,691.54,279.63,66.46,0,0,2025-12-27 19:00:00,1,1,1
TXN-03-01763,STORE-006,Electronics,BrandF,Online,UPC-966653809,SKU-ELE-5130,Monitor,7,7,0,150.15,105.91,44.24,28.02,6.57,0,0,2025-12-27 13:00:00,1,1,1
TXN-03-02784,STORE-020,Sports,BrandG,Online,UPC-400844930,SKU-SPO-2128,Water Bottle,2,2,2,604.88,428.83,176.05,364.03,61.59,0,0,2025-12-05 22:00:00,1,0,1
TXN-03-05575,STORE-004,Sports,BrandE,In-Store,UPC-298749793,SKU-SPO-7738,Backpack,2,2,2,502.78,249.43,253.35,342.22,90.83,0,0,2025-12-06 07:00:00,1,0,1
TXN-03-06071,STORE-004,Apparel,BrandF,In-Store,UPC-403485430,SKU-APP-5391,Dress,1,1,1,199.24,114.82,84.42,224.99,25.75,0,0,2025-12-25 08:00:00,0,0,1
TXN-03-02459,STORE-004,Home & Garden,BrandH,In-Store,UPC-558490293,SKU-HOM-2737,Cushion,8,8,3,2212.16,1453.62,758.54,340.93,64.41,0,0,2025-12-26 21:00:00,0,1,1
TXN-03-03581,STORE-004,Home & Garden,BrandG,In-Store,UPC-596378934,SKU-HOM-6585,Hose,7,7,1,3317.58,1827.71,1489.87,492.95,19.01,0,0,2025-12-07 08:00:00,0,0,1
TXN-03-03397,STORE-001,Apparel,BrandF,Mobile,UPC-625364647,SKU-APP-8722,T-Shirt,2,2,1,762.74,441.92,320.82,474.59,93.22,0,0,2025-12-25 06:00:00,1,0,1
TXN-03-03903,STORE-010,Apparel,BrandD,Mobile,UPC-593312658,SKU-APP-4873,Shoes,6,6,4,1786.62,1164.02,622.6,358.57,60.8,0,0,2025-12-11 18:00:00,1,1,1
TXN-03-01275,STORE-002,Home & Garden,BrandB,In-Store,UPC-829567105,SKU-HOM-7872,Rug,2,2,4,553.4,361.13,192.27,336.15,59.45,0,0,2025-12-02 06:00:00,0,1,1
TXN-03-04656,STORE-020,Sports,BrandG,Online,UPC-908267949,SKU-SPO-1595,Cap,9,9,1,3126.06,2030.24,1095.82,376.22,28.88,0,0,2025-12-07 08:00:00,1,0,1
TXN-03-04006,STORE-003,Sports,BrandA,In-Store,UPC-566157215,SKU-SPO-6345,Jersey,8,8,4,3243.6,1466.48,1777.12,469.2,63.75,0,0,2025-12-30 03:00:00,0,0,1
TXN-03-04265,STORE-019,Sports,BrandC,In-Store,UPC-803027696,SKU-SPO-9917,Water Bottle,3,3,2,825.0,467.07,357.93,299.06,24.06,0,0,2025-12-21 15:00:00,1,0,1
TXN-03-00262,STORE-014,Electronics,BrandG,Mobile,UPC-626907117,SKU-ELE-2454,Monitor,6,6,3,2202.6,1355.6,847.0,374.9,7.8,0,0,2025-12-05 00:00:00,1,0,1
TXN-03-02207,STORE-007,Electronics,BrandB,Mobile,UPC-762010390,SKU-ELE-5140,Speaker,5,5,0,2152.6,1418.04,734.56,454.81,24.29,0,0,2025-12-14 08:00:00,1,0,1
TXN-03-05205,STORE-008,Home & Garden,BrandA,In-Store,UPC-284506974,SKU-HOM-1937,Hose,6,6,0,1864.62,762.07,1102.55,392.65,81.88,1,1,2025-12-11 03:00:00,1,0,1
TXN-03-04449,STORE-009,Home & Garden,BrandD,Online,UPC-424847754,SKU-HOM-7053,Vase,9,9,2,680.31,308.55,371.76,94.87,19.28,0,0,2025-12-29 15:00:00,0,0,1
TXN-03-01924,STORE-013,Apparel,BrandC,Online,UPC-228760893,SKU-APP-5855,Dress,5,5,1,263.45,174.01,89.44,63.03,10.34,0,0,2025-12-06 09:00:00,0,0,1
TXN-03-04303,STORE-019,Home & Garden,BrandD,In-Store,UPC-609773841,SKU-HOM-7665,Hose,8,8,0,1740.72,1207.05,533.67,257.98,40.39,0,0,2025-12-21 16:00:00,1,0,1
TXN-03-05682,STORE-003,Sports,BrandB,In-Store,UPC-130077918,SKU-SPO-2230,Cap,1,1,4,127.94,53.55,74.39,141.12,13.18,0,0,2025-12-16 02:00:00,1,0,1
TXN-03-01491,STORE-019,Grocery,BrandC,Online,UPC-832167240,SKU-GRO-4844,Bread,6,6,1,1678.26,860.5,817.76,292.48,12.77,0,0,2025-12-18 13:00:00,1,0,1
TXN-03-03448,STORE-004,Electronics,BrandF,In-Store,UPC-227325343,SKU-ELE-2822,Phone,1,1,4,70.56,43.51,27.05,76.53,5.97,1,1,2025-12-13 16:00:00,0,0,1
TXN-03-01546,STORE-010,Home & Garden,BrandF,In-Store,UPC-633177661,SKU-HOM-8316,Chair,2,2,3,278.38,187.49,90.89,153.37,14.18,0,0,2025-12-22 14:00:00,1,1,1
TXN-03-01492,STORE-004,Apparel,BrandC,Online,UPC-357291509,SKU-APP-4295,T-Shirt,1,1,0,92.04,44.32,47.72,119.4,27.36,0,0,2025-12-13 06:00:00,0,1,1
TXN-03-05495,STORE-013,Electronics,BrandG,Online,UPC-338904570,SKU-ELE-6740,Laptop,8,8,0,3301.92,1911.77,1390.15,472.4,59.66,0,0,2025-12-30 00:00:00,1,0,1
TXN-03-06210,STORE-014,Home & Garden,BrandE,In-Store,UPC-434824836,SKU-HOM-3939,Plant Pot,3,3,4,130.14,65.98,64.16,55.35,11.97,0,0,2025-12-12 07:00:00,1,0,1
TXN-03-04875,STORE-007,Home & Garden,BrandB,In-Store,UPC-210110632,SKU-HOM-3741,Tool Set,5,5,0,598.75,421.47,177.28,133.17,13.42,1,1,2025-12-20 18:00:00,1,0,1
TXN-03-01442,STORE-009,Apparel,BrandD,In-Store,UPC-492207450,SKU-APP-6827,Socks,7,7,1,1153.67,659.63,494.04,172.33,7.52,0,0,2025-12-07 06:00:00,1,0,1
TXN-03-02211,STORE-009,Apparel,BrandD,Online,UPC-892785348,SKU-APP-6916,Hat,2,2,0,817.86,540.46,277.4,486.92,77.99,0,0,2025-12-05 04:00:00,1,1,1
TXN-03-04396,STORE-007,Sports,BrandH,In-Store,UPC-289901328,SKU-SPO-7314,Yoga Mat,2,2,2,15.58,7.15,8.43,8.28,0.49,1,0,2025-12-19 21:00:00,1,0,1
TXN-03-00936,STORE-001,Electronics,BrandB,Mobile,UPC-731103594,SKU-ELE-7603,Tablet,5,5,3,1570.45,638.47,931.98,366.8,52.71,1,1,2025-12-07 19:00:00,0,1,1
TXN-03-01671,STORE-004,Home & Garden,BrandB,In-Store,UPC-393556621,SKU-HOM-9964,Vase,5,5,4,667.1,276.95,390.15,149.37,15.95,0,0,2025-12-08 11:00:00,1,1,1
TXN-03-05654,STORE-017,Apparel,BrandG,Mobile,UPC-552522457,SKU-APP-8225,Hat,5,5,2,1688.55,1249.17,439.38,473.79,136.08,0,0,2025-12-12 05:00:00,1,0,1
TXN-03-01050,STORE-008,Home & Garden,BrandH,In-Store,UPC-721372435,SKU-HOM-7953,Hose,9,9,0,2244.87,1186.46,1058.41,300.16,50.73,0,0,2025-12-14 23:00:00,0,0,1
TXN-03-02140,STORE-006,Electronics,BrandD,In-Store,UPC-508721006,SKU-ELE-4341,Laptop,1,1,4,26.74,19.11,7.63,37.66,10.92,0,0,2025-12-30 17:00:00,0,0,1
TXN-03-01457,STORE-010,Grocery,BrandA,In-Store,UPC-999417312,SKU-GRO-2656,Pasta,8,8,1,435.04,283.25,151.79,62.86,8.48,0,0,2025-12-02 20:00:00,1,0,1
TXN-03-01294,STORE-016,Home & Garden,BrandF,In-Store,UPC-743057795,SKU-HOM-4886,Vase,9,9,0,2342.79,1217.03,1125.76,342.11,81.8,0,0,2025-12-17 09:00:00,1,0,1
TXN-03-04009,STORE-007,Grocery,BrandE,Mobile,UPC-477768049,SKU-GRO-4607,Snack Bar,7,7,4,253.26,188.02,65.24,44.44,8.26,0,0,2025-12-27 17:00:00,1,0,1
TXN-03-02901,STORE-011,Electronics,BrandH,Online,UPC-909756241,SKU-ELE-8856,Speaker,4,4,4,1818.24,901.95,916.29,481.2,26.64,0,0,2025-12-21 12:00:00,1,0,1
TXN-03-02786,STORE-019,Electronics,BrandF,In-Store,UPC-867806382,SKU-ELE-4838,Charger,1,1,3,287.24,122.35,164.89,362.37,75.13,0,0,2025-12-23 22:00:00,1,0,1
TXN-03-02176,STORE-004,Electronics,BrandF,Mobile,UPC-327418777,SKU-ELE-4669,Speaker,4,4,4,1275.36,723.54,551.82,339.32,20.48,0,0,2025-12-29 16:00:00,1,0,1
TXN-03-01762,STORE-001,Apparel,BrandF,Online,UPC-781059283,SKU-APP-6269,Hat,8,8,2,1386.24,773.39,612.85,228.06,54.78,0,0,2025-12-28 08:00:00,1,0,1
TXN-03-03224,STORE-006,Grocery,BrandB,In-Store,UPC-584272902,SKU-GRO-3681,Bread,1,1,1,398.26,185.05,213.21,490.08,91.82,0,0,2025-12-02 09:00:00,1,1,1
TXN-03-04845,STORE-006,Grocery,BrandB,In-Store,UPC-215501902,SKU-GRO-9641,Juice,7,7,2,1679.09,738.88,940.21,274.88,35.01,0,0,2025-12-24 22:00:00,0,0,1
TXN-03-00527,STORE-009,Apparel,BrandC,Mobile,UPC-251430107,SKU-APP-2529,Jacket,7,7,4,1232.84,591.22,641.62,224.27,48.15,0,0,2025-12-30 13:00:00,0,1,1
TXN-03-04851,STORE-006,Grocery,BrandG,In-Store,UPC-198518242,SKU-GRO-1084,Bread,5,5,2,815.1,447.3,367.8,178.01,14.99,0,0,2025-12-08 05:00:00,1,0,1
TXN-03-04525,STORE-003,Apparel,BrandF,In-Store,UPC-712803280,SKU-APP-7137,Jeans,2,2,2,260.72,182.06,78.66,178.86,48.5,0,0,2025-12-23 04:00:00,1,0,1
TXN-03-05557,STORE-011,Home & Garden,BrandH,Online,UPC-304620175,SKU-HOM-3673,Hose,3,3,4,503.22,327.41,175.81,196.36,28.62,0,0,2025-12-21 04:00:00,0,1,1
TXN-03-00315,STORE-005,Grocery,BrandA,Online,UPC-781738853,SKU-GRO-5288,Rice,8,8,0,1158.48,752.55,405.93,205.03,60.22,0,0,2025-12-10 22:00:00,0,0,1
TXN-03-05878,STORE-013,Home & Garden,BrandC,Online,UPC-672035769,SKU-HOM-7847,Rug,7,7,3,2323.3,1240.88,1082.42,333.99,2.09,0,0,2025-12-23 09:00:00,1,0,1
TXN-03-04991,STORE-016,Electronics,BrandF,Online,UPC-623029662,SKU-ELE-7247,Tablet,7,7,3,1836.31,830.23,1006.08,359.0,96.67,0,0,2025-12-19 18:00:00,0,1,1
TXN-03-05402,STORE-015,Apparel,BrandH,In-Store,UPC-396130363,SKU-APP-1579,Socks,9,9,2,3542.85,2571.29,971.56,484.98,91.33,0,0,2025-12-03 21:00:00,1,0,1
TXN-03-03674,STORE-007,Home & Garden,BrandF,In-Store,UPC-278897543,SKU-HOM-3323,Hose,5,5,1,1224.5,821.29,403.21,288.62,43.72,0,0,2025-12-18 13:00:00,0,0,1
TXN-03-06193,STORE-016,Home & Garden,BrandG,In-Store,UPC-233125029,SKU-HOM-5722,Vase,2,2,1,54.02,32.73,21.29,37.46,10.45,0,0,2025-12-05 14:00:00,1,0,1
TXN-03-00094,STORE-016,Electronics,BrandA,Online,UPC-484518793,SKU-ELE-6637,Monitor,2,2,3,704.34,331.51,372.83,420.72,68.55,0,0,2025-12-01 13:00:00,0,0,1
TXN-03-04829,STORE-008,Electronics,BrandA,Online,UPC-756942734,SKU-ELE-4568,Monitor,5,5,3,1496.1,617.85,878.25,417.66,118.44,0,0,2025-12-02 21:00:00,1,0,1
TXN-03-06110,STORE-001,Electronics,BrandD,In-Store,UPC-585851287,SKU-ELE-6966,Headphones,1,1,1,91.29,55.95,35.34,100.42,9.13,0,0,2025-12-11 15:00:00,1,0,1
TXN-03-00053,STORE-010,Sports,BrandB,In-Store,UPC-421783350,SKU-SPO-5006,Cap,1,1,1,230.05,159.03,71.02,263.38,33.33,0,0,2025-12-27 10:00:00,1,1,1
TXN-03-02691,STORE-011,Electronics,BrandH,In-Store,UPC-696520375,SKU-ELE-1020,Headphones,3,3,2,687.27,488.61,198.66,254.59,25.5,0,0,2025-12-07 23:00:00,0,0,1
TXN-03-01676,STORE-013,Home & Garden,BrandE,Online,UPC-855100319,SKU-HOM-1127,Chair,8,8,3,789.76,538.0,251.76,122.16,23.44,0,0,2025-12-17 17:00:00,1,0,1
TXN-03-05200,STORE-008,Sports,BrandA,In-Store,UPC-196161122,SKU-SPO-1961,Backpack,8,8,2,1099.92,630.64,469.28,150.02,12.53,0,0,2025-12-04 20:00:00,1,0,1
TXN-03-00223,STORE-011,Sports,BrandF,In-Store,UPC-464303406,SKU-SPO-7827,Cap,8,8,3,2471.84,999.64,1472.2,382.55,73.57,0,0,2025-12-17 09:00:00,1,0,1
TXN-03-06274,STORE-011,Grocery,BrandH,Online,UPC-544900315,SKU-GRO-6923,Snack Bar,4,4,0,675.6,322.22,353.38,235.35,66.45,0,0,2025-12-06 09:00:00,1,1,1
TXN-03-01340,STORE-017,Sports,BrandC,In-Store,UPC-825531854,SKU-SPO-3743,Jersey,4,4,2,182.28,133.08,49.2,52.64,7.07,0,0,2025-12-13 02:00:00,0,1,1
TXN-03-00038,STORE-013,Apparel,BrandC,Online,UPC-865590800,SKU-APP-2408,Dress,3,3,4,349.44,149.57,199.87,133.05,16.57,0,0,2025-12-24 14:00:00,1,1,1
TXN-03-03489,STORE-015,Sports,BrandE,Mobile,UPC-529305728,SKU-SPO-7089,Water Bottle,6,6,2,1640.22,917.8,722.42,388.76,115.39,0,0,2025-12-27 16:00:00,0,1,1
TXN-03-02319,STORE-020,Electronics,BrandH,In-Store,UPC-706452406,SKU-ELE-1777,Tablet,8,8,4,480.64,239.04,241.6,60.99,0.91,0,0,2025-12-05 23:00:00,1,0,1
TXN-03-03033,STORE-008,Home & Garden,BrandF,Online,UPC-510723349,SKU-HOM-6651,Lamp,9,9,4,680.31,481.88,198.43,106.58,30.99,0,0,2025-12-06 17:00:00,0,0,1
TXN-03-05136,STORE-008,Apparel,BrandH,Mobile,UPC-110994486,SKU-APP-2408,Scarf,6,6,0,2156.04,1268.59,887.45,380.12,20.78,0,0,2025-12-15 06:00:00,1,1,1
TXN-03-04162,STORE-014,Apparel,BrandE,Online,UPC-676897925,SKU-APP-8774,T-Shirt,6,6,3,468.48,239.72,228.76,100.05,21.97,0,0,2025-12-18 12:00:00,1,1,1
TXN-03-03925,STORE-006,Home & Garden,BrandG,In-Store,UPC-930265310,SKU-HOM-1630,Plant Pot,3,3,0,974.22,653.91,320.31,421.85,97.11,0,0,2025-12-10 12:00:00,1,1,1
TXN-03-02514,STORE-011,Sports,BrandF,Online,UPC-144202752,SKU-SPO-4875,Dumbbell,1,1,2,103.6,41.83,61.77,138.71,35.11,0,0,2025-12-20 12:00:00,1,0,1
TXN-03-06243,STORE-020,Electronics,BrandH,Online,UPC-548386182,SKU-ELE-9636,Monitor,8,8,1,1262.0,568.21,693.79,162.04,4.29,0,0,2025-12-22 17:00:00,0,0,1
TXN-03-05384,STORE-006,Sports,BrandE,In-Store,UPC-577542810,SKU-SPO-7213,Water Bottle,8,8,4,2007.36,1298.38,708.98,306.03,55.11,0,0,2025-12-12 08:00:00,1,1,1
TXN-03-01185,STORE-002,Home & Garden,BrandB,Mobile,UPC-892036361,SKU-HOM-4942,Chair,3,3,1,293.16,121.32,171.84,138.66,40.94,0,0,2025-12-02 16:00:00,1,1,1
TXN-03-00669,STORE-010,Home & Garden,BrandB,Mobile,UPC-765071517,SKU-HOM-5598,Cushion,2,2,1,138.48,57.98,80.5,98.08,28.84,1,0,2025-12-22 01:00:00,1,0,1
TXN-03-03413,STORE-007,Home & Garden,BrandA,In-Store,UPC-568442524,SKU-HOM-7735,Plant Pot,7,7,0,787.78,434.74,353.04,147.08,34.54,0,0,2025-12-05 09:00:00,1,0,1
TXN-03-04391,STORE-010,Apparel,BrandF,Mobile,UPC-741264775,SKU-APP-7232,Socks,7,7,1,740.74,448.62,292.12,107.55,1.73,0,0,2025-12-26 02:00:00,1,1,1
TXN-03-03341,STORE-015,Electronics,BrandH,In-Store,UPC-390068446,SKU-ELE-6976,Tablet,3,3,0,78.48,51.48,27.0,31.16,5.0,0,0,2025-12-26 10:00:00,1,0,1
TXN-03-04192,STORE-016,Apparel,BrandB,Online,UPC-247833216,SKU-APP-1033,T-Shirt,2,2,1,74.14,30.42,43.72,46.35,9.28,0,0,2025-12-06 17:00:00,0,0,1
TXN-03-01142,STORE-005,Grocery,BrandG,Online,UPC-854295112,SKU-GRO-9221,Bread,7,7,1,1088.29,674.75,413.54,208.12,52.65,1,1,2025-12-18 15:00:00,1,0,1
TXN-03-02063,STORE-014,Apparel,BrandD,Mobile,UPC-773635299,SKU-APP-9326,Scarf,5,5,0,54.45,40.74,13.71,11.49,0.6,0,0,2025-12-26 15:00:00,1,1,1
TXN-03-05283,STORE-013,Home & Garden,BrandC,In-Store,UPC-577944566,SKU-HOM-9450,Tool Set,7,7,3,1049.44,539.42,510.02,202.35,52.43,0,0,2025-12-18 12:00:00,1,1,1
TXN-03-04133,STORE-011,Apparel,BrandG,Online,UPC-777452077,SKU-APP-7303,Hat,4,4,4,665.92,348.25,317.67,207.23,40.75,0,0,2025-12-25 15:00:00,0,0,1
TXN-03-05743,STORE-019,Sports,BrandD,Online,UPC-950266403,SKU-SPO-8194,Backpack,1,1,1,262.01,117.77,144.24,345.85,83.84,0,0,2025-12-04 21:00:00,1,0,1
TXN-03-00391,STORE-003,Grocery,BrandA,Online,UPC-750714852,SKU-GRO-7990,Juice,8,8,4,2097.92,1473.17,624.75,290.47,28.23,0,0,2025-12-13 18:00:00,1,0,1
TXN-03-02952,STORE-003,Apparel,BrandD,In-Store,UPC-164006015,SKU-APP-5721,Scarf,9,9,2,3007.26,1296.7,1710.56,443.67,109.53,0,0,2025-12-03 14:00:00,1,0,1
TXN-03-00443,STORE-005,Sports,BrandE,In-Store,UPC-119161517,SKU-SPO-5396,Dumbbell,6,6,4,1501.8,1115.32,386.48,329.39,79.09,0,0,2025-12-24 18:00:00,1,0,1
TXN-03-01173,STORE-003,Electronics,BrandH,In-Store,UPC-646537239,SKU-ELE-3723,Charger,1,1,2,90.51,46.42,44.09,97.42,6.91,0,0,2025-12-04 01:00:00,1,0,1
TXN-03-04806,STORE-010,Grocery,BrandG,In-Store,UPC-915336079,SKU-GRO-8469,Bread,7,7,3,2173.36,1550.9,622.46,312.19,1.71,0,0,2025-12-21 18:00:00,1,0,1
TXN-03-04183,STORE-006,Grocery,BrandE,In-Store,UPC-364754957,SKU-GRO-2603,Milk,7,7,0,885.99,612.99,273.0,178.71,52.14,0,0,2025-12-22 13:00:00,1,1,1
TXN-03-03606,STORE-008,Apparel,BrandE,Online,UPC-435211538,SKU-APP-6406,Hat,8,8,3,2632.56,1641.77,990.79,388.83,59.76,0,0,2025-12-11 12:00:00,0,1,1
TXN-03-05940,STORE-007,Grocery,BrandD,In-Store,UPC-486741143,SKU-GRO-3061,Bread,8,8,0,704.16,380.59,323.57,103.57,15.55,0,0,2025-12-28 16:00:00,0,0,1
TXN-03-00940,STORE-007,Electronics,BrandC,In-Store,UPC-808406248,SKU-ELE-3405,Phone,1,1,0,250.7,171.12,79.58,279.7,29.0,0,0,2025-12-26 14:00:00,1,0,1
TXN-03-03405,STORE-003,Apparel,BrandG,In-Store,UPC-715389345,SKU-APP-9411,Hat,4,4,4,481.56,313.71,167.85,120.86,0.47,0,0,2025-12-19 20:00:00,0,0,1
TXN-03-04662,STORE-006,Grocery,BrandC,In-Store,UPC-843320590,SKU-GRO-9949,Cereal,6,6,0,599.76,298.81,300.95,129.3,29.34,0,0,2025-12-05 16:00:00,0,0,1
TXN-03-05190,STORE-014,Electronics,BrandG,Online,UPC-522555125,SKU-ELE-4407,Charger,3,3,3,1232.73,873.37,359.36,433.92,23.01,0,0,2025-12-25 20:00:00,1,0,1
TXN-03-03572,STORE-018,Home & Garden,BrandG,In-Store,UPC-655543000,SKU-HOM-9773,Tool Set,5,5,1,1863.45,787.58,1075.87,413.27,40.58,0,0,2025-12-08 16:00:00,1,0,1
TXN-03-00677,STORE-015,Electronics,BrandA,In-Store,UPC-367581458,SKU-ELE-5195,Phone,5,5,2,224.8,163.82,60.98,53.51,8.55,0,0,2025-12-16 12:00:00,0,0,1
TXN-03-04798,STORE-002,Home & Garden,BrandC,In-Store,UPC-115558112,SKU-HOM-5703,Plant Pot,2,2,0,159.06,117.76,41.3,98.5,18.97,0,0,2025-12-14 20:00:00,0,0,1
TXN-03-04912,STORE-013,Grocery,BrandA,In-Store,UPC-410268214,SKU-GRO-1116,Bread,4,4,4,1042.08,587.56,454.52,294.72,34.2,0,0,2025-12-17 16:00:00,0,0,1
TXN-03-16440,STORE-008,Apparel,BrandH,Online,UPC-496076036,SKU-APP-9388,Jacket,7,7,1,2882.6,1900.59,982.01,481.79,69.99,0,0,2025-12-22 01:00:00,1,0,1
TXN-03-04455,STORE-009,Home & Garden,BrandA,Online,UPC-773239949,SKU-HOM-2119,Vase,6,6,0,1873.56,1347.99,525.57,366.07,53.81,0,0,2025-12-16 05:00:00,1,0,1
TXN-03-03737,STORE-016,Electronics,BrandC,Online,UPC-263854178,SKU-ELE-6187,Camera,9,9,0,269.01,126.72,142.29,36.16,6.27,0,0,2025-12-26 18:00:00,1,0,1
TXN-03-03871,STORE-010,Grocery,BrandF,Online,UPC-843727739,SKU-GRO-5568,Coffee,2,2,0,306.56,132.14,174.42,164.63,11.35,0,0,2025-12-27 04:00:00,1,0,1
TXN-03-01177,STORE-002,Grocery,BrandC,In-Store,UPC-313296886,SKU-GRO-2643,Rice,9,9,2,2722.5,1642.66,1079.84,305.7,3.2,0,0,2025-12-11 04:00:00,1,1,1
TXN-03-02883,STORE-016,Home & Garden,BrandE,Online,UPC-691229348,SKU-HOM-3463,Hose,8,8,2,1607.6,1037.84,569.76,269.4,68.45,0,0,2025-12-29 10:00:00,1,0,1
TXN-03-01907,STORE-002,Sports,BrandB,In-Store,UPC-116749215,SKU-SPO-5024,Jersey,8,8,2,693.28,388.1,305.18,114.0,27.34,1,0,2025-12-28 13:00:00,1,1,1
TXN-03-01240,STORE-013,Sports,BrandG,Online,UPC-480328330,SKU-SPO-9927,Resistance Band,3,3,1,208.02,113.94,94.08,74.49,5.15,0,0,2025-12-20 18:00:00,1,0,1
TXN-03-00896,STORE-003,Apparel,BrandH,In-Store,UPC-627081953,SKU-APP-4964,Shoes,5,5,2,1497.55,1116.55,381.0,313.95,14.44,0,0,2025-12-18 11:00:00,1,0,1
TXN-03-04196,STORE-002,Electronics,BrandH,Mobile,UPC-400795907,SKU-ELE-8111,Phone,9,9,1,1045.53,673.18,372.35,117.54,1.37,1,0,2025-12-09 03:00:00,1,0,1
TXN-03-03087,STORE-005,Grocery,BrandB,In-Store,UPC-913407644,SKU-GRO-4401,Cereal,3,3,1,100.2,57.71,42.49,42.48,9.08,0,0,2025-12-14 06:00:00,1,0,1
TXN-03-00910,STORE-013,Electronics,BrandG,In-Store,UPC-185051497,SKU-ELE-7288,Phone,2,2,1,601.18,245.81,355.37,308.69,8.1,0,0,2025-12-25 23:00:00,1,1,1
TXN-03-00802,STORE-011,Electronics,BrandF,In-Store,UPC-353766880,SKU-ELE-8336,Speaker,2,2,3,235.32,173.77,61.55,119.73,2.07,0,0,2025-12-09 01:00:00,0,0,1
TXN-03-06055,STORE-019,Sports,BrandC,Mobile,UPC-397112990,SKU-SPO-8448,Dumbbell,8,8,0,1540.4,1021.02,519.38,272.63,80.08,1,0,2025-12-23 19:00:00,1,1,1
TXN-03-04176,STORE-017,Apparel,BrandE,Online,UPC-746782035,SKU-APP-6441,Dress,1,1,4,21.15,9.96,11.19,27.24,6.09,0,0,2025-12-23 11:00:00,0,1,1
TXN-03-02629,STORE-011,Apparel,BrandH,In-Store,UPC-636004031,SKU-APP-7919,Socks,4,4,4,863.52,555.32,308.2,280.1,64.22,0,0,2025-12-26 17:00:00,1,0,1
TXN-03-02187,STORE-004,Home & Garden,BrandG,Mobile,UPC-100868744,SKU-HOM-7809,Lamp,1,1,2,167.04,68.06,98.98,217.75,50.71,0,0,2025-12-28 16:00:00,0,0,1
TXN-03-00596,STORE-002,Electronics,BrandE,Online,UPC-908282286,SKU-ELE-9008,Tablet,6,6,2,942.78,593.49,349.29,183.43,26.3,0,0,2025-12-12 04:00:00,0,0,1
TXN-03-03906,STORE-009,Home & Garden,BrandF,In-Store,UPC-412611478,SKU-HOM-4051,Rug,4,4,4,1060.96,742.82,318.14,267.46,2.22,0,0,2025-12-24 02:00:00,1,0,1
TXN-03-05534,STORE-009,Home & Garden,BrandG,In-Store,UPC-478377848,SKU-HOM-7612,Cushion,5,5,4,1051.45,632.62,418.83,258.95,48.66,0,0,2025-12-04 07:00:00,1,1,1
TXN-03-04108,STORE-001,Apparel,BrandB,Mobile,UPC-849444778,SKU-APP-9660,T-Shirt,6,6,4,767.64,410.73,356.91,160.55,32.61,0,0,2025-12-11 14:00:00,0,0,1
TXN-03-06044,STORE-003,Apparel,BrandA,In-Store,UPC-533087130,SKU-APP-9439,Hat,2,2,2,722.02,491.49,230.53,485.78,124.77,0,0,2025-12-15 02:00:00,0,0,1
TXN-03-03377,STORE-006,Home & Garden,BrandB,In-Store,UPC-229535756,SKU-HOM-4883,Rug,2,2,1,139.16,86.4,52.76,74.25,4.67,0,0,2025-12-03 17:00:00,1,0,1
TXN-03-00720,STORE-001,Home & Garden,BrandA,In-Store,UPC-182529832,SKU-HOM-8386,Plant Pot,6,6,3,1980.54,1271.56,708.98,467.91,137.82,0,0,2025-12-13 04:00:00,1,0,1
TXN-03-02044,STORE-001,Electronics,BrandF,Online,UPC-121096687,SKU-ELE-3681,Monitor,6,6,4,1631.82,1030.46,601.36,299.99,28.02,0,0,2025-12-20 14:00:00,1,1,1
TXN-03-01545,STORE-006,Home & Garden,BrandC,In-Store,UPC-939183129,SKU-HOM-2391,Lamp,3,3,3,407.67,294.94,112.73,141.99,6.1,1,0,2025-12-12 02:00:00,1,0,1
TXN-03-05158,STORE-003,Home & Garden,BrandB,Online,UPC-738738361,SKU-HOM-2803,Tool Set,8,8,4,3117.12,1493.01,1624.11,401.56,11.92,0,0,2025-12-30 23:00:00,1,0,1
TXN-03-01746,STORE-019,Grocery,BrandF,Mobile,UPC-392419572,SKU-GRO-2315,Juice,9,9,1,2458.89,1252.84,1206.05,340.63,67.42,0,0,2025-12-12 11:00:00,1,0,1
TXN-03-02894,STORE-010,Electronics,BrandD,Online,UPC-698470254,SKU-ELE-1892,Tablet,4,4,4,547.48,396.77,150.71,143.19,6.32,0,0,2025-12-01 19:00:00,1,0,1
TXN-03-04483,STORE-009,Apparel,BrandC,Mobile,UPC-305362714,SKU-APP-1959,Scarf,8,8,1,327.44,206.67,120.77,50.58,9.65,0,0,2025-12-28 11:00:00,1,0,1
TXN-03-03052,STORE-013,Grocery,BrandF,In-Store,UPC-365089885,SKU-GRO-7625,Juice,8,8,1,1458.48,898.1,560.38,247.27,64.96,0,0,2025-12-28 12:00:00,1,1,1
TXN-03-02721,STORE-003,Home & Garden,BrandA,In-Store,UPC-879227565,SKU-HOM-7073,Rug,3,3,3,63.75,43.82,19.93,22.34,1.09,0,0,2025-12-11 14:00:00,1,0,1
TXN-03-05806,STORE-015,Grocery,BrandB,Mobile,UPC-967059866,SKU-GRO-1892,Coffee,9,9,3,64.26,26.88,37.38,7.23,0.09,0,0,2025-12-13 02:00:00,0,0,1
TXN-03-00503,STORE-011,Sports,BrandF,In-Store,UPC-370115308,SKU-SPO-1183,Yoga Mat,8,8,0,888.32,552.39,335.93,119.54,8.5,0,0,2025-12-18 02:00:00,1,1,1
TXN-03-03133,STORE-020,Electronics,BrandD,In-Store,UPC-633031911,SKU-ELE-3220,Phone,7,7,0,1788.36,1261.61,526.75,345.13,89.65,0,0,2025-12-21 14:00:00,1,0,1
TXN-03-01918,STORE-008,Electronics,BrandE,Mobile,UPC-986683987,SKU-ELE-7953,Tablet,3,3,3,702.84,463.94,238.9,266.5,32.22,0,0,2025-12-11 18:00:00,0,1,1
TXN-03-02792,STORE-014,Grocery,BrandD,Online,UPC-210831626,SKU-GRO-2810,Coffee,5,5,2,1166.55,720.31,446.24,300.96,67.65,0,0,2025-12-02 05:00:00,0,1,1
TXN-03-05302,STORE-006,Grocery,BrandC,In-Store,UPC-170508833,SKU-GRO-4083,Coffee,9,9,4,901.53,457.59,443.94,115.56,15.39,0,0,2025-12-06 23:00:00,0,0,1
TXN-03-06167,STORE-002,Home & Garden,BrandA,In-Store,UPC-299124979,SKU-HOM-3301,Chair,4,4,1,604.2,416.9,187.3,182.57,31.52,0,0,2025-12-18 02:00:00,0,0,1
TXN-03-04770,STORE-001,Electronics,BrandH,In-Store,UPC-274940291,SKU-ELE-3470,Charger,3,3,3,157.47,112.66,44.81,72.15,19.66,0,0,2025-12-01 21:00:00,1,1,1
TXN-03-04527,STORE-001,Sports,BrandC,Online,UPC-994502893,SKU-SPO-8492,Yoga Mat,6,6,2,1415.64,728.05,687.59,255.86,19.92,1,0,2025-12-19 00:00:00,1,0,1
TXN-03-02111,STORE-003,Grocery,BrandC,In-Store,UPC-254396920,SKU-GRO-7242,Snack Bar,7,7,0,2504.18,1349.71,1154.47,440.9,83.16,0,0,2025-12-11 00:00:00,0,0,1
TXN-03-00904,STORE-004,Electronics,BrandA,Online,UPC-456991499,SKU-ELE-6879,Camera,4,4,2,1118.48,566.34,552.14,281.42,1.8,0,0,2025-12-22 21:00:00,0,0,1
TXN-03-06039,STORE-012,Home & Garden,BrandD,In-Store,UPC-387784110,SKU-HOM-4456,Hose,4,4,4,239.48,139.57,99.91,67.66,7.79,0,0,2025-12-10 07:00:00,1,0,1
TXN-03-01062,STORE-004,Electronics,BrandG,Mobile,UPC-747392698,SKU-ELE-7962,Charger,8,8,0,1811.92,1199.82,612.1,303.6,77.11,0,0,2025-12-03 12:00:00,0,0,1
TXN-03-05900,STORE-001,Grocery,BrandB,In-Store,UPC-109383623,SKU-GRO-2592,Juice,1,1,4,22.76,13.45,9.31,29.87,7.11,0,0,2025-12-28 02:00:00,1,1,1
TXN-03-01484,STORE-014,Apparel,BrandA,Online,UPC-643323305,SKU-APP-1179,Jeans,6,6,0,1681.5,1251.22,430.28,290.79,10.54,0,0,2025-12-17 09:00:00,1,0,1
TXN-03-05953,STORE-007,Sports,BrandA,In-Store,UPC-438885886,SKU-SPO-6500,Resistance Band,2,2,2,797.0,587.96,209.04,479.06,80.56,0,0,2025-12-19 10:00:00,0,0,1
TXN-03-03550,STORE-007,Sports,BrandD,In-Store,UPC-727731173,SKU-SPO-5180,Backpack,5,5,0,1888.9,1328.68,560.22,408.95,31.17,0,0,2025-12-27 13:00:00,0,0,1
TXN-03-03675,STORE-001,Grocery,BrandH,In-Store,UPC-470829958,SKU-GRO-6221,Coffee,8,8,2,2928.88,1538.82,1390.06,427.63,61.52,0,0,2025-12-04 19:00:00,0,0,1
TXN-03-00935,STORE-014,Electronics,BrandG,In-Store,UPC-823974775,SKU-ELE-6072,Tablet,8,8,0,3538.72,2363.86,1174.86,457.02,14.68,0,0,2025-12-01 00:00:00,0,0,1
TXN-03-06046,STORE-012,Grocery,BrandB,Online,UPC-871208516,SKU-GRO-2130,Bread,7,7,1,1166.76,863.46,303.3,227.95,61.27,1,1,2025-12-11 14:00:00,1,0,1
TXN-03-05587,STORE-016,Sports,BrandD,Mobile,UPC-917091454,SKU-SPO-1768,Water Bottle,4,4,4,256.32,176.67,79.65,70.06,5.98,0,0,2025-12-13 15:00:00,1,1,1
TXN-03-03704,STORE-009,Apparel,BrandF,In-Store,UPC-988890633,SKU-APP-8650,Jacket,6,6,1,423.06,284.77,138.29,78.45,7.94,0,0,2025-12-22 00:00:00,0,0,1
TXN-03-01557,STORE-004,Grocery,BrandB,Mobile,UPC-177840829,SKU-GRO-6543,Coffee,1,1,1,152.42,106.71,45.71,215.38,62.96,0,0,2025-12-14 11:00:00,1,1,1
TXN-03-01293,STORE-007,Home & Garden,BrandB,Mobile,UPC-159921666,SKU-HOM-3728,Lamp,4,4,3,871.88,558.58,313.3,270.11,52.14,0,0,2025-12-22 08:00:00,1,0,1
TXN-03-05927,STORE-003,Grocery,BrandC,In-Store,UPC-573208931,SKU-GRO-2297,Cereal,5,5,1,807.5,326.18,481.32,192.75,31.25,0,0,2025-12-09 01:00:00,1,1,1
TXN-03-04677,STORE-016,Grocery,BrandH,Online,UPC-385691457,SKU-GRO-1397,Bread,5,5,1,1412.3,699.01,713.29,394.66,112.2,0,0,2025-12-08 03:00:00,0,1,1
TXN-03-04071,STORE-008,Sports,BrandD,In-Store,UPC-473600031,SKU-SPO-2397,Running Shoes,2,2,1,459.06,212.48,246.58,232.83,3.3,0,0,2025-12-11 11:00:00,1,0,1
TXN-03-01333,STORE-020,Grocery,BrandD,Mobile,UPC-234209906,SKU-GRO-4110,Snack Bar,7,7,0,1660.12,789.39,870.73,255.0,17.84,0,0,2025-12-29 14:00:00,0,1,1
TXN-03-04275,STORE-003,Sports,BrandE,Online,UPC-817168407,SKU-SPO-5732,Cap,2,2,3,502.4,332.03,170.37,339.23,88.03,0,0,2025-12-27 18:00:00,0,0,1
TXN-03-04343,STORE-001,Grocery,BrandG,In-Store,UPC-194731593,SKU-GRO-3476,Cereal,7,7,4,2274.72,1486.2,788.52,344.3,19.34,0,0,2025-12-13 16:00:00,0,1,1
TXN-03-01249,STORE-008,Grocery,BrandC,In-Store,UPC-393047765,SKU-GRO-7436,Juice,3,3,2,501.12,295.47,205.65,216.91,49.87,0,0,2025-12-18 17:00:00,0,0,1
TXN-03-03957,STORE-018,Grocery,BrandB,In-Store,UPC-277593093,SKU-GRO-8707,Bread,1,1,2,220.11,104.81,115.3,278.15,58.04,0,0,2025-12-09 11:00:00,1,1,1
TXN-03-05048,STORE-013,Electronics,BrandG,In-Store,UPC-278744345,SKU-ELE-3010,Camera,8,8,0,884.8,475.0,409.8,154.5,43.9,0,0,2025-12-06 07:00:00,0,1,1
TXN-03-05736,STORE-005,Sports,BrandB,In-Store,UPC-505971785,SKU-SPO-2356,Yoga Mat,4,4,1,1134.84,594.04,540.8,353.66,69.95,0,0,2025-12-28 02:00:00,0,0,1
TXN-03-01789,STORE-008,Apparel,BrandD,In-Store,UPC-158896567,SKU-APP-7408,T-Shirt,4,4,1,524.56,221.35,303.21,135.58,4.44,0,0,2025-12-05 15:00:00,1,1,1
TXN-03-01828,STORE-013,Grocery,BrandC,Online,UPC-842173785,SKU-GRO-3970,Rice,5,5,2,496.35,253.0,243.35,102.53,3.26,0,0,2025-12-21 22:00:00,1,0,1
TXN-03-01245,STORE-005,Apparel,BrandC,In-Store,UPC-542953201,SKU-APP-8952,Jacket,8,8,3,723.52,450.15,273.37,107.62,17.18,0,0,2025-12-06 06:00:00,1,0,1
TXN-03-01365,STORE-015,Sports,BrandC,In-Store,UPC-534869306,SKU-SPO-7389,Resistance Band,9,9,2,317.07,176.58,140.49,44.66,9.43,0,0,2025-12-21 11:00:00,1,1,1
TXN-03-16420,STORE-004,Electronics,BrandH,Online,UPC-808777171,SKU-ELE-1530,Tablet,6,6,1,274.68,163.59,111.09,47.71,1.93,0,0,2025-12-09 22:00:00,0,0,1
TXN-03-03774,STORE-014,Apparel,BrandE,Online,UPC-542385473,SKU-APP-5420,Scarf,4,4,4,69.96,38.37,31.59,23.13,5.64,0,0,2025-12-05 06:00:00,1,0,1
TXN-03-02445,STORE-002,Electronics,BrandC,Mobile,UPC-115140693,SKU-ELE-1272,Charger,2,2,4,171.96,94.58,77.38,113.94,27.96,0,0,2025-12-23 07:00:00,1,0,1
TXN-03-03041,STORE-005,Sports,BrandA,Online,UPC-555530754,SKU-SPO-2505,Yoga Mat,4,4,0,652.36,350.22,302.14,220.61,57.52,0,0,2025-12-30 20:00:00,1,1,1
TXN-03-00275,STORE-020,Apparel,BrandE,Mobile,UPC-348607622,SKU-APP-6413,Hat,9,9,1,1183.95,648.4,535.55,167.29,35.74,1,1,2025-12-21 10:00:00,0,0,1
TXN-03-01132,STORE-001,Apparel,BrandG,Mobile,UPC-320266380,SKU-APP-2206,Dress,5,5,0,1566.9,640.9,926.0,384.98,71.6,0,0,2025-12-04 20:00:00,1,0,1
TXN-03-04260,STORE-010,Apparel,BrandF,Online,UPC-252677764,SKU-APP-4443,Socks,8,8,4,3642.88,2102.31,1540.57,499.82,44.46,0,0,2025-12-23 04:00:00,1,0,1
TXN-03-02594,STORE-008,Sports,BrandH,In-Store,UPC-564407209,SKU-SPO-9231,Backpack,9,9,1,62.28,32.13,30.15,9.12,2.2,0,0,2025-12-25 13:00:00,1,0,1
TXN-03-05231,STORE-014,Grocery,BrandF,Mobile,UPC-565766373,SKU-GRO-7492,Cereal,5,5,1,212.85,128.18,84.67,43.24,0.67,0,0,2025-12-24 03:00:00,1,1,1
TXN-03-02368,STORE-004,Electronics,BrandE,Mobile,UPC-963841786,SKU-ELE-4846,Charger,9,9,0,1169.19,644.37,524.82,140.8,10.89,0,0,2025-12-13 03:00:00,1,0,1
TXN-03-05868,STORE-003,Sports,BrandE,Online,UPC-216029330,SKU-SPO-3102,Water Bottle,6,6,4,904.44,585.81,318.63,151.02,0.28,0,0,2025-12-18 23:00:00,0,0,1
TXN-03-00556,STORE-019,Electronics,BrandH,In-Store,UPC-552090354,SKU-ELE-3547,Charger,5,5,3,933.2,390.46,542.74,210.35,23.71,0,0,2025-12-14 05:00:00,1,0,1
TXN-03-04267,STORE-002,Grocery,BrandF,Mobile,UPC-161256643,SKU-GRO-2088,Cereal,4,4,1,664.52,275.06,389.46,184.36,18.23,0,0,2025-12-29 16:00:00,1,0,1
TXN-03-01848,STORE-004,Electronics,BrandH,In-Store,UPC-632944339,SKU-ELE-8724,Monitor,5,5,2,1332.75,777.26,555.49,311.25,44.7,0,0,2025-12-27 03:00:00,1,0,1
TXN-03-03975,STORE-011,Grocery,BrandB,Online,UPC-586282070,SKU-GRO-2049,Coffee,8,8,4,1169.2,504.11,665.09,159.66,13.51,0,0,2025-12-12 04:00:00,0,1,1
TXN-03-03423,STORE-003,Apparel,BrandE,Online,UPC-555341744,SKU-APP-2632,Socks,8,8,4,1765.44,997.07,768.37,260.37,39.69,0,0,2025-12-10 07:00:00,1,1,1
TXN-03-03888,STORE-013,Home & Garden,BrandA,In-Store,UPC-299982879,SKU-HOM-4026,Lamp,1,1,0,275.14,155.64,119.5,302.01,26.87,0,0,2025-12-07 10:00:00,0,1,1
TXN-03-00913,STORE-016,Electronics,BrandB,In-Store,UPC-330148583,SKU-ELE-4540,Headphones,4,4,4,1385.28,602.25,783.03,488.52,142.2,0,0,2025-12-28 14:00:00,0,0,1
TXN-03-02956,STORE-004,Apparel,BrandD,In-Store,UPC-590096959,SKU-APP-9502,Jacket,6,6,2,366.84,228.15,138.69,73.84,12.7,0,0,2025-12-28 13:00:00,0,0,1
TXN-03-05342,STORE-016,Electronics,BrandE,In-Store,UPC-950264026,SKU-ELE-6670,Monitor,2,2,0,266.44,135.08,131.36,178.7,45.48,0,0,2025-12-10 22:00:00,1,0,1
TXN-03-04289,STORE-020,Grocery,BrandE,Online,UPC-812092958,SKU-GRO-9122,Cereal,6,6,0,516.48,357.6,158.88,103.1,17.02,0,0,2025-12-15 18:00:00,1,1,1
TXN-03-05596,STORE-018,Grocery,BrandA,Mobile,UPC-734959208,SKU-GRO-1189,Juice,5,5,3,256.35,105.35,151.0,64.38,13.11,0,0,2025-12-05 03:00:00,1,1,1
TXN-03-03024,STORE-002,Electronics,BrandE,Online,UPC-872119374,SKU-ELE-3901,Monitor,4,4,3,1352.76,711.17,641.59,383.01,44.82,0,0,2025-12-21 11:00:00,0,0,1
TXN-03-02700,STORE-015,Grocery,BrandA,Online,UPC-251528605,SKU-GRO-3313,Pasta,3,3,4,1448.01,862.98,585.03,497.3,14.63,0,0,2025-12-10 18:00:00,0,0,1
TXN-03-02848,STORE-010,Home & Garden,BrandC,Mobile,UPC-857823048,SKU-HOM-7540,Plant Pot,6,6,4,474.96,229.86,245.1,108.97,29.81,0,0,2025-12-08 04:00:00,1,0,1
TXN-03-03965,STORE-015,Grocery,BrandE,In-Store,UPC-790721366,SKU-GRO-5717,Snack Bar,9,9,0,2938.95,1325.99,1612.96,426.94,100.39,0,0,2025-12-25 16:00:00,1,1,1
TXN-03-01532,STORE-013,Electronics,BrandH,In-Store,UPC-550210357,SKU-ELE-8316,Tablet,6,6,3,1819.32,986.13,833.19,363.01,59.79,0,0,2025-12-08 16:00:00,0,0,1
TXN-03-01879,STORE-018,Grocery,BrandF,Mobile,UPC-905454816,SKU-GRO-4285,Juice,7,7,2,2746.1,1948.35,797.75,458.72,66.42,0,0,2025-12-28 08:00:00,1,0,1
TXN-03-03552,STORE-017,Home & Garden,BrandH,In-Store,UPC-919769275,SKU-HOM-3240,Rug,7,7,4,1795.85,1116.3,679.55,257.48,0.93,0,0,2025-12-16 22:00:00,0,1,1
TXN-03-03284,STORE-001,Electronics,BrandH,In-Store,UPC-842659782,SKU-ELE-3969,Speaker,7,7,1,1526.49,827.0,699.49,297.34,79.27,0,0,2025-12-13 04:00:00,1,1,1
TXN-03-02406,STORE-019,Home & Garden,BrandA,In-Store,UPC-104174774,SKU-HOM-8330,Vase,9,9,3,1963.08,1259.93,703.15,240.14,22.02,0,0,2025-12-12 11:00:00,1,0,1
TXN-03-04907,STORE-014,Home & Garden,BrandD,In-Store,UPC-593787735,SKU-HOM-2287,Hose,6,6,3,1542.6,1151.66,390.94,278.86,21.76,1,0,2025-12-09 19:00:00,0,0,1
TXN-03-05056,STORE-018,Sports,BrandC,Online,UPC-170599104,SKU-SPO-3768,Backpack,7,7,4,2666.3,1068.39,1597.91,469.04,88.14,0,0,2025-12-02 02:00:00,1,0,1
TXN-03-05300,STORE-007,Electronics,BrandB,In-Store,UPC-219784969,SKU-ELE-5889,Tablet,1,1,1,241.76,142.19,99.57,299.87,58.11,0,0,2025-12-12 08:00:00,0,0,1
TXN-03-03547,STORE-016,Home & Garden,BrandB,Mobile,UPC-498193141,SKU-HOM-9710,Lamp,3,3,0,971.79,639.96,331.83,341.41,17.48,0,0,2025-12-12 00:00:00,0,0,1
TXN-03-00412,STORE-020,Electronics,BrandE,Online,UPC-418800822,SKU-ELE-2143,Charger,1,1,2,51.88,24.14,27.74,62.89,11.01,0,0,2025-12-15 14:00:00,0,1,1
TXN-03-00870,STORE-016,Home & Garden,BrandF,In-Store,UPC-179210042,SKU-HOM-5445,Chair,5,5,2,737.2,345.8,391.4,162.57,15.13,0,0,2025-12-16 09:00:00,1,0,1
TXN-03-03821,STORE-010,Sports,BrandH,Online,UPC-526247141,SKU-SPO-4697,Cap,8,8,2,1407.12,983.81,423.31,194.03,18.14,0,0,2025-12-26 01:00:00,1,0,1
TXN-03-06179,STORE-013,Grocery,BrandA,In-Store,UPC-731131596,SKU-GRO-9695,Milk,4,4,2,867.0,583.39,283.61,260.98,44.23,0,0,2025-12-20 14:00:00,0,1,1
TXN-03-02139,STORE-017,Apparel,BrandE,In-Store,UPC-777835446,SKU-APP-5513,Socks,5,5,3,309.55,168.72,140.83,87.35,25.44,0,0,2025-12-29 01:00:00,0,0,1
TXN-03-04096,STORE-016,Home & Garden,BrandG,Online,UPC-446168718,SKU-HOM-2878,Cushion,1,1,3,229.39,171.88,57.51,229.79,0.4,0,0,2025-12-22 23:00:00,1,0,1
TXN-03-02170,STORE-009,Grocery,BrandB,Mobile,UPC-161364622,SKU-GRO-4300,Snack Bar,4,4,0,438.76,278.81,159.95,142.41,32.72,0,0,2025-12-16 11:00:00,0,0,1
TXN-03-00633,STORE-013,Grocery,BrandB,In-Store,UPC-783949220,SKU-GRO-6056,Rice,2,2,3,571.14,341.5,229.64,293.52,7.95,0,0,2025-12-07 10:00:00,1,1,1
TXN-03-05262,STORE-016,Apparel,BrandB,Online,UPC-869709890,SKU-APP-1142,Jeans,1,1,3,367.7,269.07,98.63,426.34,58.64,0,0,2025-12-03 22:00:00,1,0,1
TXN-03-04821,STORE-019,Home & Garden,BrandF,Online,UPC-964324204,SKU-HOM-8440,Lamp,2,2,4,670.46,353.36,317.1,360.28,25.05,0,0,2025-12-01 06:00:00,1,1,1
TXN-03-02547,STORE-007,Grocery,BrandH,In-Store,UPC-601256754,SKU-GRO-3456,Rice,9,9,3,2781.81,2066.48,715.33,421.39,112.3,0,0,2025-12-07 07:00:00,1,0,1
TXN-03-00534,STORE-017,Sports,BrandE,Mobile,UPC-645827706,SKU-SPO-4353,Dumbbell,2,2,0,435.32,257.22,178.1,289.59,71.93,0,0,2025-12-22 05:00:00,0,0,1
TXN-03-03239,STORE-002,Home & Garden,BrandD,Mobile,UPC-856510340,SKU-HOM-6295,Lamp,1,1,0,70.35,38.75,31.6,77.66,7.31,0,0,2025-12-28 22:00:00,1,0,1
TXN-03-01844,STORE-005,Electronics,BrandA,Mobile,UPC-347170914,SKU-ELE-9189,Headphones,5,5,1,1731.2,1150.54,580.66,452.27,106.03,0,0,2025-12-17 21:00:00,1,0,1
TXN-03-04292,STORE-001,Sports,BrandH,In-Store,UPC-444553481,SKU-SPO-3441,Dumbbell,8,8,1,2770.48,1298.79,1471.69,371.9,25.59,0,0,2025-12-10 07:00:00,0,0,1
TXN-03-03396,STORE-019,Apparel,BrandH,In-Store,UPC-678639299,SKU-APP-7909,T-Shirt,2,2,3,254.78,175.59,79.19,142.3,14.91,0,0,2025-12-12 15:00:00,1,0,1
TXN-03-06016,STORE-002,Grocery,BrandD,Online,UPC-941121075,SKU-GRO-9385,Milk,3,3,4,810.84,522.99,287.85,308.56,38.28,0,0,2025-12-24 10:00:00,1,0,1
TXN-03-02914,STORE-014,Grocery,BrandD,Mobile,UPC-419557936,SKU-GRO-8766,Juice,5,5,1,538.35,388.69,149.66,125.03,17.36,0,0,2025-12-09 05:00:00,0,0,1
TXN-03-04558,STORE-010,Grocery,BrandA,Mobile,UPC-738789927,SKU-GRO-8136,Cereal,6,6,4,1933.2,1187.56,745.64,368.79,46.59,0,0,2025-12-04 14:00:00,0,0,1
TXN-03-04944,STORE-004,Sports,BrandC,In-Store,UPC-339325616,SKU-SPO-7470,Dumbbell,9,9,0,2450.07,1453.68,996.39,337.57,65.34,1,0,2025-12-03 07:00:00,0,0,1
TXN-03-02652,STORE-012,Home & Garden,BrandF,In-Store,UPC-403577854,SKU-HOM-5548,Hose,7,7,0,1834.98,1150.73,684.25,332.07,69.93,0,0,2025-12-17 01:00:00,1,0,1
TXN-03-04596,STORE-006,Sports,BrandF,Online,UPC-281698779,SKU-SPO-8490,Resistance Band,9,9,2,2952.45,1930.54,1021.91,447.5,119.45,0,0,2025-12-10 01:00:00,0,0,1
TXN-03-04135,STORE-015,Home & Garden,BrandF,In-Store,UPC-659039606,SKU-HOM-2238,Hose,5,5,2,705.0,379.49,325.51,143.58,2.58,0,0,2025-12-29 16:00:00,1,1,1
TXN-03-05468,STORE-017,Home & Garden,BrandC,In-Store,UPC-989700308,SKU-HOM-3487,Tool Set,5,5,2,1042.95,747.03,295.92,267.82,59.23,0,0,2025-12-22 11:00:00,0,0,1
TXN-03-02032,STORE-019,Apparel,BrandD,In-Store,UPC-885871046,SKU-APP-6420,Hat,9,9,4,3627.27,2294.89,1332.38,405.54,2.51,0,0,2025-12-28 02:00:00,0,1,1
TXN-03-05410,STORE-002,Electronics,BrandG,In-Store,UPC-723659328,SKU-ELE-1425,Camera,3,3,2,443.91,185.08,258.83,162.62,14.65,0,0,2025-12-15 11:00:00,1,1,1
TXN-03-05866,STORE-004,Grocery,BrandA,In-Store,UPC-624132482,SKU-GRO-4550,Rice,7,7,1,1463.91,746.42,717.49,275.94,66.81,0,0,2025-12-18 02:00:00,0,1,1
TXN-03-05303,STORE-020,Home & Garden,BrandC,Online,UPC-886943246,SKU-HOM-2474,Rug,6,6,1,77.34,42.06,35.28,17.55,4.66,0,0,2025-12-08 02:00:00,1,0,1
TXN-03-00290,STORE-019,Electronics,BrandB,Online,UPC-939845630,SKU-ELE-3890,Monitor,5,5,1,1551.35,959.79,591.56,412.87,102.6,0,0,2025-12-24 20:00:00,0,0,1
TXN-03-05321,STORE-002,Sports,BrandD,Online,UPC-429849042,SKU-SPO-6816,Yoga Mat,7,7,2,1063.93,629.3,434.63,215.08,63.09,0,0,2025-12-15 23:00:00,0,0,1
TXN-03-16421,STORE-014,Home & Garden,BrandH,Online,UPC-456235171,SKU-HOM-5926,Cushion,5,5,1,1568.85,843.71,725.14,401.92,88.15,0,0,2025-12-11 12:00:00,1,0,1
TXN-03-01386,STORE-002,Grocery,BrandG,In-Store,UPC-493243407,SKU-GRO-3121,Bread,1,1,4,120.98,90.63,30.35,128.58,7.6,0,0,2025-12-03 18:00:00,1,0,1
TXN-03-05313,STORE-016,Apparel,BrandE,In-Store,UPC-883980714,SKU-APP-6286,T-Shirt,1,1,2,93.76,37.98,55.78,108.45,14.69,0,0,2025-12-24 00:00:00,0,1,1
TXN-03-00339,STORE-018,Sports,BrandA,Mobile,UPC-807208610,SKU-SPO-1077,Cap,2,2,4,29.94,16.08,13.86,20.92,5.95,0,0,2025-12-04 10:00:00,1,1,1
TXN-03-03226,STORE-017,Sports,BrandF,In-Store,UPC-890718187,SKU-SPO-4221,Backpack,8,8,3,3015.44,1934.52,1080.92,472.16,95.23,0,0,2025-12-23 18:00:00,1,1,1
TXN-03-00086,STORE-004,Sports,BrandA,Online,UPC-765061792,SKU-SPO-8335,Yoga Mat,5,5,4,1188.95,655.66,533.29,304.03,66.24,0,0,2025-12-21 17:00:00,1,0,1
TXN-03-02200,STORE-019,Electronics,BrandG,Mobile,UPC-396764515,SKU-ELE-6922,Speaker,9,9,3,875.07,555.33,319.74,115.51,18.28,1,1,2025-12-21 04:00:00,1,0,1
TXN-03-02785,STORE-011,Sports,BrandH,In-Store,UPC-972752596,SKU-SPO-3868,Resistance Band,7,7,3,855.19,428.99,426.2,139.67,17.5,0,0,2025-12-04 22:00:00,1,1,1
TXN-03-04375,STORE-001,Sports,BrandA,Online,UPC-100802474,SKU-SPO-7453,Cap,7,7,1,1115.24,683.11,432.13,210.56,51.24,0,0,2025-12-05 16:00:00,1,1,1
TXN-03-04769,STORE-007,Electronics,BrandB,In-Store,UPC-109889653,SKU-ELE-1645,Laptop,5,5,1,197.2,128.82,68.38,44.06,4.62,0,0,2025-12-09 08:00:00,1,0,1
TXN-03-00865,STORE-015,Apparel,BrandB,Online,UPC-800252200,SKU-APP-1424,Scarf,5,5,1,1271.1,870.77,400.33,282.0,27.78,0,0,2025-12-17 23:00:00,0,0,1
TXN-03-03607,STORE-018,Home & Garden,BrandF,Mobile,UPC-658845955,SKU-HOM-4547,Cushion,3,3,2,323.94,202.72,121.22,133.02,25.04,0,0,2025-12-15 03:00:00,1,1,1
TXN-03-01628,STORE-010,Home & Garden,BrandD,Online,UPC-159926707,SKU-HOM-2333,Tool Set,7,7,2,2095.31,1214.03,881.28,372.32,72.99,0,0,2025-12-03 14:00:00,0,0,1
TXN-03-00750,STORE-002,Electronics,BrandA,In-Store,UPC-504178795,SKU-ELE-4613,Speaker,4,4,4,364.8,150.03,214.77,104.43,13.23,0,0,2025-12-01 10:00:00,1,0,1
TXN-03-00423,STORE-011,Sports,BrandC,Online,UPC-405116828,SKU-SPO-3925,Jersey,8,8,4,2755.92,1331.21,1424.71,423.58,79.09,0,0,2025-12-03 01:00:00,1,0,1
TXN-03-03922,STORE-010,Apparel,BrandB,In-Store,UPC-917686975,SKU-APP-7841,Socks,1,1,3,147.8,76.22,71.58,189.05,41.25,1,0,2025-12-11 02:00:00,0,0,1
TXN-03-04834,STORE-016,Sports,BrandB,In-Store,UPC-518311173,SKU-SPO-3470,Cap,8,8,1,515.68,291.54,224.14,86.02,21.56,0,0,2025-12-25 11:00:00,1,0,1
TXN-03-02990,STORE-014,Apparel,BrandE,Online,UPC-211792740,SKU-APP-7679,T-Shirt,4,4,2,1866.76,1194.7,672.06,493.68,26.99,0,0,2025-12-21 00:00:00,1,0,1
TXN-03-02631,STORE-010,Apparel,BrandA,In-Store,UPC-551738734,SKU-APP-9108,Dress,7,7,2,2332.19,1284.13,1048.06,460.76,127.59,0,0,2025-12-16 15:00:00,0,1,1
TXN-03-05568,STORE-011,Electronics,BrandH,Online,UPC-671698258,SKU-ELE-9739,Speaker,4,4,3,848.72,509.97,338.75,276.89,64.71,0,0,2025-12-20 02:00:00,0,0,1
TXN-03-06258,STORE-018,Electronics,BrandE,Online,UPC-700980853,SKU-ELE-9849,Monitor,8,8,2,645.6,283.73,361.87,101.31,20.61,0,0,2025-12-23 23:00:00,0,1,1
TXN-03-01635,STORE-008,Apparel,BrandH,In-Store,UPC-383339566,SKU-APP-9587,Jeans,4,4,3,189.92,121.43,68.49,52.85,5.37,0,0,2025-12-11 19:00:00,0,1,1
TXN-03-02018,STORE-010,Electronics,BrandB,Online,UPC-665407967,SKU-ELE-5829,Speaker,8,8,3,2413.2,1782.64,630.56,369.21,67.56,0,0,2025-12-06 12:00:00,0,1,1
TXN-03-01903,STORE-011,Electronics,BrandA,Online,UPC-164414140,SKU-ELE-2027,Phone,2,2,1,279.36,158.65,120.71,192.24,52.56,0,0,2025-12-02 05:00:00,0,0,1
TXN-03-00630,STORE-019,Grocery,BrandH,In-Store,UPC-527463950,SKU-GRO-2280,Coffee,7,7,2,372.54,186.69,185.85,67.59,14.37,0,0,2025-12-29 10:00:00,0,0,1
TXN-03-00728,STORE-009,Electronics,BrandB,Online,UPC-633191753,SKU-ELE-3558,Tablet,4,4,0,1654.0,1186.92,467.08,469.77,56.27,0,0,2025-12-28 02:00:00,0,1,1
TXN-03-01761,STORE-006,Home & Garden,BrandG,In-Store,UPC-630888383,SKU-HOM-3835,Rug,2,2,1,878.32,513.82,364.5,468.66,29.5,0,0,2025-12-23 15:00:00,0,0,1
TXN-03-06102,STORE-020,Grocery,BrandC,In-Store,UPC-161284260,SKU-GRO-1089,Pasta,8,8,4,2121.84,882.11,1239.73,348.85,83.62,0,0,2025-12-21 14:00:00,0,1,1
TXN-03-03079,STORE-013,Electronics,BrandA,Mobile,UPC-167335790,SKU-ELE-1938,Monitor,7,7,3,936.88,693.56,243.32,174.81,40.97,0,0,2025-12-07 23:00:00,0,0,1
TXN-03-04529,STORE-002,Electronics,BrandE,Online,UPC-888442604,SKU-ELE-1561,Speaker,1,1,0,155.2,65.67,89.53,193.66,38.46,0,0,2025-12-26 21:00:00,1,0,1
TXN-03-03649,STORE-005,Electronics,BrandH,Mobile,UPC-997417386,SKU-ELE-4617,Monitor,6,6,4,1099.38,711.0,388.38,217.49,34.26,0,0,2025-12-14 16:00:00,1,1,1
TXN-03-01567,STORE-010,Grocery,BrandE,Online,UPC-589535326,SKU-GRO-7450,Juice,8,8,2,1033.04,600.74,432.3,133.85,4.72,0,0,2025-12-05 07:00:00,1,0,1
TXN-03-03254,STORE-005,Electronics,BrandF,Mobile,UPC-433610926,SKU-ELE-6077,Speaker,8,8,4,1931.28,1006.29,924.99,243.98,2.57,0,0,2025-12-08 05:00:00,1,0,1
TXN-03-00558,STORE-007,Home & Garden,BrandF,In-Store,UPC-746245681,SKU-HOM-6208,Vase,5,5,0,1697.4,1028.87,668.53,420.12,80.64,0,0,2025-12-05 21:00:00,1,0,1
TXN-03-02146,STORE-003,Grocery,BrandD,In-Store,UPC-756650389,SKU-GRO-9485,Milk,2,2,0,28.62,21.35,7.27,16.71,2.4,0,0,2025-12-13 05:00:00,1,0,1
TXN-03-04040,STORE-004,Home & Garden,BrandF,In-Store,UPC-405735245,SKU-HOM-4445,Chair,3,3,3,252.51,184.19,68.32,95.43,11.26,0,0,2025-12-18 00:00:00,1,1,1
TXN-03-04310,STORE-013,Apparel,BrandC,Online,UPC-294060755,SKU-APP-5440,Dress,8,8,2,1788.32,787.35,1000.97,226.23,2.69,0,0,2025-12-30 15:00:00,0,0,1
TXN-03-05946,STORE-009,Electronics,BrandE,Online,UPC-609646145,SKU-ELE-1969,Headphones,9,9,3,2773.62,1617.23,1156.39,417.34,109.16,0,0,2025-12-28 19:00:00,1,1,1
TXN-03-06180,STORE-001,Electronics,BrandF,Mobile,UPC-246556507,SKU-ELE-7420,Headphones,9,9,0,2760.57,1794.28,966.29,390.17,83.44,0,0,2025-12-20 16:00:00,1,1,1
TXN-03-01768,STORE-017,Electronics,BrandB,Online,UPC-178957312,SKU-ELE-8305,Phone,9,9,4,909.45,395.43,514.02,112.72,11.67,0,0,2025-12-16 14:00:00,1,1,1
TXN-03-03156,STORE-009,Sports,BrandG,Online,UPC-458300583,SKU-SPO-2342,Water Bottle,2,2,2,717.5,287.38,430.12,369.98,11.23,0,0,2025-12-09 22:00:00,0,0,1
TXN-03-00775,STORE-002,Grocery,BrandG,Online,UPC-252565665,SKU-GRO-2513,Pasta,1,1,0,90.84,40.14,50.7,92.35,1.51,0,0,2025-12-10 17:00:00,1,0,1
TXN-03-01476,STORE-011,Grocery,BrandH,In-Store,UPC-701907387,SKU-GRO-7584,Coffee,8,8,3,1566.72,935.3,631.42,228.31,32.47,0,0,2025-12-22 15:00:00,1,1,1
TXN-03-00496,STORE-004,Sports,BrandA,In-Store,UPC-786649787,SKU-SPO-1526,Yoga Mat,1,1,1,153.02,86.79,66.23,178.45,25.43,0,0,2025-12-24 02:00:00,1,0,1
TXN-03-02866,STORE-002,Grocery,BrandD,Mobile,UPC-478573903,SKU-GRO-5215,Bread,6,6,3,211.74,92.51,119.23,45.81,10.52,1,1,2025-12-05 11:00:00,0,1,1
TXN-03-04848,STORE-002,Apparel,BrandH,Online,UPC-409400678,SKU-APP-5239,T-Shirt,9,9,4,1853.82,1384.12,469.7,277.73,71.75,1,0,2025-12-16 17:00:00,1,0,1
TXN-03-01627,STORE-010,Home & Garden,BrandA,Mobile,UPC-596261516,SKU-HOM-4026,Cushion,3,3,4,540.69,298.64,242.05,193.28,13.05,0,0,2025-12-17 20:00:00,1,0,1
TXN-03-00170,STORE-019,Electronics,BrandH,Online,UPC-440293000,SKU-ELE-1473,Phone,1,1,0,130.39,83.04,47.35,153.81,23.42,0,0,2025-12-04 14:00:00,1,0,1
TXN-03-03502,STORE-002,Grocery,BrandC,In-Store,UPC-121041314,SKU-GRO-9892,Bread,7,7,1,3011.82,1385.4,1626.42,484.19,53.93,0,0,2025-12-18 18:00:00,1,0,1
TXN-03-02971,STORE-010,Sports,BrandA,Mobile,UPC-943098397,SKU-SPO-3545,Backpack,1,1,0,205.57,92.84,112.73,219.61,14.04,0,0,2025-12-29 23:00:00,1,0,1
TXN-03-03654,STORE-014,Electronics,BrandG,In-Store,UPC-353040849,SKU-ELE-4415,Headphones,3,3,1,975.72,710.22,265.5,326.34,1.1,0,0,2025-12-30 08:00:00,0,0,1
TXN-03-00102,STORE-013,Electronics,BrandE,In-Store,UPC-436199251,SKU-ELE-7305,Monitor,6,6,0,1125.36,471.24,654.12,205.81,18.25,0,0,2025-12-23 23:00:00,0,0,1
TXN-03-04433,STORE-003,Sports,BrandG,In-Store,UPC-963870068,SKU-SPO-4356,Cap,3,3,4,816.99,564.87,252.12,277.57,5.24,0,0,2025-12-25 07:00:00,1,0,1
TXN-03-02045,STORE-006,Apparel,BrandD,Online,UPC-398573522,SKU-APP-4269,Socks,3,3,0,361.59,258.1,103.49,133.1,12.57,0,0,2025-12-27 06:00:00,1,0,1
TXN-03-06198,STORE-012,Sports,BrandB,In-Store,UPC-760013821,SKU-SPO-7499,Water Bottle,5,5,3,89.5,66.6,22.9,19.25,1.35,0,0,2025-12-29 00:00:00,1,0,1
TXN-03-04103,STORE-001,Grocery,BrandA,In-Store,UPC-144025929,SKU-GRO-7538,Cereal,6,6,0,405.72,229.17,176.55,81.36,13.74,0,0,2025-12-19 09:00:00,1,0,1
TXN-03-00734,STORE-020,Grocery,BrandA,Online,UPC-483058448,SKU-GRO-2218,Rice,4,4,4,731.56,400.9,330.66,196.09,13.2,0,0,2025-12-28 02:00:00,1,1,1
TXN-03-01570,STORE-017,Apparel,BrandC,In-Store,UPC-202206616,SKU-APP-4194,Shoes,5,5,1,1755.25,978.82,776.43,369.14,18.09,0,0,2025-12-06 13:00:00,1,1,1
TXN-03-00573,STORE-007,Home & Garden,BrandA,Mobile,UPC-157437529,SKU-HOM-2291,Vase,5,5,3,1049.9,667.37,382.53,233.05,23.07,0,0,2025-12-18 21:00:00,1,0,1
TXN-03-02190,STORE-017,Apparel,BrandC,Online,UPC-775878182,SKU-APP-1597,Scarf,3,3,1,658.26,302.12,356.14,303.16,83.74,0,0,2025-12-03 11:00:00,0,0,1
TXN-03-00415,STORE-012,Grocery,BrandB,Online,UPC-379580365,SKU-GRO-5228,Cereal,8,8,3,1008.0,558.5,449.5,149.05,23.05,0,0,2025-12-27 02:00:00,1,0,1
TXN-03-03651,STORE-020,Apparel,BrandF,In-Store,UPC-125654400,SKU-APP-8573,Jeans,1,1,1,159.01,111.34,47.67,226.43,67.42,0,0,2025-12-14 08:00:00,0,0,1
TXN-03-00201,STORE-001,Electronics,BrandD,In-Store,UPC-537490355,SKU-ELE-5867,Tablet,4,4,1,485.76,248.6,237.16,166.86,45.42,0,0,2025-12-05 19:00:00,1,1,1
TXN-03-00410,STORE-006,Home & Garden,BrandH,Online,UPC-886612802,SKU-HOM-1029,Cushion,5,5,1,1198.85,661.99,536.86,293.57,53.8,0,0,2025-12-21 04:00:00,0,0,1
TXN-03-00780,STORE-014,Grocery,BrandH,In-Store,UPC-726953551,SKU-GRO-5394,Milk,6,6,1,1713.12,875.04,838.08,340.01,54.49,1,1,2025-12-23 09:00:00,1,0,1
TXN-03-04387,STORE-008,Sports,BrandB,Online,UPC-734026471,SKU-SPO-9471,Water Bottle,8,8,2,3157.6,1710.91,1446.69,433.51,38.81,0,0,2025-12-16 01:00:00,1,0,1
TXN-03-03924,STORE-006,Electronics,BrandF,In-Store,UPC-766951893,SKU-ELE-3224,Phone,3,3,3,1160.37,850.09,310.28,430.76,43.97,0,0,2025-12-21 22:00:00,1,0,1
TXN-03-02554,STORE-009,Apparel,BrandF,Mobile,UPC-275306115,SKU-APP-6476,Jacket,1,1,2,173.5,117.36,56.14,185.87,12.37,0,0,2025-12-03 22:00:00,0,0,1
TXN-03-01438,STORE-013,Electronics,BrandC,Online,UPC-473129615,SKU-ELE-9089,Headphones,5,5,3,1841.15,1103.61,737.54,482.9,114.67,1,0,2025-12-20 20:00:00,0,1,1
TXN-03-05523,STORE-001,Grocery,BrandA,Mobile,UPC-114742551,SKU-GRO-7187,Cereal,7,7,4,1904.49,835.54,1068.95,366.35,94.28,0,0,2025-12-02 08:00:00,1,1,1
TXN-03-05409,STORE-006,Home & Garden,BrandD,In-Store,UPC-939906879,SKU-HOM-2431,Vase,3,3,1,1089.51,521.79,567.72,471.69,108.52,0,0,2025-12-08 18:00:00,0,1,1
TXN-03-06066,STORE-005,Electronics,BrandC,In-Store,UPC-447191813,SKU-ELE-5413,Headphones,9,9,4,1502.64,837.41,665.23,219.34,52.38,0,0,2025-12-03 17:00:00,1,0,1
TXN-03-00561,STORE-013,Electronics,BrandD,In-Store,UPC-332915129,SKU-ELE-6503,Phone,2,2,0,194.58,108.07,86.51,103.53,6.24,0,0,2025-12-27 04:00:00,1,1,1
TXN-03-00562,STORE-006,Electronics,BrandD,In-Store,UPC-484594232,SKU-ELE-6079,Laptop,3,3,0,356.22,192.2,164.02,129.14,10.4,0,0,2025-12-15 06:00:00,1,1,1
TXN-03-02061,STORE-009,Home & Garden,BrandH,In-Store,UPC-439498898,SKU-HOM-3022,Hose,9,9,2,2717.37,1196.78,1520.59,352.56,50.63,1,0,2025-12-08 08:00:00,0,0,1
TXN-03-06237,STORE-012,Electronics,BrandA,In-Store,UPC-443789993,SKU-ELE-6508,Tablet,7,7,4,149.24,86.03,63.21,26.85,5.53,0,0,2025-12-15 10:00:00,1,1,1
TXN-03-01797,STORE-008,Sports,BrandA,In-Store,UPC-428925299,SKU-SPO-3307,Cap,4,4,2,519.84,245.24,274.6,150.14,20.18,0,0,2025-12-04 17:00:00,0,0,1
TXN-03-01256,STORE-010,Home & Garden,BrandG,Online,UPC-778736523,SKU-HOM-5601,Rug,9,9,3,3024.45,2209.49,814.96,348.49,12.44,0,0,2025-12-15 06:00:00,1,0,1
TXN-03-05240,STORE-004,Home & Garden,BrandH,In-Store,UPC-404520757,SKU-HOM-1569,Plant Pot,1,1,1,181.55,115.95,65.6,223.42,41.87,0,0,2025-12-21 05:00:00,0,1,1
TXN-03-04645,STORE-002,Apparel,BrandD,Mobile,UPC-220338662,SKU-APP-7344,Jacket,7,7,1,2345.42,1064.09,1281.33,430.61,95.55,0,0,2025-12-26 03:00:00,1,0,1
TXN-03-04251,STORE-016,Grocery,BrandF,In-Store,UPC-616985058,SKU-GRO-6134,Rice,2,2,3,254.56,173.49,81.07,174.86,47.58,0,0,2025-12-07 16:00:00,1,1,1
TXN-03-02979,STORE-009,Home & Garden,BrandF,Online,UPC-566709074,SKU-HOM-9113,Lamp,7,7,4,282.24,167.45,114.79,44.66,4.34,1,0,2025-12-15 04:00:00,0,1,1
TXN-03-02115,STORE-003,Electronics,BrandC,Online,UPC-164946195,SKU-ELE-2877,Headphones,3,3,0,26.28,10.58,15.7,10.6,1.84,0,0,2025-12-21 16:00:00,1,0,1
TXN-03-04197,STORE-017,Home & Garden,BrandE,In-Store,UPC-412755225,SKU-HOM-4195,Plant Pot,8,8,3,2684.96,1974.78,710.18,404.76,69.14,1,1,2025-12-15 14:00:00,1,1,1
TXN-03-00113,STORE-019,Electronics,BrandC,In-Store,UPC-526988762,SKU-ELE-3660,Phone,5,5,4,1975.75,1033.69,942.06,477.28,82.13,0,0,2025-12-04 18:00:00,1,1,1
TXN-03-04675,STORE-011,Home & Garden,BrandD,Online,UPC-851113256,SKU-HOM-9509,Vase,6,6,3,2172.06,1035.55,1136.51,363.38,1.37,0,0,2025-12-10 18:00:00,0,0,1
TXN-03-00822,STORE-017,Apparel,BrandB,Online,UPC-510622207,SKU-APP-1248,T-Shirt,2,2,1,369.1,227.54,141.56,236.78,52.23,0,0,2025-12-06 12:00:00,1,0,1
TXN-03-06149,STORE-018,Electronics,BrandD,Mobile,UPC-639985237,SKU-ELE-5461,Camera,4,4,3,1077.52,784.79,292.73,351.73,82.35,0,0,2025-12-06 09:00:00,0,1,1
TXN-03-02256,STORE-001,Electronics,BrandD,In-Store,UPC-655061521,SKU-ELE-4110,Headphones,6,6,2,1865.28,925.53,939.75,328.02,17.14,0,0,2025-12-15 05:00:00,1,1,1
TXN-03-02757,STORE-006,Home & Garden,BrandC,Online,UPC-199512439,SKU-HOM-7627,Rug,4,4,1,274.12,112.21,161.91,85.28,16.75,0,0,2025-12-21 17:00:00,1,1,1
TXN-03-04422,STORE-012,Apparel,BrandE,Online,UPC-476794115,SKU-APP-7707,Dress,5,5,2,314.5,156.77,157.73,67.05,4.15,0,0,2025-12-19 06:00:00,1,0,1
TXN-03-02907,STORE-018,Apparel,BrandG,In-Store,UPC-848030967,SKU-APP-5837,Shoes,8,8,4,1757.44,1048.6,708.84,240.18,20.5,0,0,2025-12-07 08:00:00,1,0,1
TXN-03-00731,STORE-013,Electronics,BrandD,Online,UPC-657558698,SKU-ELE-3598,Tablet,9,9,0,1581.66,722.7,858.96,246.51,70.77,0,0,2025-12-10 13:00:00,1,1,1
TXN-03-03716,STORE-008,Apparel,BrandH,In-Store,UPC-625713826,SKU-APP-5135,Jacket,1,1,3,273.27,163.47,109.8,304.24,30.97,0,0,2025-12-07 19:00:00,1,0,1
TXN-03-00044,STORE-005,Apparel,BrandF,In-Store,UPC-763277175,SKU-APP-3978,Hat,5,5,4,206.65,90.83,115.82,51.09,9.76,0,0,2025-12-23 19:00:00,1,0,1
TXN-03-03686,STORE-010,Home & Garden,BrandH,Mobile,UPC-402606265,SKU-HOM-8433,Chair,5,5,1,857.45,574.21,283.24,237.0,65.51,0,0,2025-12-15 09:00:00,1,0,1
TXN-03-01959,STORE-015,Apparel,BrandD,In-Store,UPC-463840215,SKU-APP-7828,Dress,6,6,3,1059.96,764.47,295.49,244.26,67.6,0,0,2025-12-25 13:00:00,0,0,1
TXN-03-05532,STORE-015,Apparel,BrandF,In-Store,UPC-833025577,SKU-APP-4252,Jeans,4,4,2,1707.56,907.43,800.13,497.56,70.67,0,0,2025-12-13 21:00:00,1,0,1
TXN-03-04999,STORE-018,Sports,BrandA,In-Store,UPC-527744562,SKU-SPO-6432,Cap,3,3,3,253.35,144.48,108.87,115.29,30.84,0,0,2025-12-14 17:00:00,0,1,1
TXN-03-06187,STORE-017,Electronics,BrandB,In-Store,UPC-208228940,SKU-ELE-4888,Laptop,9,9,2,1788.03,1163.39,624.64,204.3,5.63,0,0,2025-12-17 04:00:00,1,0,1
TXN-03-04929,STORE-006,Sports,BrandG,Online,UPC-499692245,SKU-SPO-5122,Cap,6,6,2,629.1,440.33,188.77,117.29,12.44,0,0,2025-12-03 07:00:00,1,1,1
TXN-03-00650,STORE-019,Grocery,BrandE,Mobile,UPC-852058938,SKU-GRO-9782,Pasta,8,8,1,3403.84,2549.83,854.01,437.72,12.24,0,0,2025-12-02 20:00:00,1,0,1
TXN-03-05455,STORE-012,Sports,BrandG,Mobile,UPC-383592413,SKU-SPO-8288,Cap,3,3,0,347.58,179.78,167.8,129.19,13.33,0,0,2025-12-15 10:00:00,0,0,1
TXN-03-01559,STORE-004,Sports,BrandG,Mobile,UPC-369382295,SKU-SPO-2206,Backpack,7,7,2,1453.41,719.04,734.37,250.03,42.4,0,0,2025-12-29 01:00:00,1,0,1
TXN-03-03157,STORE-012,Grocery,BrandE,Online,UPC-520133025,SKU-GRO-6481,Milk,4,4,2,116.64,87.4,29.24,30.15,0.99,0,0,2025-12-23 05:00:00,1,0,1
TXN-03-03989,STORE-008,Apparel,BrandA,Mobile,UPC-515530898,SKU-APP-7975,Socks,4,4,2,1152.8,767.87,384.93,326.62,38.42,0,0,2025-12-27 12:00:00,0,1,1
TXN-03-04567,STORE-019,Electronics,BrandE,Online,UPC-884547855,SKU-ELE-8092,Phone,8,8,3,3245.04,1903.89,1341.15,468.76,63.13,0,0,2025-12-18 00:00:00,0,0,1
TXN-03-01243,STORE-005,Sports,BrandH,Online,UPC-983411353,SKU-SPO-7681,Water Bottle,9,9,1,1161.36,495.69,665.67,147.29,18.25,0,0,2025-12-08 23:00:00,1,1,1
TXN-03-00640,STORE-018,Sports,BrandA,In-Store,UPC-622483076,SKU-SPO-5911,Running Shoes,7,7,4,3014.2,1886.23,1127.97,438.99,8.39,0,0,2025-12-28 09:00:00,0,1,1
TXN-03-05763,STORE-004,Sports,BrandB,In-Store,UPC-961406110,SKU-SPO-2562,Resistance Band,6,6,2,460.38,207.91,252.47,89.24,12.51,0,0,2025-12-13 18:00:00,0,1,1
TXN-03-06207,STORE-009,Electronics,BrandG,Online,UPC-867537303,SKU-ELE-8902,Tablet,3,3,2,1242.03,561.54,680.49,428.5,14.49,0,0,2025-12-14 00:00:00,0,0,1
TXN-03-04415,STORE-019,Electronics,BrandF,In-Store,UPC-524725057,SKU-ELE-5037,Laptop,1,1,4,62.06,38.87,23.19,74.6,12.54,0,0,2025-12-28 19:00:00,1,0,1
TXN-03-00376,STORE-012,Sports,BrandB,In-Store,UPC-850245932,SKU-SPO-8295,Backpack,8,8,1,344.88,138.35,206.53,51.26,8.15,0,0,2025-12-16 22:00:00,1,1,1
TXN-03-03725,STORE-011,Apparel,BrandA,Online,UPC-627716789,SKU-APP-4955,Jeans,7,7,0,2286.34,1345.31,941.03,336.04,9.42,0,0,2025-12-24 07:00:00,0,1,1
TXN-03-03011,STORE-012,Sports,BrandE,Online,UPC-313514843,SKU-SPO-8217,Cap,6,6,4,843.78,340.95,502.83,182.08,41.45,0,0,2025-12-06 17:00:00,0,0,1
TXN-03-01133,STORE-009,Home & Garden,BrandB,Mobile,UPC-230709929,SKU-HOM-5214,Hose,4,4,3,21.16,15.27,5.89,7.35,2.06,0,0,2025-12-29 10:00:00,1,0,1
TXN-03-04811,STORE-008,Electronics,BrandH,In-Store,UPC-653898914,SKU-ELE-3337,Monitor,2,2,4,417.68,213.34,204.34,245.4,36.56,0,0,2025-12-08 14:00:00,1,1,1
TXN-03-05638,STORE-016,Home & Garden,BrandG,In-Store,UPC-783385261,SKU-HOM-7012,Hose,8,8,3,1120.88,473.75,647.13,146.06,5.95,0,0,2025-12-18 07:00:00,1,0,1
TXN-03-02593,STORE-003,Electronics,BrandC,In-Store,UPC-511483838,SKU-ELE-1400,Laptop,5,5,0,1018.25,426.29,591.96,248.72,45.07,0,0,2025-12-05 01:00:00,1,0,1
TXN-03-01637,STORE-005,Grocery,BrandB,Online,UPC-711592525,SKU-GRO-8663,Coffee,9,9,4,1470.06,923.06,547.0,168.29,4.95,0,0,2025-12-14 06:00:00,1,0,1
TXN-03-02816,STORE-004,Home & Garden,BrandD,Online,UPC-959346718,SKU-HOM-3512,Chair,6,6,4,1187.64,808.53,379.11,210.08,12.14,0,0,2025-12-26 03:00:00,1,0,1
TXN-03-01019,STORE-009,Apparel,BrandE,Online,UPC-649263659,SKU-APP-8597,Scarf,1,1,1,127.6,84.83,42.77,143.77,16.17,0,0,2025-12-12 22:00:00,0,0,1
TXN-03-02773,STORE-020,Sports,BrandC,Online,UPC-763251465,SKU-SPO-5598,Resistance Band,2,2,2,873.68,420.68,453.0,450.13,13.29,0,0,2025-12-16 07:00:00,0,1,1
TXN-03-00553,STORE-011,Grocery,BrandE,Mobile,UPC-643073732,SKU-GRO-3280,Pasta,5,5,4,731.35,499.27,232.08,152.65,6.38,0,0,2025-12-05 00:00:00,1,0,1
TXN-03-05225,STORE-005,Sports,BrandE,In-Store,UPC-801521640,SKU-SPO-8264,Jersey,2,2,3,635.68,422.82,212.86,349.92,32.08,1,0,2025-12-24 22:00:00,0,0,1
TXN-03-03398,STORE-008,Electronics,BrandC,Online,UPC-705179611,SKU-ELE-1527,Laptop,3,3,1,107.28,49.27,58.01,49.04,13.28,0,0,2025-12-01 00:00:00,0,0,1
TXN-03-03283,STORE-004,Apparel,BrandE,In-Store,UPC-398046789,SKU-APP-5481,Dress,6,6,1,1243.5,533.27,710.23,283.24,75.99,1,1,2025-12-30 00:00:00,1,0,1
TXN-03-02571,STORE-012,Home & Garden,BrandF,In-Store,UPC-896978315,SKU-HOM-2316,Cushion,5,5,2,1265.05,775.04,490.01,311.03,58.02,0,0,2025-12-09 21:00:00,0,1,1
TXN-03-05305,STORE-006,Home & Garden,BrandC,Online,UPC-341497203,SKU-HOM-7293,Chair,4,4,3,880.36,628.68,251.68,238.77,18.68,0,0,2025-12-29 20:00:00,0,0,1
TXN-03-01524,STORE-002,Apparel,BrandA,Online,UPC-542968732,SKU-APP-4450,Scarf,6,6,2,1124.4,517.49,606.91,207.33,19.93,0,0,2025-12-19 15:00:00,1,0,1
TXN-03-04844,STORE-012,Grocery,BrandB,Online,UPC-867077617,SKU-GRO-5982,Milk,1,1,1,329.77,168.41,161.36,404.9,75.13,0,0,2025-12-04 03:00:00,1,1,1
TXN-03-00182,STORE-019,Grocery,BrandB,Online,UPC-368801161,SKU-GRO-9100,Coffee,5,5,3,1200.85,849.75,351.1,289.13,48.96,0,0,2025-12-06 10:00:00,1,1,1
TXN-03-04249,STORE-003,Home & Garden,BrandH,In-Store,UPC-665670594,SKU-HOM-5386,Chair,7,7,1,101.29,55.39,45.9,18.2,3.73,1,0,2025-12-02 17:00:00,1,0,1
TXN-03-03427,STORE-001,Electronics,BrandD,Online,UPC-871397767,SKU-ELE-8535,Charger,4,4,0,597.44,251.13,346.31,159.08,9.72,0,0,2025-12-12 19:00:00,1,0,1
TXN-03-02470,STORE-005,Home & Garden,BrandE,In-Store,UPC-697620832,SKU-HOM-8595,Cushion,8,8,4,2529.44,1740.96,788.48,366.36,50.18,0,0,2025-12-05 02:00:00,1,0,1
TXN-03-06339,STORE-016,Sports,BrandA,In-Store,UPC-305257754,SKU-SPO-4963,Backpack,1,1,1,10.75,7.67,3.08,10.77,0.02,0,0,2025-12-14 21:00:00,1,0,1
TXN-03-00303,STORE-015,Home & Garden,BrandA,Online,UPC-379630552,SKU-HOM-7641,Tool Set,3,3,2,816.99,526.58,290.41,334.7,62.37,0,0,2025-12-25 22:00:00,1,1,1
TXN-03-02492,STORE-011,Home & Garden,BrandF,Online,UPC-203930013,SKU-HOM-9090,Lamp,8,8,1,1183.04,782.64,400.4,162.95,15.07,0,0,2025-12-22 14:00:00,1,1,1
TXN-03-02330,STORE-018,Electronics,BrandF,Mobile,UPC-462767837,SKU-ELE-5798,Speaker,7,7,1,1371.02,879.51,491.51,255.96,60.1,0,0,2025-12-29 15:00:00,0,0,1
TXN-03-05835,STORE-005,Apparel,BrandA,Mobile,UPC-517361486,SKU-APP-4719,T-Shirt,7,7,4,1040.27,673.48,366.79,166.69,18.08,0,0,2025-12-07 19:00:00,1,1,1
TXN-03-01767,STORE-011,Home & Garden,BrandF,Online,UPC-987350539,SKU-HOM-9561,Cushion,2,2,0,304.86,190.56,114.3,170.02,17.59,0,0,2025-12-07 22:00:00,0,1,1
TXN-03-05661,STORE-016,Apparel,BrandE,In-Store,UPC-994439975,SKU-APP-6157,Shoes,5,5,3,1409.55,702.34,707.21,317.51,35.6,0,0,2025-12-09 18:00:00,0,0,1
TXN-03-03113,STORE-002,Electronics,BrandE,Mobile,UPC-821793798,SKU-ELE-9350,Headphones,1,1,0,254.96,124.51,130.45,296.65,41.69,0,0,2025-12-11 00:00:00,0,1,1
TXN-03-04104,STORE-007,Sports,BrandE,Online,UPC-623645277,SKU-SPO-3233,Yoga Mat,1,1,0,20.22,12.61,7.61,20.64,0.42,0,0,2025-12-05 01:00:00,1,0,1
TXN-03-04299,STORE-002,Apparel,BrandG,Online,UPC-856621691,SKU-APP-4663,Scarf,5,5,1,1281.0,723.51,557.49,309.39,53.19,0,0,2025-12-04 20:00:00,1,1,1
TXN-03-02509,STORE-001,Grocery,BrandB,In-Store,UPC-417714606,SKU-GRO-2584,Juice,3,3,3,58.5,31.69,26.81,20.89,1.39,0,0,2025-12-01 04:00:00,1,0,1
TXN-03-00689,STORE-017,Electronics,BrandF,In-Store,UPC-508505952,SKU-ELE-8432,Monitor,5,5,3,1864.9,1391.17,473.73,490.02,117.04,0,0,2025-12-28 19:00:00,1,0,1
TXN-03-01261,STORE-006,Electronics,BrandA,In-Store,UPC-607873569,SKU-ELE-9074,Tablet,8,8,2,3228.64,2191.05,1037.59,465.27,61.69,0,0,2025-12-28 12:00:00,1,0,1
TXN-03-00714,STORE-011,Grocery,BrandF,In-Store,UPC-589261583,SKU-GRO-8858,Rice,2,2,4,220.18,109.17,111.01,118.94,8.85,0,0,2025-12-16 07:00:00,1,0,1
TXN-03-01579,STORE-020,Electronics,BrandG,Mobile,UPC-467686259,SKU-ELE-1101,Laptop,2,2,2,361.66,171.67,189.99,229.63,48.8,0,0,2025-12-08 12:00:00,1,0,1
TXN-03-06321,STORE-005,Sports,BrandC,Mobile,UPC-753461382,SKU-SPO-7128,Jersey,4,4,3,824.12,506.42,317.7,226.67,20.64,0,0,2025-12-07 08:00:00,1,0,1
TXN-03-01288,STORE-017,Apparel,BrandB,Online,UPC-102781452,SKU-APP-7874,Scarf,8,8,0,1454.8,633.54,821.26,183.32,1.47,0,0,2025-12-04 07:00:00,1,0,1
TXN-03-03956,STORE-016,Sports,BrandD,In-Store,UPC-960901140,SKU-SPO-1643,Yoga Mat,2,2,4,153.74,100.43,53.31,88.35,11.48,0,0,2025-12-07 23:00:00,0,0,1
TXN-03-02899,STORE-011,Apparel,BrandH,Online,UPC-582511501,SKU-APP-4405,Dress,6,6,2,1760.76,1210.97,549.79,299.88,6.42,0,0,2025-12-19 23:00:00,0,0,1
TXN-03-00478,STORE-011,Sports,BrandG,In-Store,UPC-170023635,SKU-SPO-5401,Cap,4,4,4,1257.6,802.01,455.59,413.99,99.59,1,1,2025-12-21 18:00:00,1,0,1
TXN-03-16449,STORE-001,Electronics,BrandE,In-Store,UPC-146294668,SKU-ELE-7016,Camera,6,6,0,662.58,285.46,377.12,118.04,7.61,0,0,2025-12-20 23:00:00,0,1,1
TXN-03-01217,STORE-016,Sports,BrandA,In-Store,UPC-684633983,SKU-SPO-5544,Resistance Band,5,5,3,718.55,485.18,233.37,182.65,38.94,0,0,2025-12-21 09:00:00,1,0,1
TXN-03-04737,STORE-002,Electronics,BrandA,Online,UPC-742613752,SKU-ELE-8120,Charger,7,7,2,44.1,28.24,15.86,8.1,1.8,1,0,2025-12-20 06:00:00,1,0,1
TXN-03-00754,STORE-015,Sports,BrandD,In-Store,UPC-354188916,SKU-SPO-9464,Jersey,2,2,4,454.74,246.88,207.86,233.44,6.07,0,0,2025-12-05 05:00:00,1,0,1
TXN-03-04315,STORE-007,Home & Garden,BrandG,In-Store,UPC-140149585,SKU-HOM-1981,Cushion,2,2,2,190.38,110.51,79.87,122.82,27.63,0,0,2025-12-12 05:00:00,1,0,1
TXN-03-01206,STORE-008,Sports,BrandH,Online,UPC-528192186,SKU-SPO-4597,Dumbbell,7,7,1,2041.41,1477.04,564.37,364.26,72.63,0,0,2025-12-03 00:00:00,1,0,1
TXN-03-05406,STORE-015,Grocery,BrandB,In-Store,UPC-773634622,SKU-GRO-9907,Juice,2,2,3,107.44,77.82,29.62,75.23,21.51,0,0,2025-12-07 21:00:00,1,0,1
TXN-03-00616,STORE-006,Grocery,BrandC,Mobile,UPC-612676340,SKU-GRO-8533,Cereal,7,7,1,2165.8,1005.68,1160.12,369.0,59.6,0,0,2025-12-09 15:00:00,1,0,1
TXN-03-06122,STORE-014,Electronics,BrandE,Mobile,UPC-647422492,SKU-ELE-5365,Speaker,4,4,0,1257.24,814.36,442.88,382.87,68.56,1,0,2025-12-19 00:00:00,0,0,1
TXN-03-01306,STORE-008,Apparel,BrandF,In-Store,UPC-425005744,SKU-APP-6698,Scarf,6,6,0,935.4,543.24,392.16,210.44,54.54,0,0,2025-12-25 00:00:00,0,0,1
TXN-03-02202,STORE-007,Sports,BrandG,In-Store,UPC-674447574,SKU-SPO-7384,Yoga Mat,1,1,3,142.9,79.6,63.3,157.8,14.9,0,0,2025-12-08 10:00:00,0,0,1
TXN-03-06132,STORE-013,Sports,BrandD,Online,UPC-878139172,SKU-SPO-6936,Yoga Mat,1,1,0,284.89,181.04,103.85,335.24,50.35,0,0,2025-12-26 07:00:00,0,0,1
TXN-03-05385,STORE-020,Home & Garden,BrandE,In-Store,UPC-149791778,SKU-HOM-8465,Plant Pot,1,1,0,14.66,7.43,7.23,15.18,0.52,0,0,2025-12-23 04:00:00,0,0,1
TXN-03-03346,STORE-002,Grocery,BrandE,In-Store,UPC-267915963,SKU-GRO-7302,Coffee,3,3,2,286.74,177.52,109.22,135.12,39.54,1,0,2025-12-11 23:00:00,0,0,1
TXN-03-04758,STORE-002,Grocery,BrandG,Online,UPC-846300072,SKU-GRO-7792,Snack Bar,4,4,3,323.44,234.58,88.86,90.19,9.33,0,0,2025-12-01 07:00:00,1,1,1
TXN-03-02092,STORE-020,Sports,BrandF,In-Store,UPC-640790756,SKU-SPO-5519,Running Shoes,3,3,1,326.58,185.28,141.3,117.39,8.53,0,0,2025-12-25 09:00:00,1,1,1
TXN-03-05357,STORE-018,Electronics,BrandF,In-Store,UPC-612481817,SKU-ELE-3685,Phone,5,5,3,55.9,40.16,15.74,12.15,0.97,0,0,2025-12-28 07:00:00,1,0,1
TXN-03-03830,STORE-001,Home & Garden,BrandC,Mobile,UPC-701967201,SKU-HOM-8725,Vase,5,5,3,1789.1,863.93,925.17,369.99,12.17,0,0,2025-12-10 01:00:00,0,0,1
TXN-03-02507,STORE-016,Electronics,BrandA,In-Store,UPC-659149005,SKU-ELE-2813,Camera,2,2,3,16.3,8.22,8.08,8.38,0.23,0,0,2025-12-20 23:00:00,1,0,1
TXN-03-02546,STORE-006,Sports,BrandA,Online,UPC-986880647,SKU-SPO-3135,Running Shoes,9,9,4,3222.81,1771.06,1451.75,417.4,59.31,0,0,2025-12-19 00:00:00,1,0,1
TXN-03-03885,STORE-013,Apparel,BrandE,Online,UPC-193293825,SKU-APP-2260,Hat,1,1,4,218.16,95.34,122.82,294.23,76.07,0,0,2025-12-12 17:00:00,1,0,1
TXN-03-05395,STORE-012,Sports,BrandF,In-Store,UPC-611762375,SKU-SPO-4908,Cap,7,7,3,606.69,347.7,258.99,114.93,28.26,0,0,2025-12-30 14:00:00,1,0,1
TXN-03-03035,STORE-014,Apparel,BrandA,Mobile,UPC-467949686,SKU-APP-5915,Socks,1,1,0,274.12,147.25,126.87,363.32,89.2,0,0,2025-12-04 20:00:00,1,1,1
TXN-03-00765,STORE-019,Electronics,BrandB,In-Store,UPC-339201200,SKU-ELE-3361,Phone,2,2,4,384.12,248.39,135.73,235.44,43.38,0,0,2025-12-24 13:00:00,1,0,1
TXN-03-00617,STORE-008,Home & Garden,BrandB,Mobile,UPC-467863899,SKU-HOM-1894,Rug,7,7,1,2500.12,1331.43,1168.69,438.42,81.26,0,0,2025-12-01 22:00:00,1,0,1
TXN-03-02912,STORE-008,Home & Garden,BrandB,In-Store,UPC-143112131,SKU-HOM-9707,Vase,2,2,1,431.96,317.33,114.63,249.4,33.42,0,0,2025-12-25 16:00:00,0,0,1
TXN-03-00813,STORE-005,Grocery,BrandB,Online,UPC-274275663,SKU-GRO-8436,Pasta,2,2,0,680.96,396.24,284.72,473.86,133.38,0,0,2025-12-04 10:00:00,0,0,1
TXN-03-05442,STORE-009,Sports,BrandC,Online,UPC-483607505,SKU-SPO-8579,Backpack,6,6,3,1813.86,848.85,965.01,360.05,57.74,0,0,2025-12-17 08:00:00,1,1,1
TXN-03-04739,STORE-006,Home & Garden,BrandA,In-Store,UPC-402282092,SKU-HOM-2015,Chair,4,4,0,1955.48,1011.41,944.07,495.13,6.26,0,0,2025-12-04 14:00:00,1,0,1
TXN-03-00309,STORE-018,Home & Garden,BrandC,Mobile,UPC-688588829,SKU-HOM-6393,Plant Pot,6,6,4,985.86,436.64,549.22,179.55,15.24,0,0,2025-12-15 21:00:00,1,0,1
TXN-03-05746,STORE-012,Apparel,BrandG,In-Store,UPC-987517461,SKU-APP-6350,Shoes,3,3,0,25.62,17.34,8.28,10.69,2.15,1,0,2025-12-17 14:00:00,0,1,1
TXN-03-01710,STORE-012,Grocery,BrandE,Online,UPC-588417896,SKU-GRO-7128,Snack Bar,1,1,4,228.53,151.77,76.76,250.01,21.48,0,0,2025-12-01 09:00:00,0,0,1
TXN-03-00445,STORE-009,Electronics,BrandH,In-Store,UPC-308615897,SKU-ELE-8970,Monitor,3,3,3,1219.38,821.95,397.43,439.0,32.54,0,0,2025-12-10 05:00:00,1,0,1
TXN-03-00547,STORE-015,Apparel,BrandF,Mobile,UPC-273375600,SKU-APP-5956,Shoes,8,8,4,1213.28,754.27,459.01,184.94,33.28,0,0,2025-12-19 16:00:00,0,0,1
TXN-03-02488,STORE-016,Sports,BrandB,In-Store,UPC-161094265,SKU-SPO-4419,Yoga Mat,1,1,4,128.58,53.87,74.71,163.58,35.0,0,0,2025-12-02 05:00:00,1,0,1
TXN-03-05733,STORE-011,Grocery,BrandH,Online,UPC-799511387,SKU-GRO-8771,Milk,2,2,2,239.6,127.76,111.84,139.77,19.97,0,0,2025-12-08 12:00:00,1,0,1
TXN-03-05986,STORE-001,Grocery,BrandF,Online,UPC-447358043,SKU-GRO-3208,Snack Bar,1,1,0,231.26,138.03,93.23,284.29,53.03,0,0,2025-12-01 03:00:00,1,1,1
TXN-03-02528,STORE-016,Sports,BrandC,In-Store,UPC-736973533,SKU-SPO-1659,Running Shoes,3,3,2,216.24,94.43,121.81,83.4,11.32,0,0,2025-12-26 13:00:00,1,0,1
TXN-03-04910,STORE-015,Electronics,BrandG,In-Store,UPC-118152851,SKU-ELE-1780,Charger,8,8,3,1805.12,1171.93,633.19,251.9,26.26,0,0,2025-12-18 01:00:00,1,0,1
TXN-03-03927,STORE-018,Grocery,BrandB,In-Store,UPC-478169611,SKU-GRO-3573,Snack Bar,1,1,2,306.64,141.15,165.49,422.18,115.54,0,0,2025-12-09 09:00:00,1,0,1
TXN-03-02141,STORE-007,Electronics,BrandD,Online,UPC-469572554,SKU-ELE-2095,Camera,5,5,2,364.95,196.75,168.2,80.14,7.15,0,0,2025-12-22 03:00:00,1,1,1
TXN-03-02865,STORE-002,Sports,BrandH,In-Store,UPC-437111680,SKU-SPO-3232,Jersey,8,8,0,479.36,246.41,232.95,62.85,2.93,0,0,2025-12-14 20:00:00,0,0,1
TXN-03-01456,STORE-011,Electronics,BrandB,In-Store,UPC-785305283,SKU-ELE-7460,Headphones,4,4,4,927.44,470.23,457.21,252.61,20.75,0,0,2025-12-26 05:00:00,0,0,1
TXN-03-04021,STORE-001,Grocery,BrandC,In-Store,UPC-374711860,SKU-GRO-6228,Cereal,3,3,1,1295.04,614.55,680.49,455.95,24.27,0,0,2025-12-03 19:00:00,1,1,1
TXN-03-01255,STORE-016,Home & Garden,BrandA,In-Store,UPC-563174627,SKU-HOM-6823,Plant Pot,1,1,2,223.94,109.85,114.09,252.51,28.57,0,0,2025-12-11 15:00:00,1,0,1
TXN-03-03534,STORE-009,Electronics,BrandB,Mobile,UPC-318008058,SKU-ELE-6600,Monitor,6,6,2,1169.22,751.98,417.24,241.89,47.02,0,0,2025-12-08 22:00:00,1,0,1
TXN-03-03257,STORE-018,Electronics,BrandD,Online,UPC-566168451,SKU-ELE-5901,Laptop,9,9,1,3878.82,1719.75,2159.07,479.43,48.45,0,0,2025-12-05 05:00:00,1,0,1
TXN-03-03260,STORE-004,Electronics,BrandB,In-Store,UPC-600638056,SKU-ELE-8770,Camera,1,1,4,317.66,194.01,123.65,346.47,28.81,0,0,2025-12-26 12:00:00,1,0,1
TXN-03-01266,STORE-005,Grocery,BrandE,Online,UPC-676823055,SKU-GRO-9119,Coffee,4,4,1,32.24,23.0,9.24,11.28,3.22,0,0,2025-12-11 11:00:00,0,0,1
TXN-03-02185,STORE-003,Home & Garden,BrandD,In-Store,UPC-433242029,SKU-HOM-9468,Cushion,4,4,4,568.52,317.2,251.32,172.78,30.65,0,0,2025-12-03 14:00:00,0,1,1
TXN-03-02568,STORE-008,Electronics,BrandF,In-Store,UPC-307398465,SKU-ELE-1016,Charger,4,4,1,534.88,378.48,156.4,156.46,22.74,0,0,2025-12-13 08:00:00,0,1,1
TXN-03-01070,STORE-011,Electronics,BrandG,Mobile,UPC-614712400,SKU-ELE-9308,Laptop,6,6,4,1242.24,871.65,370.59,266.87,59.83,0,0,2025-12-03 08:00:00,1,0,1
TXN-03-02991,STORE-003,Apparel,BrandF,In-Store,UPC-388206045,SKU-APP-2740,Scarf,6,6,4,31.08,13.54,17.54,6.12,0.94,0,0,2025-12-01 06:00:00,0,0,1
TXN-03-04111,STORE-013,Electronics,BrandB,In-Store,UPC-814345482,SKU-ELE-1817,Charger,3,3,2,1183.26,812.91,370.35,445.73,51.31,0,0,2025-12-19 16:00:00,1,0,1
TXN-03-01534,STORE-013,Grocery,BrandB,In-Store,UPC-961752298,SKU-GRO-7846,Juice,4,4,1,458.04,321.12,136.92,140.35,25.84,1,1,2025-12-30 18:00:00,1,1,1
TXN-03-05266,STORE-006,Sports,BrandH,In-Store,UPC-204483921,SKU-SPO-3733,Yoga Mat,7,7,0,1432.2,1012.69,419.51,265.7,61.1,0,0,2025-12-17 17:00:00,1,0,1
TXN-03-05679,STORE-006,Grocery,BrandA,Online,UPC-757674361,SKU-GRO-8717,Bread,9,9,4,378.36,230.91,147.45,56.77,14.73,0,0,2025-12-19 06:00:00,1,1,1
TXN-03-00154,STORE-004,Home & Garden,BrandB,Online,UPC-980650935,SKU-HOM-4968,Tool Set,5,5,2,192.3,91.71,100.59,44.65,6.19,0,0,2025-12-30 03:00:00,1,0,1
TXN-03-03662,STORE-012,Sports,BrandF,Online,UPC-138824505,SKU-SPO-9698,Backpack,2,2,3,60.76,42.82,17.94,38.73,8.35,0,0,2025-12-29 15:00:00,1,1,1
TXN-03-04796,STORE-006,Apparel,BrandE,In-Store,UPC-249013797,SKU-APP-8278,Socks,6,6,2,700.56,297.81,402.75,122.6,5.84,0,0,2025-12-08 18:00:00,1,1,1
TXN-03-04069,STORE-010,Grocery,BrandH,Online,UPC-340640753,SKU-GRO-1260,Milk,6,6,1,1694.52,790.26,904.26,354.93,72.51,0,0,2025-12-18 12:00:00,0,0,1
TXN-03-05749,STORE-018,Sports,BrandA,Online,UPC-554218872,SKU-SPO-5847,Cap,3,3,0,803.79,500.19,303.6,272.53,4.6,0,0,2025-12-24 11:00:00,1,0,1
TXN-03-00742,STORE-012,Grocery,BrandC,In-Store,UPC-353053058,SKU-GRO-4822,Bread,1,1,1,303.8,183.98,119.82,314.06,10.26,0,0,2025-12-22 16:00:00,1,0,1
TXN-03-03980,STORE-010,Apparel,BrandG,Online,UPC-465246572,SKU-APP-4992,Shoes,1,1,4,447.34,230.62,216.72,465.55,18.21,0,0,2025-12-24 21:00:00,1,0,1
TXN-03-03325,STORE-001,Grocery,BrandG,In-Store,UPC-308593280,SKU-GRO-7529,Juice,9,9,2,1180.89,591.06,589.83,182.1,50.89,0,0,2025-12-26 20:00:00,1,0,1
TXN-03-04333,STORE-014,Electronics,BrandF,In-Store,UPC-360014411,SKU-ELE-5507,Headphones,7,7,0,249.62,109.2,140.42,37.2,1.54,0,0,2025-12-04 15:00:00,0,0,1
TXN-03-00995,STORE-007,Grocery,BrandD,Online,UPC-428832886,SKU-GRO-4889,Snack Bar,8,8,1,432.8,252.9,179.9,59.74,5.64,1,1,2025-12-18 09:00:00,1,0,1
TXN-03-03467,STORE-005,Home & Garden,BrandE,In-Store,UPC-688225592,SKU-HOM-8870,Cushion,7,7,0,749.21,534.67,214.54,110.33,3.3,0,0,2025-12-25 23:00:00,1,0,1
TXN-03-04202,STORE-017,Electronics,BrandF,In-Store,UPC-840915021,SKU-ELE-5921,Speaker,9,9,1,1606.23,728.76,877.47,245.3,66.83,0,0,2025-12-10 19:00:00,0,1,1
TXN-03-04842,STORE-016,Sports,BrandE,In-Store,UPC-681762246,SKU-SPO-8498,Resistance Band,6,6,3,845.88,413.17,432.71,154.62,13.64,0,0,2025-12-14 04:00:00,1,0,1
TXN-03-04973,STORE-012,Electronics,BrandG,Online,UPC-983182581,SKU-ELE-7113,Headphones,1,1,2,209.22,111.62,97.6,287.46,78.24,0,0,2025-12-05 05:00:00,1,1,1
TXN-03-01220,STORE-014,Electronics,BrandD,Mobile,UPC-487146889,SKU-ELE-6624,Headphones,2,2,4,241.32,105.16,136.16,132.99,12.33,0,0,2025-12-02 22:00:00,0,1,1
TXN-03-01318,STORE-008,Electronics,BrandD,In-Store,UPC-912541190,SKU-ELE-4459,Speaker,8,8,2,1444.0,708.67,735.33,220.81,40.31,0,0,2025-12-07 08:00:00,1,0,1
TXN-03-03073,STORE-006,Electronics,BrandF,In-Store,UPC-529399141,SKU-ELE-3476,Charger,8,8,3,1895.84,1094.25,801.59,299.79,62.81,0,0,2025-12-24 08:00:00,1,1,1
TXN-03-06137,STORE-010,Apparel,BrandE,In-Store,UPC-675604026,SKU-APP-9351,Shoes,9,9,4,1439.82,623.9,815.92,187.84,27.86,0,0,2025-12-07 05:00:00,0,0,1
TXN-03-02000,STORE-018,Apparel,BrandE,In-Store,UPC-125117040,SKU-APP-4730,Jeans,6,6,4,1047.0,556.18,490.82,248.67,74.17,0,0,2025-12-01 05:00:00,1,0,1
TXN-03-00419,STORE-009,Sports,BrandG,In-Store,UPC-626241177,SKU-SPO-2405,Running Shoes,7,7,4,2121.35,1094.58,1026.77,310.12,7.07,0,0,2025-12-30 00:00:00,1,0,1
TXN-03-05433,STORE-019,Sports,BrandB,In-Store,UPC-662466566,SKU-SPO-4120,Water Bottle,2,2,4,40.3,28.18,12.12,26.7,6.55,0,0,2025-12-25 17:00:00,0,1,1
TXN-03-02927,STORE-013,Apparel,BrandH,In-Store,UPC-804602689,SKU-APP-7509,Jeans,6,6,3,1669.02,754.53,914.49,353.61,75.44,0,0,2025-12-14 18:00:00,1,1,1
TXN-03-03666,STORE-014,Apparel,BrandC,In-Store,UPC-185386194,SKU-APP-5838,T-Shirt,6,6,4,1908.96,883.11,1025.85,378.61,60.45,0,0,2025-12-21 19:00:00,1,0,1
TXN-03-03849,STORE-001,Home & Garden,BrandC,Online,UPC-485770446,SKU-HOM-5494,Tool Set,5,5,0,697.3,438.1,259.2,178.66,39.2,0,0,2025-12-29 17:00:00,0,0,1
TXN-03-05246,STORE-013,Home & Garden,BrandA,In-Store,UPC-655429624,SKU-HOM-3575,Cushion,4,4,1,794.32,491.18,303.14,235.39,36.81,0,0,2025-12-23 19:00:00,1,0,1
TXN-03-05812,STORE-019,Apparel,BrandA,In-Store,UPC-965234188,SKU-APP-7027,Dress,5,5,3,1848.1,1222.14,625.96,463.37,93.75,0,0,2025-12-17 06:00:00,1,0,1
TXN-03-01978,STORE-005,Apparel,BrandF,Online,UPC-619344006,SKU-APP-1672,Dress,3,3,1,1364.79,709.11,655.68,491.15,36.22,1,0,2025-12-25 01:00:00,1,0,1
TXN-03-05260,STORE-015,Apparel,BrandD,Online,UPC-174101300,SKU-APP-9363,Jeans,2,2,0,155.78,76.43,79.35,106.05,28.16,0,0,2025-12-25 00:00:00,0,0,1
TXN-03-02054,STORE-010,Grocery,BrandE,Online,UPC-558538241,SKU-GRO-1541,Milk,5,5,0,1259.7,542.45,717.25,296.42,44.48,0,0,2025-12-28 12:00:00,0,1,1
TXN-03-04320,STORE-004,Apparel,BrandG,Online,UPC-829643782,SKU-APP-5437,T-Shirt,1,1,4,250.33,151.06,99.27,288.76,38.43,0,0,2025-12-08 04:00:00,0,1,1
TXN-03-04975,STORE-016,Grocery,BrandE,In-Store,UPC-396489371,SKU-GRO-5978,Bread,9,9,2,2511.18,1158.83,1352.35,287.26,8.24,0,0,2025-12-01 22:00:00,0,0,1
TXN-03-00499,STORE-020,Home & Garden,BrandB,In-Store,UPC-831606396,SKU-HOM-6319,Cushion,9,9,3,2704.86,1663.94,1040.92,408.74,108.2,0,0,2025-12-29 16:00:00,1,0,1
TXN-03-05368,STORE-010,Apparel,BrandA,In-Store,UPC-138225198,SKU-APP-3377,Shoes,6,6,1,2563.62,1780.03,783.59,467.03,39.76,0,0,2025-12-09 13:00:00,0,0,1
TXN-03-00651,STORE-012,Home & Garden,BrandH,In-Store,UPC-792768660,SKU-HOM-7368,Hose,8,8,2,327.68,210.4,117.28,46.76,5.8,0,0,2025-12-24 09:00:00,0,0,1
TXN-03-01894,STORE-008,Electronics,BrandH,In-Store,UPC-333556569,SKU-ELE-3303,Laptop,8,8,3,186.24,121.19,65.05,25.23,1.95,1,1,2025-12-14 08:00:00,0,0,1
TXN-03-03199,STORE-014,Home & Garden,BrandH,In-Store,UPC-876828382,SKU-HOM-6187,Hose,7,7,3,44.66,19.68,24.98,7.15,0.77,0,0,2025-12-10 02:00:00,1,0,1
TXN-03-03598,STORE-019,Home & Garden,BrandA,In-Store,UPC-246062233,SKU-HOM-5092,Cushion,9,9,2,2540.43,1896.97,643.46,363.94,81.67,0,0,2025-12-19 13:00:00,1,0,1
TXN-03-00432,STORE-008,Grocery,BrandF,In-Store,UPC-687856224,SKU-GRO-9806,Cereal,8,8,1,1407.36,602.19,805.17,201.52,25.6,0,0,2025-12-24 20:00:00,1,0,1
TXN-03-00337,STORE-002,Electronics,BrandA,In-Store,UPC-726898293,SKU-ELE-5965,Camera,8,8,3,889.04,492.73,396.31,122.22,11.09,0,0,2025-12-11 05:00:00,0,1,1
TXN-03-03366,STORE-003,Home & Garden,BrandF,In-Store,UPC-276135100,SKU-HOM-5314,Vase,8,8,1,2259.52,1256.88,1002.64,285.99,3.55,0,0,2025-12-14 01:00:00,1,1,1
TXN-03-02047,STORE-010,Home & Garden,BrandG,In-Store,UPC-871725446,SKU-HOM-2695,Plant Pot,3,3,1,635.97,445.68,190.29,213.19,1.2,0,0,2025-12-26 11:00:00,1,0,1
TXN-03-03351,STORE-017,Home & Garden,BrandG,Online,UPC-679081605,SKU-HOM-4492,Rug,9,9,4,3452.58,2116.92,1335.66,469.45,85.83,0,0,2025-12-23 22:00:00,1,1,1
TXN-03-04649,STORE-004,Grocery,BrandE,Online,UPC-645613814,SKU-GRO-8096,Coffee,7,7,3,946.12,649.99,296.13,149.41,14.25,0,0,2025-12-11 04:00:00,1,1,1
TXN-03-02775,STORE-010,Grocery,BrandH,In-Store,UPC-788901693,SKU-GRO-3077,Juice,6,6,3,2417.94,1470.31,947.63,455.22,52.23,0,0,2025-12-06 23:00:00,1,1,1
TXN-03-01640,STORE-009,Electronics,BrandB,Online,UPC-957297897,SKU-ELE-9388,Tablet,9,9,4,3964.5,2352.0,1612.5,471.07,30.57,1,0,2025-12-04 14:00:00,1,0,1
TXN-03-03892,STORE-015,Home & Garden,BrandA,Online,UPC-757883917,SKU-HOM-7566,Rug,5,5,3,614.4,311.21,303.19,147.58,24.7,0,0,2025-12-09 05:00:00,1,0,1
TXN-03-02795,STORE-002,Home & Garden,BrandB,Online,UPC-412567420,SKU-HOM-4117,Lamp,3,3,2,271.92,137.82,134.1,124.67,34.03,1,0,2025-12-05 17:00:00,1,1,1
TXN-03-00105,STORE-005,Grocery,BrandB,Online,UPC-670310378,SKU-GRO-7779,Pasta,7,7,4,1982.4,1301.81,680.59,299.92,16.72,0,0,2025-12-22 03:00:00,1,1,1
TXN-03-01277,STORE-008,Apparel,BrandH,In-Store,UPC-799462063,SKU-APP-9153,Jeans,6,6,2,1326.72,670.6,656.12,308.76,87.64,0,0,2025-12-14 14:00:00,1,0,1
TXN-03-02741,STORE-008,Electronics,BrandF,In-Store,UPC-618621546,SKU-ELE-9599,Tablet,9,9,0,1438.92,727.76,711.16,219.78,59.9,0,0,2025-12-28 21:00:00,1,0,1
TXN-03-03030,STORE-007,Apparel,BrandH,Online,UPC-508671492,SKU-APP-2726,Jeans,7,7,3,1577.8,954.91,622.89,239.63,14.23,0,0,2025-12-01 18:00:00,0,0,1
TXN-03-03472,STORE-005,Apparel,BrandE,Mobile,UPC-824823669,SKU-APP-9027,Shoes,1,1,1,134.02,64.42,69.6,138.59,4.57,0,0,2025-12-05 14:00:00,0,0,1
TXN-03-00521,STORE-001,Home & Garden,BrandF,Online,UPC-671899898,SKU-HOM-1433,Chair,7,7,4,433.3,260.67,172.63,74.35,12.45,0,0,2025-12-08 06:00:00,1,0,1
TXN-03-06323,STORE-008,Grocery,BrandA,Online,UPC-574107053,SKU-GRO-7473,Rice,2,2,2,596.52,246.52,350.0,302.73,4.47,0,0,2025-12-01 12:00:00,0,0,1
TXN-03-03300,STORE-015,Home & Garden,BrandC,Online,UPC-378309054,SKU-HOM-7849,Lamp,8,8,4,1388.64,718.48,670.16,181.94,8.36,0,0,2025-12-04 06:00:00,1,0,1
TXN-03-03155,STORE-006,Grocery,BrandB,In-Store,UPC-861682780,SKU-GRO-3960,Coffee,7,7,3,2283.96,1025.71,1258.25,355.23,28.95,1,0,2025-12-08 09:00:00,0,0,1
TXN-03-05611,STORE-013,Grocery,BrandF,Online,UPC-507843123,SKU-GRO-1115,Juice,2,2,3,602.1,325.28,276.82,383.89,82.84,0,0,2025-12-26 06:00:00,1,1,1
TXN-03-02247,STORE-019,Home & Garden,BrandG,Mobile,UPC-707882650,SKU-HOM-2862,Tool Set,3,3,0,888.99,361.75,527.24,371.64,75.31,0,0,2025-12-19 06:00:00,1,0,1
TXN-03-03742,STORE-004,Electronics,BrandE,In-Store,UPC-798686616,SKU-ELE-7685,Laptop,3,3,3,64.83,28.74,36.09,24.9,3.29,0,0,2025-12-10 02:00:00,1,0,1
TXN-03-05502,STORE-014,Apparel,BrandC,In-Store,UPC-863311742,SKU-APP-9253,T-Shirt,9,9,1,3326.76,1781.59,1545.17,458.94,89.3,0,0,2025-12-06 19:00:00,1,0,1
TXN-03-05768,STORE-004,Sports,BrandB,In-Store,UPC-641888803,SKU-SPO-4336,Backpack,5,5,4,836.75,406.03,430.72,174.13,6.78,0,0,2025-12-26 21:00:00,0,0,1
TXN-03-02020,STORE-009,Home & Garden,BrandE,In-Store,UPC-870411204,SKU-HOM-3272,Chair,7,7,1,291.06,165.04,126.02,49.48,7.9,0,0,2025-12-10 21:00:00,0,0,1
TXN-03-01043,STORE-016,Electronics,BrandF,Online,UPC-232012877,SKU-ELE-9668,Tablet,4,4,4,1016.84,565.06,451.78,347.48,93.27,0,0,2025-12-14 15:00:00,0,0,1
TXN-03-05273,STORE-012,Apparel,BrandG,Online,UPC-914087182,SKU-APP-6492,Shoes,5,5,4,1717.65,1264.18,453.47,398.09,54.56,0,0,2025-12-26 02:00:00,0,0,1
TXN-03-02707,STORE-003,Electronics,BrandA,Online,UPC-353997068,SKU-ELE-5579,Monitor,6,6,0,2055.18,1199.78,855.4,383.69,41.16,1,0,2025-12-22 05:00:00,1,0,1
TXN-03-04354,STORE-010,Apparel,BrandD,In-Store,UPC-684492778,SKU-APP-1266,Jeans,8,8,3,1929.44,1319.23,610.21,310.71,69.53,0,0,2025-12-16 06:00:00,0,1,1
TXN-03-04965,STORE-003,Home & Garden,BrandB,In-Store,UPC-747243450,SKU-HOM-3722,Tool Set,7,7,3,136.64,56.92,79.72,21.93,2.41,0,0,2025-12-24 15:00:00,1,0,1
TXN-03-05786,STORE-017,Grocery,BrandC,In-Store,UPC-960341901,SKU-GRO-9470,Bread,6,6,0,1157.64,745.04,412.6,262.85,69.91,0,0,2025-12-21 18:00:00,1,0,1
TXN-03-05922,STORE-008,Apparel,BrandE,Mobile,UPC-205912351,SKU-APP-8721,Scarf,1,1,4,73.04,39.2,33.84,75.57,2.53,0,0,2025-12-27 14:00:00,1,0,1
TXN-03-03233,STORE-007,Grocery,BrandG,In-Store,UPC-620240552,SKU-GRO-6397,Bread,2,2,2,88.14,48.42,39.72,44.22,0.15,0,0,2025-12-06 18:00:00,1,1,1
TXN-03-04643,STORE-002,Grocery,BrandC,In-Store,UPC-105995368,SKU-GRO-3013,Coffee,6,6,4,973.26,473.05,500.21,180.73,18.52,0,0,2025-12-06 04:00:00,0,0,1
TXN-03-04250,STORE-003,Grocery,BrandG,Mobile,UPC-949556034,SKU-GRO-5934,Coffee,6,6,1,2792.04,1430.79,1361.25,491.8,26.46,0,0,2025-12-01 18:00:00,1,0,1
TXN-03-03970,STORE-003,Grocery,BrandA,Online,UPC-587412128,SKU-GRO-5160,Pasta,6,6,2,585.96,341.52,244.44,131.79,34.13,0,0,2025-12-02 21:00:00,0,0,1
TXN-03-04448,STORE-016,Grocery,BrandE,Online,UPC-935243325,SKU-GRO-4739,Milk,5,5,3,254.1,130.01,124.09,64.24,13.42,0,0,2025-12-14 09:00:00,0,0,1
TXN-03-01758,STORE-010,Electronics,BrandG,In-Store,UPC-295214133,SKU-ELE-1597,Monitor,9,9,0,1565.55,1060.09,505.46,225.34,51.39,0,0,2025-12-31 00:00:00,1,1,1
TXN-03-05029,STORE-014,Grocery,BrandF,In-Store,UPC-606773656,SKU-GRO-3816,Rice,1,1,1,108.69,43.93,64.76,113.18,4.49,0,0,2025-12-21 06:00:00,1,0,1
TXN-03-05597,STORE-019,Apparel,BrandD,In-Store,UPC-899774571,SKU-APP-3937,Dress,2,2,2,553.64,322.44,231.2,282.31,5.49,0,0,2025-12-18 17:00:00,1,0,1
TXN-03-03776,STORE-018,Electronics,BrandA,Online,UPC-211162865,SKU-ELE-9261,Charger,9,9,3,2929.32,1668.69,1260.63,371.44,45.96,1,1,2025-12-15 09:00:00,1,0,1
TXN-03-01031,STORE-004,Apparel,BrandA,Online,UPC-835406491,SKU-APP-2545,Scarf,2,2,4,862.5,381.9,480.6,477.54,46.29,0,0,2025-12-28 04:00:00,0,0,1
TXN-03-00230,STORE-002,Electronics,BrandC,In-Store,UPC-201995306,SKU-ELE-9592,Headphones,6,6,1,200.28,106.14,94.14,46.45,13.07,0,0,2025-12-09 13:00:00,0,0,1
TXN-03-03586,STORE-020,Electronics,BrandD,In-Store,UPC-710709462,SKU-ELE-8043,Camera,5,5,0,225.55,96.05,129.5,49.68,4.57,0,0,2025-12-19 08:00:00,1,0,1
TXN-03-02132,STORE-001,Grocery,BrandE,Online,UPC-224274491,SKU-GRO-9234,Rice,2,2,1,110.7,57.4,53.3,64.81,9.46,0,0,2025-12-14 00:00:00,0,0,1
TXN-03-01728,STORE-013,Grocery,BrandB,In-Store,UPC-343803104,SKU-GRO-7852,Juice,1,1,4,315.73,211.64,104.09,387.43,71.7,0,0,2025-12-02 06:00:00,0,0,1
TXN-03-06152,STORE-006,Apparel,BrandC,Mobile,UPC-800346288,SKU-APP-6808,Scarf,8,8,0,2345.04,1648.15,696.89,388.05,94.92,0,0,2025-12-01 20:00:00,1,0,1
TXN-03-04089,STORE-009,Home & Garden,BrandA,In-Store,UPC-348581110,SKU-HOM-7620,Chair,2,2,2,485.28,202.85,282.43,252.28,9.64,0,0,2025-12-10 14:00:00,1,1,1
TXN-03-01260,STORE-004,Electronics,BrandH,Online,UPC-934929593,SKU-ELE-4206,Headphones,6,6,3,1022.76,516.5,506.26,174.8,4.34,0,0,2025-12-22 06:00:00,0,0,1
TXN-03-02920,STORE-012,Electronics,BrandE,In-Store,UPC-152929397,SKU-ELE-5303,Phone,7,7,2,1481.13,1068.56,412.57,242.82,31.23,0,0,2025-12-12 21:00:00,0,0,1
TXN-03-01743,STORE-010,Electronics,BrandA,In-Store,UPC-344698355,SKU-ELE-4765,Laptop,6,6,4,736.56,433.39,303.17,148.5,25.74,0,0,2025-12-02 21:00:00,1,0,1
TXN-03-03478,STORE-007,Home & Garden,BrandA,In-Store,UPC-771631699,SKU-HOM-6797,Cushion,1,1,2,38.09,22.98,15.11,48.16,10.07,0,0,2025-12-22 04:00:00,1,1,1
TXN-03-05578,STORE-006,Electronics,BrandG,In-Store,UPC-426312085,SKU-ELE-6773,Laptop,5,5,4,67.25,41.8,25.45,17.64,4.19,0,0,2025-12-18 15:00:00,1,0,1
TXN-03-04127,STORE-005,Apparel,BrandA,In-Store,UPC-326634084,SKU-APP-9042,T-Shirt,8,8,1,206.24,113.47,92.77,26.45,0.67,0,0,2025-12-15 14:00:00,1,0,1
TXN-03-00040,STORE-009,Sports,BrandH,In-Store,UPC-576536913,SKU-SPO-2604,Backpack,4,4,2,203.4,88.11,115.29,64.03,13.18,0,0,2025-12-06 08:00:00,0,1,1
TXN-03-05107,STORE-017,Home & Garden,BrandC,Online,UPC-118753333,SKU-HOM-3646,Hose,2,2,0,554.46,350.08,204.38,380.15,102.92,0,0,2025-12-27 13:00:00,1,1,1
TXN-03-00593,STORE-003,Sports,BrandB,In-Store,UPC-118834004,SKU-SPO-9313,Backpack,2,2,3,328.52,144.98,183.54,207.95,43.69,0,0,2025-12-13 04:00:00,1,0,1
TXN-03-00033,STORE-005,Home & Garden,BrandE,Online,UPC-601913098,SKU-HOM-5644,Lamp,6,6,3,2628.18,1849.59,778.59,447.67,9.64,0,0,2025-12-24 20:00:00,1,1,1
TXN-03-01923,STORE-010,Grocery,BrandA,In-Store,UPC-503736237,SKU-GRO-5793,Rice,7,7,4,2339.68,1020.06,1319.62,412.57,78.33,0,0,2025-12-26 23:00:00,1,0,1
TXN-03-05239,STORE-004,Sports,BrandD,In-Store,UPC-236656489,SKU-SPO-7062,Dumbbell,2,2,3,112.58,45.9,66.68,63.53,7.24,0,0,2025-12-30 06:00:00,1,1,1
TXN-03-04784,STORE-015,Home & Garden,BrandH,In-Store,UPC-854716444,SKU-HOM-1845,Cushion,6,6,4,786.18,367.36,418.82,136.14,5.11,0,0,2025-12-27 22:00:00,0,1,1
TXN-03-02670,STORE-018,Sports,BrandC,In-Store,UPC-254421677,SKU-SPO-4345,Resistance Band,6,6,0,892.68,522.83,369.85,180.75,31.97,0,0,2025-12-06 19:00:00,1,1,1
TXN-03-00950,STORE-013,Home & Garden,BrandA,In-Store,UPC-478248939,SKU-HOM-6127,Tool Set,4,4,4,981.12,593.5,387.62,346.82,101.54,0,0,2025-12-18 09:00:00,1,0,1
TXN-03-05734,STORE-011,Home & Garden,BrandE,Online,UPC-202496827,SKU-HOM-2439,Tool Set,3,3,0,1146.72,524.58,622.14,485.75,103.51,0,0,2025-12-26 02:00:00,1,0,1
TXN-03-02421,STORE-008,Home & Garden,BrandF,Online,UPC-351872811,SKU-HOM-9092,Tool Set,3,3,3,112.5,49.41,63.09,43.63,6.13,0,0,2025-12-27 06:00:00,1,0,1
TXN-03-01418,STORE-006,Electronics,BrandG,Online,UPC-584850138,SKU-ELE-8155,Tablet,8,8,2,2014.0,1208.64,805.36,274.09,22.34,0,0,2025-12-09 22:00:00,1,0,1
TXN-03-02461,STORE-003,Home & Garden,BrandH,Online,UPC-710796481,SKU-HOM-7925,Cushion,1,1,0,38.37,17.03,21.34,49.28,10.91,0,0,2025-12-09 14:00:00,1,1,1
TXN-03-04294,STORE-002,Home & Garden,BrandD,In-Store,UPC-191726919,SKU-HOM-1241,Plant Pot,1,1,4,227.56,163.9,63.66,281.61,54.05,0,0,2025-12-06 16:00:00,0,1,1
TXN-03-03332,STORE-003,Electronics,BrandH,Online,UPC-469511768,SKU-ELE-9727,Speaker,3,3,1,344.55,238.0,106.55,117.81,2.96,0,0,2025-12-02 21:00:00,1,0,1
TXN-03-16428,STORE-013,Apparel,BrandC,Online,UPC-294060755,SKU-APP-5440,Dress,8,8,2,1788.32,787.35,1000.97,226.23,2.69,0,0,2025-12-30 15:00:00,0,0,1
TXN-03-03036,STORE-016,Grocery,BrandB,In-Store,UPC-656299086,SKU-GRO-8281,Cereal,4,4,0,758.96,460.64,298.32,210.26,20.52,1,1,2025-12-08 18:00:00,0,0,1
TXN-03-00843,STORE-006,Apparel,BrandG,Mobile,UPC-816312488,SKU-APP-8672,T-Shirt,3,3,2,376.23,249.76,126.47,130.88,5.47,0,0,2025-12-02 20:00:00,1,0,1
TXN-03-04472,STORE-004,Sports,BrandG,Online,UPC-951678800,SKU-SPO-8522,Water Bottle,1,1,0,70.5,31.51,38.99,78.92,8.42,0,0,2025-12-09 14:00:00,1,0,1
TXN-03-03249,STORE-013,Grocery,BrandD,In-Store,UPC-280482205,SKU-GRO-5092,Milk,1,1,2,196.69,97.99,98.7,231.77,35.08,0,0,2025-12-30 22:00:00,1,0,1
TXN-03-00341,STORE-004,Apparel,BrandH,Online,UPC-635010675,SKU-APP-2984,Jacket,4,4,3,672.76,340.9,331.86,200.1,31.91,0,0,2025-12-21 13:00:00,0,0,1
TXN-03-02761,STORE-014,Grocery,BrandB,In-Store,UPC-436180719,SKU-GRO-9356,Bread,8,8,1,3774.72,2194.66,1580.06,490.13,18.29,0,0,2025-12-07 16:00:00,1,1,1
TXN-03-03584,STORE-016,Apparel,BrandH,In-Store,UPC-445595037,SKU-APP-7765,T-Shirt,2,2,4,319.72,171.93,147.79,206.01,46.15,0,0,2025-12-30 08:00:00,0,0,1
TXN-03-02530,STORE-007,Apparel,BrandE,In-Store,UPC-567567073,SKU-APP-8646,Scarf,5,5,2,763.6,428.44,335.16,167.95,15.23,0,0,2025-12-01 15:00:00,0,1,1
TXN-03-02908,STORE-017,Grocery,BrandE,Online,UPC-879589650,SKU-GRO-8625,Coffee,8,8,1,1360.48,886.02,474.46,191.97,21.91,0,0,2025-12-03 15:00:00,1,0,1
TXN-03-02165,STORE-005,Home & Garden,BrandB,In-Store,UPC-531682860,SKU-HOM-8468,Chair,4,4,0,672.2,270.28,401.92,220.84,52.79,0,0,2025-12-10 02:00:00,0,0,1
TXN-03-02289,STORE-006,Electronics,BrandD,Online,UPC-863121764,SKU-ELE-9478,Monitor,1,1,4,137.01,83.19,53.82,176.68,39.67,0,0,2025-12-05 21:00:00,1,0,1
TXN-03-02415,STORE-009,Apparel,BrandE,In-Store,UPC-159271412,SKU-APP-8460,T-Shirt,8,8,2,2830.32,1418.44,1411.88,404.14,50.35,0,0,2025-12-02 11:00:00,1,0,1
TXN-03-04298,STORE-009,Apparel,BrandA,Online,UPC-451284110,SKU-APP-4428,Jacket,9,9,1,2068.74,839.17,1229.57,293.05,63.19,0,0,2025-12-13 18:00:00,1,0,1
TXN-03-01040,STORE-012,Electronics,BrandF,Mobile,UPC-792278670,SKU-ELE-7499,Camera,4,4,2,517.0,316.06,200.94,156.81,27.56,0,0,2025-12-13 04:00:00,1,0,1
TXN-03-04514,STORE-004,Sports,BrandH,Online,UPC-941702057,SKU-SPO-1500,Cap,2,2,2,463.2,253.47,209.73,264.23,32.63,0,0,2025-12-02 18:00:00,0,0,1
TXN-03-01623,STORE-009,Electronics,BrandF,Online,UPC-249362681,SKU-ELE-3721,Laptop,9,9,4,250.2,118.89,131.31,28.34,0.54,0,0,2025-12-22 11:00:00,1,1,1
TXN-03-01950,STORE-010,Electronics,BrandH,In-Store,UPC-367277367,SKU-ELE-9057,Phone,3,3,0,374.73,267.57,107.16,148.1,23.19,0,0,2025-12-22 21:00:00,0,0,1
TXN-03-03938,STORE-018,Sports,BrandB,In-Store,UPC-810210070,SKU-SPO-9391,Dumbbell,5,5,2,1727.45,1201.49,525.96,451.17,105.68,0,0,2025-12-12 15:00:00,1,0,1
TXN-03-05166,STORE-013,Home & Garden,BrandG,Online,UPC-630440023,SKU-HOM-6474,Tool Set,1,1,1,45.3,23.03,22.27,58.38,13.08,1,0,2025-12-25 14:00:00,0,0,1
TXN-03-06051,STORE-002,Electronics,BrandC,In-Store,UPC-414185007,SKU-ELE-9756,Laptop,8,8,4,1800.16,1106.8,693.36,303.77,78.75,0,0,2025-12-16 14:00:00,0,0,1
TXN-03-00888,STORE-014,Grocery,BrandG,Online,UPC-567406568,SKU-GRO-1477,Cereal,2,2,2,255.86,131.12,124.74,155.07,27.14,1,1,2025-12-17 03:00:00,0,0,1
TXN-03-03782,STORE-020,Electronics,BrandF,Mobile,UPC-725441580,SKU-ELE-5989,Camera,9,9,3,3003.75,1951.37,1052.38,415.41,81.66,0,0,2025-12-27 21:00:00,1,0,1
TXN-03-02501,STORE-003,Electronics,BrandF,Mobile,UPC-725615274,SKU-ELE-1389,Tablet,8,8,0,2201.6,1104.02,1097.58,358.42,83.22,0,0,2025-12-26 05:00:00,1,0,1
TXN-03-03866,STORE-020,Apparel,BrandA,Mobile,UPC-586087996,SKU-APP-4692,Socks,7,7,0,2959.18,1672.01,1287.17,478.85,56.11,0,0,2025-12-14 18:00:00,1,0,1
TXN-03-05126,STORE-020,Grocery,BrandA,Online,UPC-893701100,SKU-GRO-4217,Snack Bar,5,5,4,601.95,253.46,348.49,128.08,7.69,0,0,2025-12-07 16:00:00,1,1,1
TXN-03-03984,STORE-010,Electronics,BrandD,In-Store,UPC-948887056,SKU-ELE-7430,Camera,9,9,0,2011.95,1122.54,889.41,244.18,20.63,0,0,2025-12-28 18:00:00,1,0,1
TXN-03-03614,STORE-009,Home & Garden,BrandE,Online,UPC-486538317,SKU-HOM-6130,Vase,5,5,4,1520.95,721.37,799.58,311.25,7.06,0,0,2025-12-13 14:00:00,1,0,1
TXN-03-01592,STORE-016,Sports,BrandA,Mobile,UPC-295982979,SKU-SPO-3452,Resistance Band,4,4,0,723.08,315.61,407.47,214.49,33.72,1,0,2025-12-21 15:00:00,1,1,1
TXN-03-00177,STORE-004,Grocery,BrandG,In-Store,UPC-443911525,SKU-GRO-3332,Coffee,5,5,0,137.55,100.92,36.63,36.23,8.72,0,0,2025-12-19 05:00:00,1,0,1
TXN-03-01000,STORE-002,Apparel,BrandE,Online,UPC-573311758,SKU-APP-1177,Hat,6,6,1,1427.52,615.45,812.07,278.56,40.64,0,0,2025-12-24 05:00:00,0,1,1
TXN-03-05143,STORE-003,Apparel,BrandD,Online,UPC-568484213,SKU-APP-4644,T-Shirt,1,1,2,389.7,220.47,169.23,477.68,87.98,0,0,2025-12-22 21:00:00,1,0,1
TXN-03-00314,STORE-006,Home & Garden,BrandD,Online,UPC-850940849,SKU-HOM-4725,Cushion,5,5,4,1534.2,1026.87,507.33,312.63,5.79,0,0,2025-12-19 09:00:00,1,1,1
TXN-03-04836,STORE-019,Home & Garden,BrandF,In-Store,UPC-633308892,SKU-HOM-7929,Plant Pot,2,2,0,465.38,300.97,164.41,301.03,68.34,0,0,2025-12-02 15:00:00,1,0,1
TXN-03-02216,STORE-017,Sports,BrandA,Online,UPC-725887934,SKU-SPO-4735,Resistance Band,9,9,4,2929.23,1671.48,1257.75,357.9,32.43,0,0,2025-12-29 09:00:00,0,1,1
TXN-03-16408,STORE-009,Sports,BrandE,In-Store,UPC-976476363,SKU-SPO-3824,Dumbbell,1,1,1,348.24,179.92,168.32,393.61,45.37,0,0,2025-12-16 14:00:00,1,0,1
TXN-03-00088,STORE-003,Grocery,BrandC,In-Store,UPC-304141708,SKU-GRO-2888,Milk,3,3,1,1051.95,686.68,365.27,430.2,79.55,1,0,2025-12-15 19:00:00,1,0,1
TXN-03-01279,STORE-017,Home & Garden,BrandB,In-Store,UPC-474256646,SKU-HOM-4402,Rug,1,1,1,377.43,157.31,220.12,485.39,107.96,0,0,2025-12-03 21:00:00,1,0,1
TXN-03-05820,STORE-010,Apparel,BrandE,In-Store,UPC-882748558,SKU-APP-3222,Hat,6,6,1,1381.44,952.27,429.17,255.59,25.35,0,0,2025-12-23 02:00:00,0,0,1
TXN-03-05206,STORE-008,Apparel,BrandF,In-Store,UPC-738263346,SKU-APP-1476,Scarf,6,6,1,2946.42,1915.28,1031.14,495.15,4.08,0,0,2025-12-11 18:00:00,0,0,1
TXN-03-03088,STORE-019,Electronics,BrandF,In-Store,UPC-329627023,SKU-ELE-2217,Speaker,5,5,3,1509.15,684.23,824.92,384.07,82.24,0,0,2025-12-26 00:00:00,1,0,1
TXN-03-04324,STORE-008,Electronics,BrandE,Online,UPC-769968743,SKU-ELE-6131,Monitor,7,7,2,27.58,14.08,13.5,5.19,1.25,0,0,2025-12-20 13:00:00,1,0,1
TXN-03-00473,STORE-004,Grocery,BrandG,In-Store,UPC-376954352,SKU-GRO-9607,Coffee,2,2,1,179.78,125.47,54.31,117.23,27.34,0,0,2025-12-04 18:00:00,0,1,1
TXN-03-00190,STORE-007,Electronics,BrandB,In-Store,UPC-139763702,SKU-ELE-9202,Laptop,1,1,3,327.69,182.09,145.6,332.37,4.68,0,0,2025-12-13 17:00:00,1,0,1
TXN-03-06336,STORE-011,Sports,BrandG,In-Store,UPC-922663076,SKU-SPO-5860,Resistance Band,6,6,4,2581.68,1585.23,996.45,483.28,53.0,0,0,2025-12-09 10:00:00,1,0,1
TXN-03-06084,STORE-018,Apparel,BrandH,Online,UPC-558821582,SKU-APP-4048,Socks,3,3,0,1006.95,528.38,478.57,380.52,44.87,1,1,2025-12-23 10:00:00,1,1,1
TXN-03-01997,STORE-006,Sports,BrandH,Online,UPC-557338799,SKU-SPO-3894,Yoga Mat,8,8,2,1379.6,884.83,494.77,234.84,62.39,0,0,2025-12-16 12:00:00,1,0,1
TXN-03-03918,STORE-017,Home & Garden,BrandG,In-Store,UPC-408576977,SKU-HOM-7464,Vase,3,3,0,635.28,420.18,215.1,249.71,37.95,0,0,2025-12-28 02:00:00,0,0,1
TXN-03-04669,STORE-015,Apparel,BrandC,In-Store,UPC-410759042,SKU-APP-9993,Dress,1,1,0,243.96,136.47,107.49,346.52,102.56,0,0,2025-12-08 14:00:00,1,0,1
TXN-03-01672,STORE-019,Electronics,BrandA,Online,UPC-806492820,SKU-ELE-9885,Camera,7,7,0,3298.33,2210.72,1087.61,484.29,13.1,0,0,2025-12-30 15:00:00,1,0,1
TXN-03-02760,STORE-015,Home & Garden,BrandF,In-Store,UPC-746696058,SKU-HOM-5388,Cushion,6,6,4,1531.74,771.91,759.83,282.23,26.94,0,0,2025-12-30 14:00:00,0,0,1
TXN-03-04279,STORE-011,Apparel,BrandE,Online,UPC-519967041,SKU-APP-1699,Hat,8,8,4,3148.56,2145.33,1003.23,411.26,17.69,1,0,2025-12-28 00:00:00,1,0,1
TXN-03-02347,STORE-003,Apparel,BrandE,Online,UPC-638299459,SKU-APP-7305,Scarf,2,2,0,651.78,280.39,371.39,374.96,49.07,0,0,2025-12-22 17:00:00,1,0,1
TXN-03-05558,STORE-012,Apparel,BrandB,Online,UPC-407108013,SKU-APP-3803,Dress,7,7,1,2823.73,1342.33,1481.4,412.5,9.11,0,0,2025-12-25 15:00:00,1,1,1
TXN-03-00470,STORE-019,Home & Garden,BrandF,Online,UPC-670706549,SKU-HOM-8342,Hose,9,9,2,3788.64,2754.64,1034.0,439.84,18.88,0,0,2025-12-27 08:00:00,0,0,1
TXN-03-05452,STORE-006,Electronics,BrandC,Mobile,UPC-943277043,SKU-ELE-9178,Charger,4,4,2,625.96,400.49,225.47,209.19,52.7,0,0,2025-12-13 13:00:00,1,1,1
TXN-03-06281,STORE-006,Home & Garden,BrandG,Mobile,UPC-233467058,SKU-HOM-1450,Rug,2,2,3,62.74,36.77,25.97,39.78,8.41,0,0,2025-12-23 05:00:00,1,0,1
TXN-03-02598,STORE-010,Grocery,BrandB,Online,UPC-416268060,SKU-GRO-8710,Bread,4,4,0,440.96,188.51,252.45,146.81,36.57,0,0,2025-12-25 17:00:00,0,1,1
TXN-03-05245,STORE-012,Electronics,BrandD,Online,UPC-172574778,SKU-ELE-9471,Headphones,9,9,2,1953.72,921.8,1031.92,245.39,28.31,0,0,2025-12-04 23:00:00,1,1,1
TXN-03-04506,STORE-020,Electronics,BrandC,In-Store,UPC-689653568,SKU-ELE-7424,Laptop,8,8,1,2712.96,1791.57,921.39,409.63,70.51,0,0,2025-12-14 03:00:00,1,0,1
TXN-03-05017,STORE-011,Grocery,BrandF,Online,UPC-931557934,SKU-GRO-6003,Milk,2,2,1,515.86,225.99,289.87,284.04,26.11,0,0,2025-12-05 15:00:00,0,0,1
TXN-03-00213,STORE-018,Electronics,BrandH,In-Store,UPC-341650437,SKU-ELE-7038,Camera,3,3,1,940.53,512.21,428.32,345.62,32.11,0,0,2025-12-10 21:00:00,1,1,1
TXN-03-00657,STORE-005,Apparel,BrandD,Online,UPC-466471246,SKU-APP-1770,Jeans,4,4,4,608.96,437.95,171.01,157.21,4.97,0,0,2025-12-23 11:00:00,0,0,1
TXN-03-05626,STORE-003,Electronics,BrandF,In-Store,UPC-328482528,SKU-ELE-3951,Camera,3,3,1,720.3,388.34,331.96,252.35,12.25,0,0,2025-12-09 18:00:00,0,0,1
TXN-03-03509,STORE-011,Home & Garden,BrandC,In-Store,UPC-273694356,SKU-HOM-7887,Hose,4,4,3,948.04,391.18,556.86,322.7,85.69,0,0,2025-12-22 16:00:00,1,0,1
TXN-03-05524,STORE-005,Home & Garden,BrandG,In-Store,UPC-813637642,SKU-HOM-4782,Rug,1,1,1,250.54,172.39,78.15,282.56,32.02,0,0,2025-12-01 19:00:00,1,0,1
TXN-03-04297,STORE-005,Sports,BrandG,In-Store,UPC-991459324,SKU-SPO-3147,Backpack,5,5,2,594.4,397.77,196.63,139.01,20.13,0,0,2025-12-12 11:00:00,0,0,1
TXN-03-00493,STORE-018,Grocery,BrandB,In-Store,UPC-235557670,SKU-GRO-7329,Juice,4,4,4,30.88,18.14,12.74,9.1,1.38,0,0,2025-12-20 20:00:00,1,0,1
TXN-03-03159,STORE-019,Sports,BrandC,Mobile,UPC-558964937,SKU-SPO-1580,Yoga Mat,4,4,3,179.88,102.88,77.0,49.12,4.15,0,0,2025-12-20 02:00:00,1,1,1
TXN-03-05528,STORE-004,Apparel,BrandC,In-Store,UPC-444773634,SKU-APP-8327,Scarf,9,9,1,194.94,116.38,78.56,25.42,3.76,0,0,2025-12-20 23:00:00,0,0,1
TXN-03-03183,STORE-007,Electronics,BrandH,Online,UPC-399853352,SKU-ELE-9692,Speaker,7,7,3,1484.0,900.91,583.09,249.32,37.32,0,0,2025-12-10 22:00:00,1,0,1
TXN-03-02332,STORE-018,Grocery,BrandF,In-Store,UPC-444844150,SKU-GRO-7987,Juice,5,5,1,1343.15,924.36,418.79,352.07,83.44,1,0,2025-12-18 11:00:00,0,0,1
TXN-03-05705,STORE-007,Electronics,BrandG,Mobile,UPC-527480558,SKU-ELE-5060,Monitor,3,3,1,1206.93,654.77,552.16,426.66,24.35,0,0,2025-12-26 09:00:00,1,0,1
TXN-03-04295,STORE-015,Home & Garden,BrandD,In-Store,UPC-417525113,SKU-HOM-4085,Hose,3,3,1,295.14,178.39,116.75,105.1,6.72,0,0,2025-12-27 19:00:00,1,0,1
TXN-03-03250,STORE-003,Electronics,BrandA,In-Store,UPC-662741533,SKU-ELE-2688,Camera,6,6,4,777.36,406.47,370.89,139.89,10.33,0,0,2025-12-08 21:00:00,0,0,1
TXN-03-05752,STORE-003,Sports,BrandB,In-Store,UPC-802004835,SKU-SPO-4594,Resistance Band,7,7,0,291.27,210.83,80.44,55.86,14.25,0,0,2025-12-19 00:00:00,0,0,1
TXN-03-05358,STORE-006,Apparel,BrandC,Online,UPC-867858207,SKU-APP-8495,Jacket,2,2,4,786.98,502.6,284.38,446.22,52.73,0,0,2025-12-15 12:00:00,1,0,1
TXN-03-03375,STORE-015,Home & Garden,BrandC,Online,UPC-530329695,SKU-HOM-3809,Tool Set,5,5,0,1785.35,786.93,998.42,368.76,11.69,0,0,2025-12-07 02:00:00,0,1,1
TXN-03-02072,STORE-004,Electronics,BrandH,In-Store,UPC-546926105,SKU-ELE-5484,Camera,4,4,3,1527.08,688.72,838.36,482.61,100.84,0,0,2025-12-30 15:00:00,1,0,1
TXN-03-06189,STORE-020,Home & Garden,BrandA,In-Store,UPC-396491886,SKU-HOM-6039,Vase,2,2,1,249.04,123.94,125.1,131.89,7.37,0,0,2025-12-29 11:00:00,1,0,1
TXN-03-04316,STORE-015,Grocery,BrandA,Mobile,UPC-233185265,SKU-GRO-2621,Pasta,5,5,1,254.3,147.93,106.37,57.05,6.19,0,0,2025-12-11 17:00:00,0,1,1
TXN-03-01252,STORE-005,Apparel,BrandG,In-Store,UPC-275353374,SKU-APP-6265,Scarf,2,2,4,234.7,118.38,116.32,150.65,33.3,0,0,2025-12-02 06:00:00,0,0,1
TXN-03-04518,STORE-007,Sports,BrandF,Mobile,UPC-657401508,SKU-SPO-3944,Water Bottle,8,8,2,2106.72,1508.99,597.73,354.09,90.75,1,0,2025-12-12 22:00:00,1,1,1
TXN-03-16441,STORE-003,Sports,BrandD,In-Store,UPC-381908483,SKU-SPO-7379,Resistance Band,2,2,0,520.9,210.98,309.92,366.66,106.21,0,0,2025-12-24 12:00:00,1,0,1
TXN-03-02941,STORE-020,Sports,BrandB,In-Store,UPC-491643296,SKU-SPO-8044,Jersey,2,2,2,288.48,215.15,73.33,153.07,8.83,0,0,2025-12-29 00:00:00,1,1,1
TXN-03-06254,STORE-007,Apparel,BrandG,In-Store,UPC-694090951,SKU-APP-4656,Dress,6,6,3,936.6,689.0,247.6,177.15,21.05,0,0,2025-12-19 13:00:00,1,0,1
TXN-03-04256,STORE-011,Grocery,BrandC,In-Store,UPC-749387247,SKU-GRO-3112,Pasta,6,6,3,1863.96,1123.04,740.92,367.13,56.47,0,0,2025-12-25 17:00:00,1,0,1
TXN-03-00530,STORE-004,Sports,BrandF,Online,UPC-189804164,SKU-SPO-9883,Dumbbell,7,7,1,2114.98,1579.25,535.73,321.61,19.47,0,0,2025-12-04 16:00:00,1,0,1
TXN-03-00080,STORE-004,Sports,BrandD,Online,UPC-945382429,SKU-SPO-2720,Dumbbell,4,4,3,119.4,77.18,42.22,42.44,12.59,0,0,2025-12-10 15:00:00,1,0,1
TXN-03-03359,STORE-016,Electronics,BrandD,In-Store,UPC-531026127,SKU-ELE-4113,Phone,3,3,2,793.95,319.62,474.33,376.53,111.88,0,0,2025-12-30 20:00:00,0,1,1
TXN-03-00145,STORE-001,Apparel,BrandB,In-Store,UPC-746272721,SKU-APP-7609,Jacket,6,6,4,506.7,219.42,287.28,111.34,26.89,0,0,2025-12-11 15:00:00,1,0,1
TXN-03-05807,STORE-018,Sports,BrandD,Online,UPC-873406071,SKU-SPO-1062,Running Shoes,8,8,1,1801.68,1204.35,597.33,273.68,48.47,0,0,2025-12-06 03:00:00,1,0,1
TXN-03-04512,STORE-016,Electronics,BrandA,In-Store,UPC-380139673,SKU-ELE-4620,Tablet,9,9,0,2745.36,1627.18,1118.18,312.95,7.91,0,0,2025-12-26 11:00:00,1,1,1
TXN-03-03356,STORE-008,Home & Garden,BrandE,Online,UPC-875496993,SKU-HOM-8916,Plant Pot,8,8,4,695.2,473.96,221.24,94.72,7.82,0,0,2025-12-15 19:00:00,1,1,1
TXN-03-05527,STORE-012,Electronics,BrandB,Online,UPC-584077394,SKU-ELE-4876,Speaker,7,7,3,93.45,59.34,34.11,15.49,2.14,0,0,2025-12-06 11:00:00,1,0,1
TXN-03-04364,STORE-016,Grocery,BrandA,In-Store,UPC-955337583,SKU-GRO-8356,Snack Bar,6,6,0,2028.6,934.32,1094.28,399.65,61.55,0,0,2025-12-14 12:00:00,1,0,1
TXN-03-02937,STORE-005,Apparel,BrandE,Online,UPC-764127139,SKU-APP-7386,Jacket,7,7,4,3144.68,1658.41,1486.27,456.15,6.91,0,0,2025-12-17 15:00:00,1,0,1
TXN-03-01167,STORE-008,Home & Garden,BrandH,In-Store,UPC-642559101,SKU-HOM-1096,Chair,5,5,4,1321.2,542.53,778.67,277.33,13.09,0,0,2025-12-03 22:00:00,1,0,1
TXN-03-02829,STORE-005,Grocery,BrandH,In-Store,UPC-542495919,SKU-GRO-3922,Pasta,2,2,3,772.86,334.25,438.61,477.63,91.2,0,0,2025-12-02 07:00:00,0,0,1
TXN-03-05096,STORE-017,Grocery,BrandG,In-Store,UPC-580467351,SKU-GRO-1383,Cereal,8,8,3,2490.72,1633.33,857.39,322.25,10.91,0,0,2025-12-11 03:00:00,1,0,1
TXN-03-01644,STORE-011,Grocery,BrandE,In-Store,UPC-591041007,SKU-GRO-1804,Juice,2,2,4,131.48,69.77,61.71,83.16,17.42,0,0,2025-12-08 05:00:00,0,0,1
TXN-03-02221,STORE-020,Apparel,BrandD,Online,UPC-563049550,SKU-APP-5020,Jeans,6,6,0,1939.44,1167.18,772.26,447.97,124.73,0,0,2025-12-29 18:00:00,1,0,1
TXN-03-02129,STORE-014,Electronics,BrandB,In-Store,UPC-321904025,SKU-ELE-4944,Speaker,1,1,0,194.71,123.33,71.38,254.98,60.27,0,0,2025-12-21 07:00:00,1,0,1
TXN-03-06136,STORE-015,Electronics,BrandB,In-Store,UPC-936657153,SKU-ELE-6319,Speaker,2,2,3,276.76,200.66,76.1,190.72,52.34,0,0,2025-12-11 00:00:00,0,0,1
TXN-03-04220,STORE-001,Electronics,BrandE,In-Store,UPC-390619089,SKU-ELE-1743,Headphones,3,3,3,991.29,427.74,563.55,433.46,103.03,0,0,2025-12-09 16:00:00,1,0,1
TXN-03-00028,STORE-013,Apparel,BrandE,In-Store,UPC-717253169,SKU-APP-1941,Jacket,6,6,2,2139.0,1004.81,1134.19,419.89,63.39,0,0,2025-12-23 03:00:00,0,0,1
TXN-03-01276,STORE-017,Home & Garden,BrandD,In-Store,UPC-995094200,SKU-HOM-1820,Chair,5,5,1,1866.85,929.84,937.01,436.52,63.15,0,0,2025-12-02 02:00:00,1,0,1
TXN-03-06063,STORE-004,Electronics,BrandE,In-Store,UPC-700364772,SKU-ELE-8672,Laptop,3,3,0,534.75,255.11,279.64,194.6,16.35,0,0,2025-12-26 11:00:00,1,0,1
TXN-03-04862,STORE-006,Grocery,BrandE,Mobile,UPC-562150587,SKU-GRO-3364,Cereal,2,2,1,682.3,360.26,322.04,395.13,53.98,0,0,2025-12-08 23:00:00,1,1,1
TXN-03-04145,STORE-006,Apparel,BrandB,Online,UPC-595194359,SKU-APP-1946,Jeans,9,9,0,2146.5,873.23,1273.27,261.19,22.69,0,0,2025-12-03 06:00:00,1,1,1
TXN-03-00893,STORE-004,Home & Garden,BrandF,Mobile,UPC-556879024,SKU-HOM-6799,Cushion,3,3,0,324.54,238.27,86.27,125.01,16.83,0,0,2025-12-29 11:00:00,1,1,1
TXN-03-02834,STORE-018,Sports,BrandF,Online,UPC-149145796,SKU-SPO-2651,Resistance Band,8,8,4,822.4,374.17,448.23,106.41,3.61,0,0,2025-12-21 11:00:00,1,0,1
TXN-03-02163,STORE-009,Sports,BrandD,In-Store,UPC-416891087,SKU-SPO-7046,Water Bottle,5,5,3,942.6,454.07,488.53,263.74,75.22,0,0,2025-12-25 13:00:00,1,1,1
TXN-03-03151,STORE-017,Electronics,BrandA,Online,UPC-794481787,SKU-ELE-3588,Monitor,1,1,3,88.96,51.1,37.86,111.37,22.41,1,1,2025-12-06 19:00:00,1,0,1
TXN-03-02308,STORE-016,Apparel,BrandA,In-Store,UPC-255741318,SKU-APP-6841,Socks,9,9,0,2615.67,1225.82,1389.85,367.47,76.84,1,1,2025-12-24 04:00:00,0,0,1
TXN-03-02788,STORE-008,Home & Garden,BrandE,Mobile,UPC-577237740,SKU-HOM-8389,Rug,8,8,4,2983.36,1318.25,1665.11,472.53,99.61,0,0,2025-12-29 17:00:00,0,1,1
TXN-03-05890,STORE-020,Electronics,BrandF,Online,UPC-827782920,SKU-ELE-1388,Headphones,4,4,4,63.76,41.77,21.99,20.08,4.14,0,0,2025-12-28 11:00:00,1,0,1
TXN-03-02804,STORE-015,Electronics,BrandE,Online,UPC-783141460,SKU-ELE-1790,Laptop,9,9,2,1173.15,818.56,354.59,156.45,26.1,0,0,2025-12-30 20:00:00,1,1,1
TXN-03-00171,STORE-016,Electronics,BrandF,In-Store,UPC-125372829,SKU-ELE-9424,Laptop,4,4,4,609.04,354.28,254.76,173.68,21.42,0,0,2025-12-12 18:00:00,1,0,1
TXN-03-02329,STORE-010,Apparel,BrandC,Mobile,UPC-709590300,SKU-APP-2613,Hat,6,6,1,2748.42,1862.15,886.27,459.48,1.41,0,0,2025-12-10 23:00:00,0,0,1
TXN-03-04137,STORE-009,Sports,BrandE,Online,UPC-961289463,SKU-SPO-8033,Yoga Mat,4,4,4,1473.92,839.54,634.38,377.75,9.27,0,0,2025-12-24 10:00:00,0,0,1
TXN-03-02242,STORE-020,Grocery,BrandE,Online,UPC-949001055,SKU-GRO-3103,Coffee,1,1,2,266.81,136.7,130.11,379.81,113.0,0,0,2025-12-04 01:00:00,1,0,1
TXN-03-03939,STORE-009,Apparel,BrandA,Online,UPC-466769302,SKU-APP-4210,Dress,1,1,1,459.08,228.1,230.98,469.54,10.46,1,0,2025-12-24 12:00:00,1,1,1
TXN-03-03795,STORE-017,Grocery,BrandD,In-Store,UPC-218729146,SKU-GRO-5967,Coffee,3,3,1,433.29,324.4,108.89,173.21,28.78,0,0,2025-12-11 13:00:00,1,1,1
TXN-03-00605,STORE-002,Electronics,BrandB,Online,UPC-636609011,SKU-ELE-4830,Charger,7,7,0,2008.58,897.52,1111.06,307.33,20.39,0,0,2025-12-07 21:00:00,1,1,1
TXN-03-01876,STORE-011,Electronics,BrandD,Online,UPC-328612320,SKU-ELE-2895,Camera,1,1,4,124.67,87.95,36.72,136.48,11.81,0,0,2025-12-06 21:00:00,0,0,1
TXN-03-02064,STORE-007,Apparel,BrandH,Mobile,UPC-282915689,SKU-APP-6256,Socks,7,7,2,1796.55,757.55,1039.0,301.58,44.93,0,0,2025-12-02 08:00:00,1,0,1
TXN-03-04923,STORE-014,Home & Garden,BrandH,Mobile,UPC-733872988,SKU-HOM-5099,Tool Set,6,6,2,1996.56,1325.2,671.36,369.0,36.24,0,0,2025-12-17 19:00:00,1,0,1
TXN-03-02859,STORE-012,Sports,BrandD,In-Store,UPC-292165398,SKU-SPO-6817,Yoga Mat,2,2,2,273.68,117.48,156.2,154.25,17.41,0,0,2025-12-10 02:00:00,1,1,1
TXN-03-00130,STORE-004,Grocery,BrandC,Online,UPC-103971713,SKU-GRO-7763,Pasta,6,6,2,2131.26,998.4,1132.86,415.23,60.02,0,0,2025-12-01 11:00:00,1,0,1
TXN-03-03158,STORE-015,Home & Garden,BrandG,Mobile,UPC-896373087,SKU-HOM-5731,Hose,4,4,4,260.76,152.93,107.83,75.49,10.3,0,0,2025-12-28 23:00:00,1,0,1
TXN-03-16453,STORE-008,Sports,BrandG,Online,UPC-543220647,SKU-SPO-4272,Dumbbell,2,2,3,450.6,233.46,217.14,268.19,42.89,0,0,2025-12-17 01:00:00,1,1,1
TXN-03-01511,STORE-017,Grocery,BrandF,In-Store,UPC-344864638,SKU-GRO-8926,Cereal,4,4,3,395.76,193.7,202.06,134.55,35.61,0,0,2025-12-11 20:00:00,1,1,1
TXN-03-00789,STORE-018,Home & Garden,BrandA,Online,UPC-357573792,SKU-HOM-4239,Tool Set,2,2,0,286.0,156.16,129.84,198.56,55.56,0,0,2025-12-22 09:00:00,1,0,1
TXN-03-02623,STORE-002,Electronics,BrandF,Mobile,UPC-622943841,SKU-ELE-9097,Monitor,4,4,1,1440.48,1007.09,433.39,416.51,56.39,0,0,2025-12-30 19:00:00,0,1,1
TXN-03-01042,STORE-011,Sports,BrandC,In-Store,UPC-509530034,SKU-SPO-8549,Yoga Mat,5,5,3,1793.1,991.97,801.13,386.57,27.95,0,0,2025-12-27 17:00:00,1,1,1
TXN-03-05617,STORE-008,Apparel,BrandG,In-Store,UPC-720972424,SKU-APP-7633,Hat,6,6,2,1751.22,1069.16,682.06,394.58,102.71,0,0,2025-12-23 06:00:00,1,0,1
TXN-03-00137,STORE-020,Home & Garden,BrandC,In-Store,UPC-232376507,SKU-HOM-4318,Chair,6,6,4,2841.36,1225.63,1615.73,493.54,19.98,0,0,2025-12-27 14:00:00,1,0,1
TXN-03-00418,STORE-010,Grocery,BrandD,Online,UPC-799798011,SKU-GRO-1643,Snack Bar,3,3,3,789.99,547.61,242.38,331.44,68.11,0,0,2025-12-16 08:00:00,1,1,1
TXN-03-03537,STORE-008,Electronics,BrandA,In-Store,UPC-447770447,SKU-ELE-3508,Speaker,6,6,2,2575.44,1766.4,809.04,453.88,24.64,0,0,2025-12-30 05:00:00,0,1,1
TXN-03-02351,STORE-009,Home & Garden,BrandB,In-Store,UPC-202453679,SKU-HOM-7007,Hose,5,5,1,1652.6,1040.62,611.98,408.37,77.85,0,0,2025-12-15 22:00:00,1,0,1
TXN-03-05113,STORE-015,Electronics,BrandB,In-Store,UPC-202300652,SKU-ELE-4106,Camera,7,7,3,2497.39,1475.45,1021.94,477.23,120.46,0,0,2025-12-23 14:00:00,1,0,1
TXN-03-04934,STORE-018,Electronics,BrandC,In-Store,UPC-428991904,SKU-ELE-8486,Monitor,7,7,1,2047.85,975.02,1072.83,388.34,95.79,0,0,2025-12-04 10:00:00,1,0,1
TXN-03-05497,STORE-002,Apparel,BrandG,Online,UPC-540165652,SKU-APP-8399,Hat,9,9,2,336.6,229.56,107.04,43.02,5.62,0,0,2025-12-19 21:00:00,1,0,1
TXN-03-00248,STORE-015,Sports,BrandE,In-Store,UPC-625831814,SKU-SPO-1046,Dumbbell,3,3,0,301.95,192.4,109.55,111.21,10.56,0,0,2025-12-20 17:00:00,1,1,1
TXN-03-03111,STORE-017,Apparel,BrandE,Mobile,UPC-211864909,SKU-APP-3984,Shoes,3,3,1,1068.81,581.26,487.55,415.74,59.47,0,0,2025-12-22 06:00:00,0,1,1
TXN-03-05561,STORE-019,Electronics,BrandH,In-Store,UPC-175125075,SKU-ELE-4098,Phone,1,1,1,204.55,120.8,83.75,218.93,14.38,0,0,2025-12-06 09:00:00,0,0,1
TXN-03-06211,STORE-009,Grocery,BrandB,In-Store,UPC-982593360,SKU-GRO-4737,Coffee,2,2,3,434.84,256.04,178.8,307.93,90.51,0,0,2025-12-25 14:00:00,0,1,1
TXN-03-02763,STORE-020,Home & Garden,BrandH,Online,UPC-483751185,SKU-HOM-6059,Vase,4,4,1,807.36,472.82,334.54,211.07,9.23,0,0,2025-12-05 01:00:00,0,0,1
TXN-03-02304,STORE-006,Grocery,BrandF,Online,UPC-145314482,SKU-GRO-4231,Milk,3,3,2,358.8,194.76,164.04,158.9,39.3,0,0,2025-12-20 06:00:00,1,1,1
TXN-03-00149,STORE-001,Apparel,BrandA,Online,UPC-821382333,SKU-APP-8618,Scarf,6,6,2,959.22,566.72,392.5,212.78,52.91,0,0,2025-12-13 13:00:00,1,0,1
TXN-03-00498,STORE-006,Grocery,BrandB,Online,UPC-551310965,SKU-GRO-2783,Snack Bar,7,7,0,774.48,364.01,410.47,124.0,13.36,0,0,2025-12-07 14:00:00,1,0,1
TXN-03-04705,STORE-013,Grocery,BrandA,In-Store,UPC-955512554,SKU-GRO-3923,Cereal,5,5,4,46.45,18.67,27.78,9.94,0.65,0,0,2025-12-21 05:00:00,0,0,1
TXN-03-05285,STORE-003,Electronics,BrandB,In-Store,UPC-547695806,SKU-ELE-3084,Laptop,2,2,2,958.64,390.58,568.06,484.34,5.02,0,0,2025-12-08 00:00:00,1,0,1
TXN-03-03901,STORE-009,Grocery,BrandE,In-Store,UPC-835752921,SKU-GRO-2995,Pasta,9,9,4,361.98,198.06,163.92,45.84,5.62,0,0,2025-12-27 04:00:00,0,0,1
TXN-03-05429,STORE-014,Apparel,BrandF,In-Store,UPC-174867189,SKU-APP-3971,Jacket,3,3,1,656.7,351.8,304.9,247.27,28.37,0,0,2025-12-03 10:00:00,1,0,1
TXN-03-02584,STORE-012,Grocery,BrandB,In-Store,UPC-404631324,SKU-GRO-6375,Snack Bar,8,8,2,2760.4,1721.68,1038.72,383.2,38.15,0,0,2025-12-17 06:00:00,1,1,1
TXN-03-04442,STORE-007,Sports,BrandH,Online,UPC-642741848,SKU-SPO-8139,Cap,8,8,4,237.84,143.13,94.71,31.54,1.81,0,0,2025-12-06 04:00:00,1,0,1
TXN-03-00674,STORE-007,Sports,BrandG,Online,UPC-442468487,SKU-SPO-6325,Dumbbell,5,5,3,1232.9,533.73,699.17,327.02,80.44,0,0,2025-12-09 09:00:00,1,0,1
TXN-03-00899,STORE-014,Grocery,BrandF,In-Store,UPC-109227416,SKU-GRO-5993,Milk,9,9,0,400.59,297.45,103.14,54.36,9.85,0,0,2025-12-25 06:00:00,0,0,1
TXN-03-05015,STORE-020,Apparel,BrandA,Online,UPC-200849309,SKU-APP-6031,Dress,5,5,0,100.85,43.13,57.72,26.2,6.03,0,0,2025-12-15 06:00:00,1,1,1
TXN-03-01205,STORE-016,Home & Garden,BrandE,Online,UPC-901911956,SKU-HOM-1472,Vase,8,8,1,1556.0,751.78,804.22,237.28,42.78,0,0,2025-12-01 05:00:00,0,1,1
TXN-03-04919,STORE-013,Apparel,BrandC,Online,UPC-732619148,SKU-APP-2082,Hat,4,4,2,1546.72,711.55,835.17,444.63,57.95,0,0,2025-12-13 17:00:00,0,0,1
TXN-03-06239,STORE-001,Grocery,BrandE,In-Store,UPC-759778927,SKU-GRO-6274,Cereal,8,8,3,1614.16,708.28,905.88,226.65,24.88,0,0,2025-12-06 22:00:00,1,1,1
TXN-03-04864,STORE-016,Apparel,BrandG,Mobile,UPC-734892356,SKU-APP-8525,Jacket,9,9,1,1947.15,960.68,986.47,269.48,53.13,0,0,2025-12-23 15:00:00,1,0,1
TXN-03-03259,STORE-014,Sports,BrandB,In-Store,UPC-359825342,SKU-SPO-7109,Dumbbell,9,9,0,793.35,431.04,362.31,119.99,31.84,0,0,2025-12-17 06:00:00,1,0,1
TXN-03-05269,STORE-013,Home & Garden,BrandE,Online,UPC-888475191,SKU-HOM-6741,Plant Pot,3,3,4,658.05,265.31,392.74,233.16,13.81,0,0,2025-12-24 08:00:00,1,0,1
TXN-03-05119,STORE-015,Sports,BrandF,Online,UPC-991131109,SKU-SPO-3968,Yoga Mat,5,5,0,752.9,543.52,209.38,153.69,3.11,0,0,2025-12-01 05:00:00,1,0,1
TXN-03-04654,STORE-004,Apparel,BrandG,Mobile,UPC-988711134,SKU-APP-7795,Jacket,1,1,3,56.99,28.71,28.28,62.5,5.51,0,0,2025-12-15 04:00:00,0,0,1
TXN-03-02810,STORE-002,Grocery,BrandC,Mobile,UPC-208005995,SKU-GRO-6751,Coffee,5,5,4,1861.0,747.73,1113.27,482.08,109.88,0,0,2025-12-17 04:00:00,1,0,1
TXN-03-03169,STORE-010,Sports,BrandA,Online,UPC-230878764,SKU-SPO-6014,Dumbbell,4,4,1,1155.0,568.97,586.03,373.42,84.67,0,0,2025-12-21 00:00:00,1,0,1
TXN-03-04843,STORE-001,Grocery,BrandF,Online,UPC-254627994,SKU-GRO-3085,Snack Bar,5,5,1,1718.85,1255.72,463.13,352.53,8.76,0,0,2025-12-28 13:00:00,0,0,1
TXN-03-00360,STORE-015,Sports,BrandD,Mobile,UPC-780945145,SKU-SPO-7114,Jersey,2,2,3,629.78,412.68,217.1,382.58,67.69,0,0,2025-12-22 12:00:00,1,0,1
TXN-03-01079,STORE-009,Electronics,BrandH,In-Store,UPC-400014042,SKU-ELE-9666,Monitor,1,1,4,148.58,105.85,42.73,180.5,31.92,0,0,2025-12-16 04:00:00,1,0,1
TXN-03-05833,STORE-012,Apparel,BrandH,In-Store,UPC-929020841,SKU-APP-7567,Jacket,9,9,2,3112.56,1411.2,1701.36,360.52,14.68,0,0,2025-12-16 08:00:00,0,1,1
TXN-03-06036,STORE-013,Grocery,BrandE,In-Store,UPC-491097716,SKU-GRO-1072,Rice,6,6,2,169.5,94.69,74.81,33.14,4.89,0,0,2025-12-11 00:00:00,1,1,1
TXN-03-06224,STORE-007,Electronics,BrandF,Online,UPC-909953441,SKU-ELE-9249,Tablet,5,5,1,1588.8,1151.78,437.02,325.27,7.51,0,0,2025-12-16 15:00:00,0,1,1
TXN-03-01819,STORE-020,Apparel,BrandE,Mobile,UPC-230202321,SKU-APP-2263,Dress,6,6,2,1800.18,727.72,1072.46,323.44,23.41,0,0,2025-12-05 18:00:00,1,0,1
TXN-03-04898,STORE-005,Grocery,BrandH,In-Store,UPC-792223980,SKU-GRO-5710,Snack Bar,2,2,2,220.54,99.41,121.13,114.0,3.73,0,0,2025-12-25 00:00:00,1,1,1
TXN-03-05086,STORE-005,Grocery,BrandG,Online,UPC-450541173,SKU-GRO-5251,Juice,1,1,2,158.48,113.31,45.17,180.7,22.22,0,0,2025-12-09 10:00:00,1,0,1
TXN-03-04951,STORE-006,Electronics,BrandA,Mobile,UPC-565663021,SKU-ELE-4322,Camera,2,2,4,136.68,84.29,52.39,84.45,16.11,0,0,2025-12-25 19:00:00,1,1,1
TXN-03-04342,STORE-019,Electronics,BrandA,In-Store,UPC-851343844,SKU-ELE-9867,Monitor,8,8,1,1944.08,995.97,948.11,307.67,64.66,0,0,2025-12-10 19:00:00,0,1,1
TXN-03-16445,STORE-004,Apparel,BrandC,In-Store,UPC-444773634,SKU-APP-8327,Scarf,9,9,1,194.94,116.38,78.56,25.42,3.76,0,0,2025-12-20 23:00:00,0,0,1
TXN-03-00195,STORE-002,Electronics,BrandE,In-Store,UPC-566351848,SKU-ELE-9298,Headphones,2,2,2,38.24,26.26,11.98,23.91,4.79,0,0,2025-12-23 05:00:00,1,1,1
TXN-03-05894,STORE-013,Electronics,BrandA,Mobile,UPC-304452806,SKU-ELE-3850,Monitor,2,2,0,193.18,120.99,72.19,102.92,6.33,0,0,2025-12-23 06:00:00,1,0,1
TXN-03-04605,STORE-011,Grocery,BrandF,Mobile,UPC-492824064,SKU-GRO-7072,Rice,8,8,3,1941.2,1224.6,716.6,279.2,36.55,0,0,2025-12-25 23:00:00,1,1,1
TXN-03-01926,STORE-015,Electronics,BrandB,In-Store,UPC-949039197,SKU-ELE-2821,Tablet,2,2,4,806.78,479.94,326.84,496.87,93.48,0,0,2025-12-02 19:00:00,1,0,1
TXN-03-05051,STORE-007,Apparel,BrandE,Online,UPC-236718006,SKU-APP-5131,Shoes,8,8,4,1959.84,842.98,1116.86,280.79,35.81,0,0,2025-12-06 07:00:00,0,0,1
TXN-03-01483,STORE-012,Electronics,BrandH,Online,UPC-329305895,SKU-ELE-8862,Monitor,1,1,0,184.41,88.74,95.67,251.67,67.26,0,0,2025-12-05 08:00:00,1,1,1
TXN-03-06206,STORE-016,Electronics,BrandF,In-Store,UPC-115639003,SKU-ELE-5529,Tablet,3,3,0,749.79,413.85,335.94,281.31,31.38,0,0,2025-12-08 17:00:00,0,1,1
TXN-03-00346,STORE-002,Apparel,BrandC,In-Store,UPC-732866458,SKU-APP-4950,Dress,1,1,1,435.54,323.31,112.23,480.47,44.93,0,0,2025-12-28 12:00:00,0,1,1
TXN-03-05284,STORE-020,Apparel,BrandC,Mobile,UPC-831147631,SKU-APP-1288,Jeans,2,2,3,768.18,535.97,232.21,404.92,20.83,0,0,2025-12-25 20:00:00,1,0,1
TXN-03-04536,STORE-007,Sports,BrandA,In-Store,UPC-914361777,SKU-SPO-4665,Dumbbell,4,4,2,830.04,498.2,331.84,218.02,10.51,0,0,2025-12-16 12:00:00,0,1,1
TXN-03-04682,STORE-008,Sports,BrandB,In-Store,UPC-219390086,SKU-SPO-8894,Water Bottle,8,8,1,2772.08,2024.12,747.96,417.46,70.95,0,0,2025-12-11 19:00:00,0,0,1
TXN-03-02326,STORE-015,Apparel,BrandH,Online,UPC-927791955,SKU-APP-2357,Jacket,7,7,0,2028.25,1473.51,554.74,372.19,82.44,0,0,2025-12-19 06:00:00,1,0,1
TXN-03-01423,STORE-013,Apparel,BrandC,Mobile,UPC-125666800,SKU-APP-3056,Shoes,4,4,4,518.36,351.11,167.25,179.77,50.18,0,0,2025-12-18 17:00:00,1,1,1
TXN-03-04528,STORE-006,Home & Garden,BrandA,In-Store,UPC-580954060,SKU-HOM-6354,Chair,9,9,2,789.66,529.12,260.54,98.48,10.74,0,0,2025-12-01 06:00:00,1,0,1
TXN-03-02097,STORE-015,Grocery,BrandF,Online,UPC-267443049,SKU-GRO-1068,Rice,3,3,4,674.31,284.39,389.92,268.93,44.16,0,0,2025-12-08 04:00:00,1,0,1
TXN-03-04081,STORE-016,Grocery,BrandB,Online,UPC-729116301,SKU-GRO-4832,Bread,7,7,2,2155.16,1065.74,1089.42,319.23,11.35,0,0,2025-12-16 07:00:00,1,1,1
TXN-03-02023,STORE-019,Sports,BrandC,Mobile,UPC-881366676,SKU-SPO-5007,Yoga Mat,6,6,2,1717.98,1285.78,432.2,370.23,83.9,0,0,2025-12-26 17:00:00,0,0,1
TXN-03-01614,STORE-006,Electronics,BrandD,Online,UPC-948073302,SKU-ELE-6432,Laptop,8,8,0,117.6,50.93,66.67,19.53,4.83,0,0,2025-12-15 11:00:00,1,0,1
TXN-03-01895,STORE-012,Grocery,BrandB,In-Store,UPC-340821493,SKU-GRO-5915,Rice,1,1,3,18.99,11.12,7.87,25.42,6.43,0,0,2025-12-22 10:00:00,0,1,1
TXN-03-01228,STORE-017,Apparel,BrandH,In-Store,UPC-731497884,SKU-APP-4033,Shoes,6,6,4,1383.66,777.87,605.79,315.89,85.28,0,0,2025-12-07 06:00:00,1,0,1
TXN-03-03932,STORE-013,Home & Garden,BrandF,Online,UPC-532527139,SKU-HOM-3962,Plant Pot,6,6,3,2547.3,1790.94,756.36,469.44,44.89,0,0,2025-12-17 12:00:00,1,0,1
TXN-03-02513,STORE-016,Home & Garden,BrandF,Online,UPC-536066550,SKU-HOM-9185,Hose,7,7,2,556.22,319.46,236.76,111.75,32.29,0,0,2025-12-17 21:00:00,1,0,1
TXN-03-05265,STORE-002,Grocery,BrandE,In-Store,UPC-700627302,SKU-GRO-6128,Cereal,2,2,3,110.94,82.19,28.75,57.73,2.26,0,0,2025-12-10 23:00:00,1,0,1
TXN-03-02314,STORE-010,Apparel,BrandH,In-Store,UPC-331230886,SKU-APP-8617,Shoes,2,2,3,551.62,240.2,311.42,380.24,104.43,0,0,2025-12-03 07:00:00,0,0,1
TXN-03-01586,STORE-005,Apparel,BrandE,Online,UPC-594282952,SKU-APP-7151,Dress,4,4,2,309.64,159.53,150.11,78.71,1.3,0,0,2025-12-15 09:00:00,1,0,1
TXN-03-00317,STORE-008,Electronics,BrandB,In-Store,UPC-649226281,SKU-ELE-4970,Charger,2,2,2,125.6,76.71,48.89,65.51,2.71,0,0,2025-12-18 15:00:00,0,0,1
TXN-03-04832,STORE-001,Electronics,BrandG,Online,UPC-789664113,SKU-ELE-6737,Tablet,3,3,2,545.01,265.7,279.31,226.7,45.03,0,0,2025-12-08 11:00:00,1,0,1
TXN-03-01965,STORE-004,Grocery,BrandE,In-Store,UPC-942219089,SKU-GRO-9269,Snack Bar,4,4,2,248.72,106.98,141.74,80.06,17.88,0,0,2025-12-09 11:00:00,1,0,1
TXN-03-05529,STORE-009,Apparel,BrandD,In-Store,UPC-564417606,SKU-APP-7767,Jacket,3,3,1,767.58,421.66,345.92,364.28,108.42,0,0,2025-12-06 14:00:00,1,0,1
TXN-03-01395,STORE-005,Sports,BrandC,In-Store,UPC-399826409,SKU-SPO-9622,Backpack,3,3,2,784.59,576.36,208.23,329.02,67.49,0,0,2025-12-19 13:00:00,0,0,1
TXN-03-02408,STORE-017,Grocery,BrandE,Online,UPC-437620943,SKU-GRO-4256,Bread,7,7,4,403.9,279.72,124.18,75.78,18.08,0,0,2025-12-03 22:00:00,1,1,1
TXN-03-03997,STORE-011,Sports,BrandE,Mobile,UPC-851237755,SKU-SPO-6376,Jersey,2,2,0,164.48,69.47,95.01,99.11,16.87,0,0,2025-12-06 19:00:00,1,0,1
TXN-03-05253,STORE-005,Grocery,BrandA,Online,UPC-145634707,SKU-GRO-3364,Coffee,9,9,1,665.19,267.2,397.99,83.78,9.87,0,0,2025-12-24 03:00:00,0,1,1
TXN-03-05424,STORE-013,Home & Garden,BrandH,In-Store,UPC-675644812,SKU-HOM-4512,Hose,9,9,1,910.71,488.22,422.49,116.26,15.07,0,0,2025-12-27 16:00:00,0,0,1
TXN-03-06322,STORE-009,Grocery,BrandF,In-Store,UPC-305229558,SKU-GRO-8615,Juice,4,4,0,1134.6,656.69,477.91,317.69,34.04,0,0,2025-12-26 06:00:00,0,0,1
TXN-03-04695,STORE-012,Home & Garden,BrandB,Online,UPC-263565755,SKU-HOM-6360,Rug,4,4,3,314.72,159.66,155.06,103.89,25.21,0,0,2025-12-16 05:00:00,1,0,1
TXN-03-05328,STORE-017,Home & Garden,BrandA,Mobile,UPC-380746372,SKU-HOM-5175,Vase,7,7,1,2877.42,2025.33,852.09,423.62,12.56,0,0,2025-12-23 01:00:00,0,1,1
TXN-03-01585,STORE-001,Apparel,BrandF,In-Store,UPC-588407914,SKU-APP-7593,Socks,4,4,1,1196.48,701.63,494.85,300.85,1.73,1,0,2025-12-22 13:00:00,1,1,1
TXN-03-02992,STORE-010,Grocery,BrandG,In-Store,UPC-989052378,SKU-GRO-4618,Snack Bar,4,4,4,278.48,163.23,115.25,73.0,3.38,0,0,2025-12-04 11:00:00,1,0,1
TXN-03-03340,STORE-001,Grocery,BrandF,In-Store,UPC-581572535,SKU-GRO-1691,Coffee,2,2,0,141.24,64.96,76.28,87.52,16.9,0,0,2025-12-19 16:00:00,0,0,1
TXN-03-04628,STORE-018,Apparel,BrandD,Online,UPC-886223654,SKU-APP-1666,Hat,4,4,2,35.96,16.8,19.16,11.6,2.61,0,0,2025-12-30 05:00:00,1,0,1
TXN-03-05441,STORE-011,Home & Garden,BrandG,In-Store,UPC-284399481,SKU-HOM-1486,Rug,9,9,1,2462.04,1519.19,942.85,388.88,115.32,0,0,2025-12-08 03:00:00,0,0,1
TXN-03-00438,STORE-001,Apparel,BrandF,In-Store,UPC-506909995,SKU-APP-2269,Hat,5,5,4,425.6,230.81,194.79,90.85,5.73,0,0,2025-12-08 05:00:00,1,0,1
TXN-03-05327,STORE-020,Grocery,BrandG,In-Store,UPC-262163752,SKU-GRO-4844,Juice,7,7,3,387.45,282.74,104.71,79.05,23.7,0,0,2025-12-12 21:00:00,1,0,1
TXN-03-00384,STORE-008,Grocery,BrandD,In-Store,UPC-124205591,SKU-GRO-4865,Cereal,6,6,2,2187.9,1385.22,802.68,471.53,106.88,0,0,2025-12-30 15:00:00,1,0,1
TXN-03-05454,STORE-012,Sports,BrandE,In-Store,UPC-570954413,SKU-SPO-9927,Water Bottle,9,9,2,1690.65,911.91,778.74,188.38,0.53,1,0,2025-12-26 17:00:00,1,0,1
TXN-03-00411,STORE-013,Electronics,BrandG,Online,UPC-744151499,SKU-ELE-3099,Charger,4,4,0,1375.84,843.88,531.96,423.21,79.25,0,0,2025-12-26 02:00:00,1,0,1
TXN-03-02313,STORE-008,Grocery,BrandG,Online,UPC-515870912,SKU-GRO-5968,Bread,9,9,0,479.07,343.54,135.53,62.6,9.37,0,0,2025-12-20 04:00:00,0,0,1
TXN-03-03861,STORE-012,Apparel,BrandC,In-Store,UPC-982809692,SKU-APP-9720,Socks,2,2,3,211.58,137.14,74.44,139.31,33.52,0,0,2025-12-09 15:00:00,0,0,1
TXN-03-03019,STORE-016,Sports,BrandF,In-Store,UPC-270016091,SKU-SPO-1112,Backpack,2,2,0,518.24,211.33,306.91,341.52,82.4,0,0,2025-12-10 11:00:00,1,1,1
TXN-03-00557,STORE-003,Sports,BrandG,Online,UPC-839634028,SKU-SPO-1506,Water Bottle,6,6,3,1770.18,1216.84,553.34,334.99,39.96,0,0,2025-12-29 10:00:00,1,1,1
TXN-03-05721,STORE-010,Apparel,BrandD,In-Store,UPC-701198590,SKU-APP-4024,Jacket,3,3,2,272.7,149.39,123.31,92.76,1.86,0,0,2025-12-13 03:00:00,0,0,1
TXN-03-01794,STORE-009,Home & Garden,BrandC,In-Store,UPC-897179486,SKU-HOM-2525,Plant Pot,8,8,2,2061.36,859.2,1202.16,274.54,16.87,0,0,2025-12-27 08:00:00,1,1,1
TXN-03-03071,STORE-001,Electronics,BrandE,Online,UPC-894716386,SKU-ELE-1444,Tablet,3,3,3,559.47,408.06,151.41,229.47,42.98,0,0,2025-12-20 13:00:00,1,0,1
TXN-03-03143,STORE-016,Sports,BrandH,Mobile,UPC-803360530,SKU-SPO-8884,Dumbbell,6,6,3,226.44,120.96,105.48,41.43,3.69,0,0,2025-12-18 11:00:00,1,0,1
TXN-03-03387,STORE-007,Sports,BrandD,Online,UPC-189745807,SKU-SPO-6323,Backpack,2,2,1,88.44,44.36,44.08,49.18,4.96,0,0,2025-12-17 21:00:00,0,0,1
TXN-03-02448,STORE-020,Grocery,BrandF,In-Store,UPC-597197256,SKU-GRO-1325,Coffee,1,1,3,289.9,143.28,146.62,316.41,26.51,0,0,2025-12-07 11:00:00,1,0,1
TXN-03-01620,STORE-017,Grocery,BrandG,In-Store,UPC-818623319,SKU-GRO-7431,Pasta,9,9,0,3354.48,2061.94,1292.54,461.54,88.82,0,0,2025-12-25 05:00:00,1,0,1
TXN-03-02800,STORE-008,Electronics,BrandG,Online,UPC-380544585,SKU-ELE-3791,Headphones,4,4,2,1016.92,665.55,351.37,322.83,68.6,0,0,2025-12-27 03:00:00,1,1,1
TXN-03-05804,STORE-006,Apparel,BrandC,Online,UPC-833422696,SKU-APP-7638,Scarf,3,3,0,52.02,30.17,21.85,23.16,5.82,0,0,2025-12-23 13:00:00,1,0,1
TXN-03-02739,STORE-004,Home & Garden,BrandB,Mobile,UPC-565261560,SKU-HOM-3692,Hose,2,2,2,311.7,176.43,135.27,187.34,31.49,0,0,2025-12-03 16:00:00,0,1,1
TXN-03-03639,STORE-007,Electronics,BrandG,Online,UPC-300687739,SKU-ELE-8420,Monitor,6,6,3,1591.32,682.44,908.88,290.8,25.58,0,0,2025-12-24 19:00:00,1,0,1
TXN-03-02246,STORE-015,Home & Garden,BrandH,In-Store,UPC-950651605,SKU-HOM-7636,Chair,9,9,2,920.79,570.76,350.03,106.03,3.72,0,0,2025-12-30 18:00:00,1,0,1
TXN-03-05706,STORE-009,Sports,BrandH,In-Store,UPC-706679321,SKU-SPO-9000,Running Shoes,2,2,3,691.06,290.34,400.72,421.24,75.71,0,0,2025-12-24 17:00:00,1,1,1
TXN-03-04552,STORE-016,Sports,BrandH,In-Store,UPC-945790264,SKU-SPO-3571,Yoga Mat,1,1,1,103.57,46.07,57.5,136.1,32.53,0,0,2025-12-02 12:00:00,0,0,1
TXN-03-03560,STORE-014,Apparel,BrandB,Online,UPC-449545628,SKU-APP-4839,Jeans,1,1,4,232.57,111.02,121.55,311.29,78.72,0,0,2025-12-29 02:00:00,1,1,1
TXN-03-04504,STORE-016,Apparel,BrandC,Online,UPC-247785673,SKU-APP-5962,Hat,7,7,0,1958.11,1080.49,877.62,330.86,51.13,0,0,2025-12-07 07:00:00,1,1,1
TXN-03-01738,STORE-006,Home & Garden,BrandB,In-Store,UPC-911877952,SKU-HOM-4526,Lamp,4,4,4,848.76,405.26,443.5,217.86,5.67,0,0,2025-12-05 22:00:00,1,0,1
TXN-03-02471,STORE-018,Sports,BrandD,Mobile,UPC-655779460,SKU-SPO-4683,Running Shoes,2,2,0,294.98,155.07,139.91,149.28,1.79,0,0,2025-12-15 19:00:00,0,0,1
TXN-03-02885,STORE-009,Electronics,BrandE,Online,UPC-675957752,SKU-ELE-6955,Monitor,2,2,1,405.56,180.88,224.68,267.9,65.12,1,1,2025-12-02 11:00:00,1,0,1
TXN-03-04270,STORE-005,Electronics,BrandG,Mobile,UPC-241062794,SKU-ELE-8191,Tablet,6,6,1,753.48,448.24,305.24,168.15,42.57,0,0,2025-12-04 04:00:00,1,0,1
TXN-03-03431,STORE-020,Electronics,BrandA,Online,UPC-592181103,SKU-ELE-8729,Laptop,2,2,1,275.5,165.89,109.61,161.22,23.47,0,0,2025-12-13 16:00:00,1,1,1
TXN-03-01432,STORE-008,Apparel,BrandH,In-Store,UPC-643462017,SKU-APP-2445,Hat,8,8,0,2725.44,1224.76,1500.68,354.27,13.59,0,0,2025-12-23 19:00:00,1,0,1
TXN-03-03372,STORE-010,Apparel,BrandG,Mobile,UPC-448576308,SKU-APP-7989,Jacket,3,3,4,793.98,518.86,275.12,280.86,16.2,1,1,2025-12-26 01:00:00,0,0,1
TXN-03-02325,STORE-013,Home & Garden,BrandF,In-Store,UPC-988733447,SKU-HOM-1630,Lamp,9,9,1,510.84,236.71,274.13,65.75,8.99,0,0,2025-12-16 06:00:00,1,1,1
TXN-03-03604,STORE-020,Grocery,BrandA,In-Store,UPC-147994070,SKU-GRO-2080,Snack Bar,5,5,3,814.3,409.44,404.86,190.05,27.19,1,1,2025-12-02 15:00:00,0,1,1
TXN-03-03844,STORE-009,Apparel,BrandG,Online,UPC-953222265,SKU-APP-1853,Shoes,4,4,0,113.48,78.31,35.17,29.33,0.96,0,0,2025-12-03 18:00:00,0,0,1
TXN-03-01182,STORE-008,Home & Garden,BrandB,Online,UPC-669999222,SKU-HOM-2496,Chair,2,2,0,135.82,91.76,44.06,71.08,3.17,0,0,2025-12-24 09:00:00,0,0,1
TXN-03-00293,STORE-010,Grocery,BrandB,In-Store,UPC-856384790,SKU-GRO-1628,Snack Bar,2,2,4,718.96,303.99,414.97,417.6,58.12,0,0,2025-12-23 17:00:00,1,0,1
TXN-03-05232,STORE-019,Grocery,BrandF,Online,UPC-424399973,SKU-GRO-8987,Snack Bar,1,1,0,327.56,234.71,92.85,376.96,49.4,0,0,2025-12-03 07:00:00,1,1,1
TXN-03-03988,STORE-018,Apparel,BrandF,Online,UPC-485480483,SKU-APP-7299,T-Shirt,3,3,1,1185.87,493.93,691.94,411.22,15.93,0,0,2025-12-30 16:00:00,1,1,1
TXN-03-06134,STORE-019,Electronics,BrandG,Mobile,UPC-567001554,SKU-ELE-3864,Camera,7,7,1,3327.1,1407.23,1919.87,478.91,3.61,0,0,2025-12-02 07:00:00,1,0,1
TXN-03-03640,STORE-010,Sports,BrandC,Online,UPC-566082651,SKU-SPO-3427,Yoga Mat,4,4,0,1193.52,694.43,499.09,311.62,13.24,1,0,2025-12-20 11:00:00,0,1,1
TXN-03-04857,STORE-012,Electronics,BrandF,Online,UPC-226418933,SKU-ELE-5902,Camera,5,5,2,1684.1,859.5,824.6,433.16,96.34,0,0,2025-12-14 05:00:00,1,1,1
TXN-03-03873,STORE-011,Electronics,BrandA,Online,UPC-954960745,SKU-ELE-5616,Tablet,7,7,1,2960.72,1408.94,1551.78,446.27,23.31,0,0,2025-12-21 05:00:00,0,1,1
TXN-03-04456,STORE-016,Home & Garden,BrandH,Mobile,UPC-620339515,SKU-HOM-3867,Tool Set,2,2,2,777.56,574.66,202.9,435.66,46.88,0,0,2025-12-28 15:00:00,1,0,1
TXN-03-00570,STORE-001,Home & Garden,BrandE,In-Store,UPC-760209330,SKU-HOM-1514,Lamp,6,6,4,299.4,185.15,114.25,58.8,8.9,0,0,2025-12-29 14:00:00,1,0,1
TXN-03-04627,STORE-013,Sports,BrandC,Mobile,UPC-332158027,SKU-SPO-3884,Water Bottle,4,4,0,571.84,237.93,333.91,152.8,9.84,0,0,2025-12-19 21:00:00,0,0,1
TXN-03-03609,STORE-013,Electronics,BrandC,In-Store,UPC-471935510,SKU-ELE-7540,Tablet,4,4,1,544.2,336.51,207.69,174.26,38.21,1,0,2025-12-11 00:00:00,1,0,1
TXN-03-05735,STORE-020,Electronics,BrandC,In-Store,UPC-531839532,SKU-ELE-5192,Laptop,1,1,1,105.49,61.04,44.45,138.14,32.65,0,0,2025-12-23 21:00:00,1,0,1
TXN-03-01831,STORE-019,Grocery,BrandC,Online,UPC-231044913,SKU-GRO-1049,Pasta,3,3,4,624.72,411.79,212.93,273.52,65.28,1,0,2025-12-23 15:00:00,0,1,1
TXN-03-04233,STORE-009,Grocery,BrandC,In-Store,UPC-192020647,SKU-GRO-4076,Snack Bar,9,9,2,3804.21,1816.13,1988.08,435.72,13.03,1,0,2025-12-21 00:00:00,1,1,1
TXN-03-05247,STORE-010,Electronics,BrandC,Mobile,UPC-299671621,SKU-ELE-8728,Tablet,8,8,1,1403.28,704.01,699.27,208.47,33.06,0,0,2025-12-20 14:00:00,1,0,1
TXN-03-05401,STORE-020,Sports,BrandF,Online,UPC-767061599,SKU-SPO-4568,Water Bottle,8,8,1,1977.84,858.96,1118.88,345.03,97.8,0,0,2025-12-21 17:00:00,0,0,1
TXN-03-00535,STORE-003,Electronics,BrandF,Online,UPC-226229661,SKU-ELE-4669,Headphones,1,1,1,7.17,3.13,4.04,9.27,2.1,0,0,2025-12-08 13:00:00,0,0,1
TXN-03-03237,STORE-005,Apparel,BrandH,In-Store,UPC-170079628,SKU-APP-9843,Scarf,5,5,0,109.15,59.57,49.58,22.63,0.8,0,0,2025-12-01 21:00:00,1,1,1
TXN-03-02667,STORE-011,Electronics,BrandF,Online,UPC-553918278,SKU-ELE-2646,Monitor,8,8,0,2155.68,1603.63,552.05,313.22,43.76,0,0,2025-12-05 21:00:00,0,0,1
TXN-03-05772,STORE-006,Home & Garden,BrandE,In-Store,UPC-132463471,SKU-HOM-1499,Tool Set,5,5,1,762.75,547.3,215.45,165.79,13.24,0,0,2025-12-18 00:00:00,1,1,1
TXN-03-01680,STORE-006,Apparel,BrandF,In-Store,UPC-116621866,SKU-APP-5557,Hat,5,5,0,660.65,432.98,227.67,160.06,27.93,1,1,2025-12-02 20:00:00,0,0,1
TXN-03-00455,STORE-004,Sports,BrandH,In-Store,UPC-860356337,SKU-SPO-5593,Water Bottle,7,7,0,1259.02,536.7,722.32,225.29,45.43,0,0,2025-12-04 15:00:00,0,0,1
TXN-03-01441,STORE-019,Home & Garden,BrandE,In-Store,UPC-110290235,SKU-HOM-3813,Plant Pot,1,1,3,206.11,144.98,61.13,219.18,13.07,0,0,2025-12-25 21:00:00,1,0,1
TXN-03-00319,STORE-002,Sports,BrandB,In-Store,UPC-367137847,SKU-SPO-4727,Backpack,6,6,3,653.28,444.28,209.0,140.38,31.5,0,0,2025-12-18 02:00:00,1,0,1
TXN-03-02997,STORE-013,Home & Garden,BrandD,In-Store,UPC-813141233,SKU-HOM-5343,Chair,2,2,4,276.78,188.98,87.8,191.76,53.37,0,0,2025-12-11 10:00:00,1,1,1
TXN-03-02254,STORE-003,Grocery,BrandE,Online,UPC-798643237,SKU-GRO-3894,Coffee,4,4,0,417.92,197.39,220.53,145.85,41.37,0,0,2025-12-07 05:00:00,0,0,1
TXN-03-03446,STORE-009,Home & Garden,BrandA,In-Store,UPC-160855074,SKU-HOM-8884,Rug,4,4,3,1600.32,934.3,666.02,493.41,93.33,0,0,2025-12-08 11:00:00,1,0,1
TXN-03-02480,STORE-002,Grocery,BrandF,In-Store,UPC-655707818,SKU-GRO-2272,Rice,5,5,3,1290.9,653.39,637.51,266.15,7.97,0,0,2025-12-28 23:00:00,1,1,1
TXN-03-04462,STORE-005,Electronics,BrandE,In-Store,UPC-560483399,SKU-ELE-9442,Phone,6,6,1,1465.86,838.09,627.77,258.63,14.32,0,0,2025-12-07 15:00:00,1,0,1
TXN-03-04670,STORE-005,Grocery,BrandB,In-Store,UPC-794876761,SKU-GRO-7574,Pasta,3,3,0,14.16,6.07,8.09,6.07,1.35,0,0,2025-12-19 00:00:00,0,1,1
TXN-03-02940,STORE-003,Electronics,BrandA,Mobile,UPC-307737724,SKU-ELE-9614,Tablet,6,6,4,1101.66,660.98,440.68,186.23,2.62,0,0,2025-12-06 14:00:00,1,1,1
TXN-03-04587,STORE-017,Grocery,BrandC,In-Store,UPC-307750680,SKU-GRO-8386,Snack Bar,3,3,4,454.44,292.76,161.68,190.68,39.2,0,0,2025-12-02 01:00:00,1,0,1
TXN-03-03510,STORE-013,Apparel,BrandF,In-Store,UPC-992036277,SKU-APP-2591,Jeans,6,6,1,620.76,290.44,330.32,120.73,17.27,0,0,2025-12-04 13:00:00,1,0,1
TXN-03-00763,STORE-001,Grocery,BrandD,In-Store,UPC-976963462,SKU-GRO-5840,Pasta,2,2,4,183.88,107.37,76.51,125.56,33.62,0,0,2025-12-28 21:00:00,0,0,1
TXN-03-05899,STORE-013,Electronics,BrandC,In-Store,UPC-607926385,SKU-ELE-9197,Laptop,4,4,2,1358.48,935.19,423.29,409.13,69.51,0,0,2025-12-20 14:00:00,1,0,1
TXN-03-05173,STORE-007,Grocery,BrandB,In-Store,UPC-697018451,SKU-GRO-6635,Juice,6,6,0,876.42,506.9,369.52,190.63,44.56,0,0,2025-12-23 10:00:00,1,0,1
TXN-03-01165,STORE-011,Sports,BrandF,In-Store,UPC-386336075,SKU-SPO-5321,Resistance Band,4,4,3,807.4,436.91,370.49,254.0,52.15,0,0,2025-12-09 14:00:00,1,0,1
TXN-03-00048,STORE-012,Electronics,BrandD,In-Store,UPC-963524429,SKU-ELE-9103,Phone,6,6,2,1530.9,814.78,716.12,335.64,80.49,1,0,2025-12-30 18:00:00,1,0,1
TXN-03-04337,STORE-002,Sports,BrandH,In-Store,UPC-628973364,SKU-SPO-1114,Yoga Mat,7,7,1,534.38,352.87,181.51,79.86,3.52,0,0,2025-12-05 13:00:00,1,0,1
TXN-03-04545,STORE-007,Electronics,BrandE,Online,UPC-846325608,SKU-ELE-9655,Camera,7,7,4,1005.9,740.23,265.67,186.71,43.01,0,0,2025-12-20 07:00:00,1,0,1
TXN-03-03353,STORE-006,Electronics,BrandE,In-Store,UPC-641020549,SKU-ELE-3737,Camera,2,2,0,235.54,166.88,68.66,130.12,12.35,0,0,2025-12-25 12:00:00,0,1,1
TXN-03-00919,STORE-015,Home & Garden,BrandA,Online,UPC-841877095,SKU-HOM-6215,Cushion,6,6,2,1597.56,965.52,632.04,320.26,54.0,0,0,2025-12-10 23:00:00,0,1,1
TXN-03-05098,STORE-003,Sports,BrandC,In-Store,UPC-282165970,SKU-SPO-6386,Jersey,8,8,2,2270.32,1606.3,664.02,293.76,9.97,0,0,2025-12-06 16:00:00,1,0,1
TXN-03-04262,STORE-014,Electronics,BrandA,In-Store,UPC-252959058,SKU-ELE-5332,Phone,8,8,4,1525.76,630.81,894.95,193.45,2.73,1,0,2025-12-25 11:00:00,1,0,1
TXN-03-03229,STORE-011,Grocery,BrandE,In-Store,UPC-971875336,SKU-GRO-4593,Rice,3,3,0,756.45,456.35,300.1,338.71,86.56,0,0,2025-12-16 01:00:00,1,0,1
TXN-03-00449,STORE-013,Home & Garden,BrandD,In-Store,UPC-843434420,SKU-HOM-5566,Plant Pot,8,8,3,735.12,412.92,322.2,123.72,31.83,0,0,2025-12-02 02:00:00,1,1,1
TXN-03-05414,STORE-010,Home & Garden,BrandD,Online,UPC-239762337,SKU-HOM-7415,Vase,6,6,4,454.5,199.27,255.23,96.72,20.97,0,0,2025-12-08 04:00:00,1,0,1
TXN-03-01851,STORE-014,Home & Garden,BrandG,In-Store,UPC-242734038,SKU-HOM-1137,Rug,6,6,4,1871.64,1387.97,483.67,361.57,49.63,0,0,2025-12-13 01:00:00,0,0,1
TXN-03-05276,STORE-006,Apparel,BrandD,In-Store,UPC-989486323,SKU-APP-1168,Jeans,5,5,1,1770.3,1150.09,620.21,400.2,46.14,0,0,2025-12-19 08:00:00,0,0,1
TXN-03-02536,STORE-009,Grocery,BrandE,Online,UPC-190192279,SKU-GRO-4480,Juice,9,9,0,46.62,31.95,14.67,7.04,1.86,0,0,2025-12-11 19:00:00,1,1,1
TXN-03-04019,STORE-015,Home & Garden,BrandB,In-Store,UPC-621468538,SKU-HOM-9933,Cushion,7,7,2,2844.66,1609.65,1235.01,417.83,11.45,1,1,2025-12-19 07:00:00,1,0,1
TXN-03-02541,STORE-016,Sports,BrandF,Mobile,UPC-631585846,SKU-SPO-1572,Jersey,6,6,3,2269.02,1668.54,600.48,491.26,113.09,0,0,2025-12-18 17:00:00,1,0,1
TXN-03-03625,STORE-008,Sports,BrandH,In-Store,UPC-574440166,SKU-SPO-9101,Yoga Mat,2,2,1,865.22,493.71,371.51,487.85,55.24,0,0,2025-12-07 04:00:00,0,0,1
TXN-03-03228,STORE-006,Apparel,BrandB,In-Store,UPC-779411982,SKU-APP-2782,Hat,7,7,4,2773.19,1116.84,1656.35,443.17,47.0,0,0,2025-12-19 03:00:00,1,0,1
TXN-03-02527,STORE-017,Apparel,BrandD,Online,UPC-675860177,SKU-APP-9034,Shoes,3,3,4,321.33,172.93,148.4,116.96,9.85,1,0,2025-12-30 19:00:00,0,1,1
TXN-03-02136,STORE-008,Home & Garden,BrandD,Online,UPC-902813490,SKU-HOM-3478,Plant Pot,4,4,0,1242.4,508.17,734.23,313.82,3.22,1,0,2025-12-16 17:00:00,1,0,1
TXN-03-05645,STORE-002,Grocery,BrandC,Online,UPC-987269117,SKU-GRO-6607,Milk,2,2,3,50.94,27.73,23.21,32.89,7.42,1,0,2025-12-03 11:00:00,1,1,1
TXN-03-01689,STORE-014,Apparel,BrandF,Online,UPC-336131800,SKU-APP-8783,Hat,6,6,1,174.96,97.43,77.53,33.36,4.2,0,0,2025-12-18 17:00:00,1,0,1
TXN-03-06325,STORE-004,Electronics,BrandA,Online,UPC-959536973,SKU-ELE-1791,Charger,3,3,1,85.32,36.18,49.14,31.86,3.42,0,0,2025-12-23 23:00:00,1,0,1
TXN-03-02641,STORE-013,Home & Garden,BrandH,Online,UPC-276557977,SKU-HOM-7091,Chair,5,5,1,1296.1,554.51,741.59,366.63,107.41,0,0,2025-12-03 09:00:00,1,0,1
TXN-03-04341,STORE-004,Apparel,BrandB,In-Store,UPC-166761351,SKU-APP-5061,Jeans,7,7,1,517.37,276.64,240.73,75.8,1.89,1,0,2025-12-30 00:00:00,0,0,1
TXN-03-04614,STORE-004,Home & Garden,BrandG,Online,UPC-593821904,SKU-HOM-7968,Vase,9,9,1,589.68,304.46,285.22,75.72,10.2,0,0,2025-12-20 01:00:00,0,0,1
TXN-03-01739,STORE-018,Grocery,BrandA,In-Store,UPC-465022845,SKU-GRO-4681,Rice,4,4,3,1021.08,619.84,401.24,280.55,25.28,0,0,2025-12-18 14:00:00,0,0,1
TXN-03-01061,STORE-015,Sports,BrandB,In-Store,UPC-447126222,SKU-SPO-2300,Resistance Band,1,1,3,292.0,216.77,75.23,383.26,91.26,1,0,2025-12-25 13:00:00,1,0,1
TXN-03-05973,STORE-007,Electronics,BrandD,Online,UPC-639987276,SKU-ELE-9256,Speaker,1,1,1,202.15,93.3,108.85,208.38,6.23,1,0,2025-12-06 21:00:00,1,0,1
TXN-03-02236,STORE-015,Apparel,BrandE,In-Store,UPC-300996592,SKU-APP-3513,Dress,2,2,2,882.34,465.33,417.01,461.05,19.88,0,0,2025-12-07 16:00:00,0,0,1
TXN-03-04625,STORE-011,Apparel,BrandE,In-Store,UPC-174829135,SKU-APP-6293,Jeans,8,8,2,2802.8,1726.18,1076.62,433.67,83.32,0,0,2025-12-23 13:00:00,0,1,1
TXN-03-05372,STORE-012,Sports,BrandF,Mobile,UPC-495084178,SKU-SPO-4034,Cap,8,8,1,2006.8,1254.42,752.38,255.6,4.75,0,0,2025-12-25 03:00:00,0,1,1
TXN-03-06255,STORE-019,Home & Garden,BrandA,Online,UPC-290335718,SKU-HOM-7121,Plant Pot,3,3,3,481.11,215.06,266.05,162.69,2.32,0,0,2025-12-24 15:00:00,0,1,1
TXN-03-05336,STORE-001,Electronics,BrandH,In-Store,UPC-161018357,SKU-ELE-4618,Charger,7,7,4,267.54,180.97,86.57,49.62,11.4,0,0,2025-12-24 19:00:00,1,1,1
TXN-03-02168,STORE-017,Grocery,BrandA,In-Store,UPC-162222004,SKU-GRO-2270,Milk,9,9,0,4027.77,1832.45,2195.32,469.91,22.38,0,0,2025-12-06 20:00:00,1,1,1
TXN-03-02975,STORE-002,Electronics,BrandE,In-Store,UPC-779442937,SKU-ELE-1991,Laptop,3,3,3,110.97,49.03,61.94,42.0,5.01,0,0,2025-12-11 03:00:00,1,0,1
TXN-03-02416,STORE-009,Grocery,BrandE,Online,UPC-186883484,SKU-GRO-5785,Rice,3,3,2,739.65,492.38,247.27,258.72,12.17,0,0,2025-12-30 02:00:00,1,0,1
TXN-03-01044,STORE-009,Electronics,BrandG,In-Store,UPC-788673601,SKU-ELE-9700,Laptop,1,1,0,128.62,80.3,48.32,141.05,12.43,0,0,2025-12-30 05:00:00,1,0,1
TXN-03-01970,STORE-006,Apparel,BrandD,Mobile,UPC-958353251,SKU-APP-7957,Socks,2,2,2,763.88,370.84,393.04,483.53,101.59,0,0,2025-12-17 11:00:00,0,0,1
TXN-03-02847,STORE-016,Electronics,BrandD,Mobile,UPC-409095087,SKU-ELE-2156,Tablet,6,6,0,550.2,369.26,180.94,113.8,22.1,0,0,2025-12-02 05:00:00,0,0,1
TXN-03-00654,STORE-014,Home & Garden,BrandC,In-Store,UPC-864785176,SKU-HOM-8885,Rug,9,9,3,2505.87,1244.99,1260.88,329.75,51.32,0,0,2025-12-19 06:00:00,0,1,1
TXN-03-04712,STORE-002,Electronics,BrandA,In-Store,UPC-138180496,SKU-ELE-3761,Phone,9,9,2,1678.95,1142.57,536.38,201.69,15.14,0,0,2025-12-18 13:00:00,1,1,1
TXN-03-02088,STORE-003,Electronics,BrandE,In-Store,UPC-953842279,SKU-ELE-8789,Monitor,1,1,2,80.2,38.87,41.33,107.48,27.28,0,0,2025-12-18 14:00:00,1,0,1
TXN-03-00002,STORE-011,Apparel,BrandF,In-Store,UPC-535316689,SKU-APP-1922,Scarf,5,5,2,203.3,151.49,51.81,48.92,8.26,0,0,2025-12-04 16:00:00,0,0,1
TXN-03-02589,STORE-017,Sports,BrandF,In-Store,UPC-372930143,SKU-SPO-8599,Yoga Mat,4,4,2,465.44,270.29,195.15,130.27,13.91,0,0,2025-12-10 19:00:00,1,0,1
TXN-03-05316,STORE-001,Apparel,BrandF,In-Store,UPC-916721053,SKU-APP-3752,Socks,7,7,3,2497.18,1208.39,1288.79,374.55,17.81,0,0,2025-12-07 23:00:00,0,1,1
TXN-03-00960,STORE-016,Grocery,BrandG,In-Store,UPC-196110281,SKU-GRO-5639,Coffee,4,4,4,1564.88,895.17,669.71,457.06,65.84,0,0,2025-12-10 03:00:00,1,0,1
TXN-03-05883,STORE-014,Home & Garden,BrandF,Online,UPC-951738903,SKU-HOM-1138,Plant Pot,8,8,2,2107.76,1219.16,888.6,309.54,46.07,0,0,2025-12-23 00:00:00,1,0,1
TXN-03-00733,STORE-003,Grocery,BrandG,Mobile,UPC-369619921,SKU-GRO-3082,Pasta,6,6,1,154.56,108.43,46.13,35.36,9.6,0,0,2025-12-24 21:00:00,1,1,1
TXN-03-00146,STORE-013,Grocery,BrandG,Online,UPC-242808617,SKU-GRO-4694,Snack Bar,3,3,4,1045.47,535.0,510.47,425.23,76.74,0,0,2025-12-26 01:00:00,1,0,1
TXN-03-02633,STORE-011,Home & Garden,BrandB,In-Store,UPC-325769398,SKU-HOM-2233,Tool Set,2,2,0,723.5,511.51,211.99,365.86,4.11,0,0,2025-12-16 00:00:00,0,0,1
TXN-03-00100,STORE-001,Home & Garden,BrandG,In-Store,UPC-367495487,SKU-HOM-7363,Hose,2,2,4,49.72,29.8,19.92,32.25,7.39,0,0,2025-12-09 08:00:00,1,0,1
TXN-03-01308,STORE-005,Apparel,BrandF,In-Store,UPC-120510618,SKU-APP-1524,Socks,9,9,4,2490.66,1619.09,871.57,372.11,95.37,0,0,2025-12-29 04:00:00,1,0,1
TXN-03-01711,STORE-010,Electronics,BrandG,In-Store,UPC-837855054,SKU-ELE-4026,Laptop,7,7,0,1558.76,770.52,788.24,242.93,20.25,0,0,2025-12-09 19:00:00,1,0,1
TXN-03-01229,STORE-007,Grocery,BrandE,In-Store,UPC-878543041,SKU-GRO-6264,Cereal,4,4,1,506.0,374.03,131.97,178.04,51.54,1,0,2025-12-07 09:00:00,1,0,1
TXN-03-05346,STORE-019,Grocery,BrandF,In-Store,UPC-553361796,SKU-GRO-6453,Milk,6,6,2,94.92,60.38,34.54,19.98,4.16,0,0,2025-12-21 17:00:00,1,0,1
TXN-03-01611,STORE-016,Home & Garden,BrandF,In-Store,UPC-290133745,SKU-HOM-1320,Hose,6,6,3,1116.66,806.3,310.36,247.59,61.48,0,0,2025-12-27 02:00:00,0,0,1
TXN-03-04309,STORE-006,Home & Garden,BrandG,Online,UPC-619635486,SKU-HOM-4974,Chair,7,7,0,2077.95,997.85,1080.1,356.08,59.23,0,0,2025-12-09 01:00:00,0,1,1
TXN-03-04120,STORE-011,Home & Garden,BrandE,In-Store,UPC-183941183,SKU-HOM-1347,Lamp,4,4,2,409.52,169.4,240.12,146.05,43.67,0,0,2025-12-15 17:00:00,1,1,1
TXN-03-05750,STORE-002,Grocery,BrandB,In-Store,UPC-419276862,SKU-GRO-3408,Cereal,8,8,0,1931.12,902.04,1029.08,254.74,13.35,0,0,2025-12-10 05:00:00,0,1,1
TXN-03-04607,STORE-012,Electronics,BrandD,In-Store,UPC-545339411,SKU-ELE-7874,Tablet,5,5,1,2252.95,1480.08,772.87,490.11,39.52,0,0,2025-12-01 09:00:00,1,1,1
TXN-03-01821,STORE-011,Grocery,BrandA,Online,UPC-702605159,SKU-GRO-3805,Pasta,1,1,4,360.38,204.34,156.04,396.11,35.73,0,0,2025-12-05 19:00:00,0,0,1
TXN-03-05724,STORE-014,Electronics,BrandE,In-Store,UPC-391573964,SKU-ELE-1585,Charger,4,4,0,1000.08,636.86,363.22,308.31,58.29,0,0,2025-12-15 06:00:00,1,0,1
TXN-03-00864,STORE-001,Grocery,BrandC,In-Store,UPC-609971219,SKU-GRO-5836,Bread,6,6,3,945.54,694.75,250.79,198.77,41.18,0,0,2025-12-08 14:00:00,0,0,1
TXN-03-03859,STORE-018,Electronics,BrandH,In-Store,UPC-402356867,SKU-ELE-8697,Tablet,1,1,4,215.8,90.62,125.18,290.72,74.92,0,0,2025-12-12 06:00:00,0,0,1
TXN-03-05422,STORE-017,Electronics,BrandH,In-Store,UPC-354093190,SKU-ELE-5610,Tablet,2,2,0,141.62,60.84,80.78,96.14,25.33,0,0,2025-12-01 19:00:00,1,1,1
TXN-03-01980,STORE-005,Home & Garden,BrandD,In-Store,UPC-156715672,SKU-HOM-1112,Lamp,6,6,2,710.58,287.82,422.76,131.01,12.58,0,0,2025-12-10 08:00:00,1,0,1
TXN-03-01472,STORE-007,Sports,BrandG,Online,UPC-286407334,SKU-SPO-9427,Running Shoes,5,5,1,355.1,243.86,111.24,88.52,17.5,0,0,2025-12-14 01:00:00,0,1,1
TXN-03-02149,STORE-004,Sports,BrandH,In-Store,UPC-866688290,SKU-SPO-1331,Resistance Band,9,9,1,2102.4,1511.49,590.91,323.72,90.12,1,1,2025-12-15 22:00:00,1,0,1
TXN-03-02505,STORE-006,Apparel,BrandE,Online,UPC-911459424,SKU-APP-1890,T-Shirt,6,6,2,757.14,469.89,287.25,165.98,39.79,0,0,2025-12-03 02:00:00,1,1,1
TXN-03-01811,STORE-017,Grocery,BrandB,Mobile,UPC-936149103,SKU-GRO-4153,Milk,2,2,3,409.94,284.78,125.16,229.48,24.51,0,0,2025-12-07 11:00:00,0,1,1
TXN-03-05503,STORE-010,Sports,BrandF,In-Store,UPC-418994957,SKU-SPO-6397,Jersey,6,6,3,1987.98,1412.17,575.81,338.77,7.44,0,0,2025-12-10 21:00:00,1,0,1
TXN-03-00243,STORE-009,Grocery,BrandC,Mobile,UPC-482628639,SKU-GRO-4559,Bread,7,7,3,1374.38,760.87,613.51,279.35,83.01,1,0,2025-12-27 09:00:00,0,0,1
TXN-03-01961,STORE-006,Apparel,BrandA,In-Store,UPC-600203145,SKU-APP-9068,Socks,4,4,1,1335.08,912.22,422.86,438.74,104.97,1,0,2025-12-22 16:00:00,1,0,1
TXN-03-05646,STORE-018,Apparel,BrandC,Mobile,UPC-597603059,SKU-APP-1344,Jeans,7,7,1,1253.63,748.52,505.11,198.27,19.18,0,0,2025-12-26 22:00:00,1,0,1
TXN-03-03191,STORE-017,Electronics,BrandG,Mobile,UPC-742306531,SKU-ELE-9136,Phone,6,6,3,1938.54,1288.17,650.37,357.72,34.63,0,0,2025-12-04 19:00:00,1,1,1
TXN-03-05634,STORE-003,Electronics,BrandG,In-Store,UPC-430844337,SKU-ELE-8116,Charger,4,4,3,482.44,297.6,184.84,121.5,0.89,0,0,2025-12-06 23:00:00,0,0,1
TXN-03-00926,STORE-017,Grocery,BrandF,Online,UPC-248771585,SKU-GRO-3364,Bread,9,9,1,4060.44,2170.99,1889.45,466.6,15.44,0,0,2025-12-20 16:00:00,1,0,1
TXN-03-04826,STORE-007,Apparel,BrandB,In-Store,UPC-719846115,SKU-APP-2235,Shoes,9,9,2,1910.88,1398.51,512.37,239.99,27.67,0,0,2025-12-18 16:00:00,0,0,1
TXN-03-00532,STORE-011,Home & Garden,BrandF,Online,UPC-855881133,SKU-HOM-4810,Chair,7,7,4,812.63,345.88,466.75,152.79,36.7,0,0,2025-12-21 20:00:00,0,0,1
TXN-03-04688,STORE-016,Electronics,BrandD,Online,UPC-143063123,SKU-ELE-5791,Laptop,3,3,3,818.37,496.77,321.6,378.3,105.51,0,0,2025-12-05 08:00:00,0,0,1
TXN-03-05400,STORE-016,Apparel,BrandE,Mobile,UPC-375173854,SKU-APP-7556,Jacket,8,8,3,3324.16,1367.47,1956.69,446.38,30.86,0,0,2025-12-13 15:00:00,1,1,1
TXN-03-04123,STORE-010,Apparel,BrandD,In-Store,UPC-885532567,SKU-APP-5353,T-Shirt,1,1,1,337.28,243.56,93.72,345.97,8.69,0,0,2025-12-20 15:00:00,0,1,1
TXN-03-00208,STORE-017,Apparel,BrandE,In-Store,UPC-847154766,SKU-APP-3498,Socks,1,1,3,442.08,295.82,146.26,489.73,47.65,0,0,2025-12-29 06:00:00,0,0,1
TXN-03-03331,STORE-002,Apparel,BrandF,Online,UPC-286694353,SKU-APP-5716,Jeans,7,7,1,797.51,511.11,286.4,160.08,46.15,1,1,2025-12-04 16:00:00,0,0,1
TXN-03-03810,STORE-019,Grocery,BrandE,In-Store,UPC-326727629,SKU-GRO-4490,Bread,2,2,4,554.1,352.62,201.48,308.74,31.69,0,0,2025-12-29 06:00:00,1,0,1
TXN-03-02475,STORE-019,Grocery,BrandH,Mobile,UPC-769848474,SKU-GRO-7112,Juice,5,5,3,1795.75,917.52,878.23,374.97,15.82,0,0,2025-12-25 11:00:00,0,0,1
TXN-03-05764,STORE-011,Electronics,BrandA,Mobile,UPC-940561369,SKU-ELE-5054,Monitor,2,2,3,648.7,359.93,288.77,345.99,21.64,0,0,2025-12-16 13:00:00,1,0,1
TXN-03-06387,STORE-008,Grocery,BrandE,In-Store,UPC-431827965,SKU-GRO-1792,Bread,5,5,0,1322.1,972.84,349.26,365.59,101.17,0,0,2025-12-16 02:00:00,1,0,1
TXN-03-01164,STORE-006,Electronics,BrandD,Mobile,UPC-778458275,SKU-ELE-3765,Speaker,3,3,2,222.27,117.35,104.92,89.15,15.06,0,0,2025-12-02 17:00:00,1,0,1
TXN-03-05249,STORE-002,Home & Garden,BrandD,Mobile,UPC-334379187,SKU-HOM-2665,Chair,4,4,1,1300.68,602.83,697.85,348.86,23.69,0,0,2025-12-16 17:00:00,1,0,1
TXN-03-03602,STORE-017,Home & Garden,BrandG,Mobile,UPC-246266058,SKU-HOM-1629,Rug,4,4,2,1963.68,957.77,1005.91,491.56,0.64,0,0,2025-12-12 15:00:00,0,0,1
TXN-03-01393,STORE-006,Apparel,BrandH,In-Store,UPC-851905509,SKU-APP-7506,Socks,3,3,4,1350.69,790.69,560.0,466.39,16.16,0,0,2025-12-14 19:00:00,1,0,1
TXN-03-02904,STORE-018,Apparel,BrandC,In-Store,UPC-800417362,SKU-APP-2794,Jacket,5,5,1,482.15,330.66,151.49,104.9,8.47,0,0,2025-12-24 10:00:00,0,1,1
TXN-03-06126,STORE-016,Home & Garden,BrandE,Online,UPC-251116779,SKU-HOM-3857,Cushion,1,1,1,419.46,279.5,139.96,434.76,15.3,0,0,2025-12-15 14:00:00,1,0,1
TXN-03-03043,STORE-005,Grocery,BrandA,In-Store,UPC-596981956,SKU-GRO-2452,Bread,4,4,4,1315.36,786.14,529.22,436.94,108.1,0,0,2025-12-06 16:00:00,1,1,1
TXN-03-00066,STORE-020,Grocery,BrandC,Mobile,UPC-462470956,SKU-GRO-5643,Coffee,8,8,3,3032.96,1487.9,1545.06,497.29,118.17,0,0,2025-12-19 03:00:00,1,1,1
TXN-03-02060,STORE-005,Grocery,BrandB,Mobile,UPC-736504680,SKU-GRO-3834,Snack Bar,5,5,1,1353.0,972.61,380.39,275.19,4.59,0,0,2025-12-30 16:00:00,1,0,1
TXN-03-02874,STORE-019,Sports,BrandA,In-Store,UPC-647210633,SKU-SPO-2136,Jersey,2,2,4,504.0,300.2,203.8,271.19,19.19,1,0,2025-12-16 19:00:00,0,0,1
TXN-03-00403,STORE-009,Home & Garden,BrandG,In-Store,UPC-716723635,SKU-HOM-3079,Plant Pot,5,5,1,1547.75,847.85,699.9,432.36,122.81,0,0,2025-12-10 03:00:00,1,0,1
TXN-03-05118,STORE-011,Home & Garden,BrandB,In-Store,UPC-247019053,SKU-HOM-5447,Plant Pot,9,9,1,3103.02,2149.39,953.63,348.26,3.48,0,0,2025-12-20 11:00:00,1,0,1
TXN-03-01233,STORE-008,Apparel,BrandD,Online,UPC-449857211,SKU-APP-4779,T-Shirt,8,8,1,1607.28,1023.24,584.04,248.13,47.22,0,0,2025-12-22 13:00:00,1,0,1
TXN-03-01304,STORE-017,Sports,BrandA,Online,UPC-175368336,SKU-SPO-3765,Backpack,6,6,0,2479.68,1090.14,1389.54,475.4,62.12,0,0,2025-12-22 23:00:00,1,0,1
TXN-03-02048,STORE-014,Apparel,BrandG,In-Store,UPC-718322254,SKU-APP-4543,Dress,1,1,2,360.58,225.2,135.38,489.54,128.96,0,0,2025-12-27 15:00:00,0,0,1
TXN-03-05104,STORE-006,Sports,BrandH,Mobile,UPC-339436211,SKU-SPO-2160,Jersey,4,4,2,606.0,294.48,311.52,153.0,1.5,0,0,2025-12-04 05:00:00,1,0,1
TXN-03-02051,STORE-016,Electronics,BrandD,Online,UPC-469953736,SKU-ELE-5635,Phone,5,5,3,1299.5,722.09,577.41,339.22,79.32,0,0,2025-12-07 10:00:00,1,1,1
TXN-03-01343,STORE-012,Grocery,BrandE,Online,UPC-711780658,SKU-GRO-9845,Milk,3,3,3,787.95,493.58,294.37,282.77,20.12,0,0,2025-12-22 12:00:00,0,0,1
TXN-03-04174,STORE-004,Electronics,BrandB,Mobile,UPC-177472975,SKU-ELE-7486,Phone,6,6,0,587.46,427.95,159.51,123.87,25.96,0,0,2025-12-30 03:00:00,1,1,1
TXN-03-05971,STORE-013,Electronics,BrandD,In-Store,UPC-256211155,SKU-ELE-6940,Headphones,8,8,4,1093.84,469.58,624.26,177.08,40.35,0,0,2025-12-05 10:00:00,1,0,1
TXN-03-00336,STORE-004,Apparel,BrandE,In-Store,UPC-747276003,SKU-APP-3480,Scarf,4,4,0,295.28,182.67,112.61,80.35,6.53,0,0,2025-12-23 16:00:00,1,1,1
TXN-03-00225,STORE-007,Electronics,BrandH,In-Store,UPC-835834817,SKU-ELE-3124,Speaker,7,7,4,1531.67,924.04,607.63,239.68,20.87,0,0,2025-12-26 15:00:00,1,0,1
TXN-03-01989,STORE-016,Apparel,BrandC,In-Store,UPC-290579389,SKU-APP-7190,Scarf,1,1,3,317.16,235.45,81.71,406.29,89.13,0,0,2025-12-13 21:00:00,0,0,1
TXN-03-05872,STORE-004,Electronics,BrandB,Online,UPC-410369491,SKU-ELE-4386,Speaker,1,1,3,63.09,29.82,33.27,75.15,12.06,0,0,2025-12-02 05:00:00,0,0,1
TXN-03-04454,STORE-018,Apparel,BrandD,In-Store,UPC-573040677,SKU-APP-5673,Dress,9,9,3,1741.95,1163.69,578.26,198.47,4.92,0,0,2025-12-24 04:00:00,1,0,1
TXN-03-04913,STORE-009,Grocery,BrandB,In-Store,UPC-412859609,SKU-GRO-5202,Juice,2,2,1,712.64,310.38,402.26,375.81,19.49,0,0,2025-12-16 01:00:00,1,0,1
TXN-03-04569,STORE-009,Sports,BrandC,Online,UPC-878126977,SKU-SPO-8085,Backpack,3,3,1,869.73,482.83,386.9,325.15,35.24,0,0,2025-12-23 20:00:00,0,0,1
TXN-03-00294,STORE-019,Home & Garden,BrandE,Online,UPC-508533538,SKU-HOM-7220,Hose,7,7,0,1845.97,776.37,1069.6,340.7,76.99,0,0,2025-12-08 08:00:00,1,1,1
TXN-03-03817,STORE-019,Electronics,BrandA,In-Store,UPC-522201975,SKU-ELE-9311,Monitor,3,3,0,291.24,143.31,147.93,122.16,25.08,0,0,2025-12-08 08:00:00,1,1,1
TXN-03-06182,STORE-008,Sports,BrandB,Mobile,UPC-145418543,SKU-SPO-5149,Resistance Band,2,2,4,550.52,300.46,250.06,381.46,106.2,1,0,2025-12-04 02:00:00,1,0,1
TXN-03-01030,STORE-011,Apparel,BrandD,Online,UPC-736841057,SKU-APP-3540,Scarf,6,6,2,54.0,21.74,32.26,11.13,2.13,0,0,2025-12-12 19:00:00,1,1,1
TXN-03-00394,STORE-020,Grocery,BrandC,In-Store,UPC-532382744,SKU-GRO-2560,Coffee,9,9,2,903.42,405.74,497.68,106.75,6.37,0,0,2025-12-21 22:00:00,0,0,1
TXN-03-06165,STORE-010,Apparel,BrandC,In-Store,UPC-618377989,SKU-APP-1114,Hat,5,5,3,1696.9,729.23,967.67,352.24,12.86,0,0,2025-12-21 18:00:00,0,1,1
TXN-03-05185,STORE-006,Electronics,BrandE,Online,UPC-836633130,SKU-ELE-3650,Speaker,2,2,0,212.2,155.59,56.61,142.81,36.71,0,0,2025-12-09 01:00:00,1,1,1
TXN-03-04544,STORE-010,Apparel,BrandF,In-Store,UPC-930077428,SKU-APP-7751,T-Shirt,4,4,0,298.52,144.37,154.15,79.05,4.42,0,0,2025-12-07 13:00:00,1,0,1
TXN-03-01235,STORE-012,Electronics,BrandA,Online,UPC-946622289,SKU-ELE-3666,Phone,8,8,2,1243.28,619.14,624.14,195.32,39.91,0,0,2025-12-13 05:00:00,0,0,1
TXN-03-00291,STORE-003,Apparel,BrandG,In-Store,UPC-121763107,SKU-APP-1656,Socks,9,9,1,3420.63,2106.45,1314.18,461.09,81.02,0,0,2025-12-30 21:00:00,1,0,1
TXN-03-05326,STORE-009,Apparel,BrandE,In-Store,UPC-362873247,SKU-APP-1605,Jacket,4,4,2,209.88,87.53,122.35,57.39,4.92,0,0,2025-12-09 08:00:00,1,0,1
TXN-03-05722,STORE-008,Sports,BrandH,In-Store,UPC-128695376,SKU-SPO-1958,Jersey,5,5,3,94.45,43.76,50.69,24.15,5.26,0,0,2025-12-26 23:00:00,0,1,1
TXN-03-04564,STORE-019,Sports,BrandH,Online,UPC-298480907,SKU-SPO-3978,Jersey,2,2,0,820.98,506.92,314.06,417.98,7.49,0,0,2025-12-06 15:00:00,0,0,1
TXN-03-02490,STORE-020,Home & Garden,BrandC,Online,UPC-566947734,SKU-HOM-1458,Plant Pot,8,8,1,3017.92,1959.58,1058.34,495.42,118.18,0,0,2025-12-15 20:00:00,1,1,1
TXN-03-02823,STORE-010,Electronics,BrandE,Mobile,UPC-190645744,SKU-ELE-2550,Speaker,8,8,4,3757.92,1788.94,1968.98,472.84,3.1,0,0,2025-12-17 08:00:00,1,1,1
TXN-03-05492,STORE-006,Grocery,BrandA,Online,UPC-509484069,SKU-GRO-1354,Juice,9,9,2,2169.99,1611.11,558.88,241.43,0.32,0,0,2025-12-19 15:00:00,1,0,1
TXN-03-02508,STORE-005,Home & Garden,BrandH,Online,UPC-742304176,SKU-HOM-1137,Cushion,5,5,0,57.5,27.3,30.2,15.08,3.58,0,0,2025-12-18 18:00:00,1,0,1
TXN-03-01254,STORE-009,Home & Garden,BrandD,Online,UPC-366849788,SKU-HOM-3736,Tool Set,7,7,0,90.72,38.6,52.12,17.79,4.83,0,0,2025-12-10 08:00:00,0,1,1
TXN-03-04412,STORE-007,Apparel,BrandH,Mobile,UPC-465106822,SKU-APP-2047,Dress,4,4,2,587.76,315.9,271.86,206.58,59.64,1,0,2025-12-20 08:00:00,1,0,1
TXN-03-04086,STORE-015,Electronics,BrandA,Mobile,UPC-335484506,SKU-ELE-6952,Charger,7,7,3,1954.33,1108.15,846.18,282.12,2.93,0,0,2025-12-27 00:00:00,0,0,1
TXN-03-01349,STORE-016,Electronics,BrandD,In-Store,UPC-114080642,SKU-ELE-1960,Headphones,5,5,1,2331.55,1136.54,1195.01,478.14,11.83,0,0,2025-12-02 08:00:00,1,0,1
TXN-03-05569,STORE-002,Grocery,BrandA,Online,UPC-998930699,SKU-GRO-2227,Juice,1,1,2,462.66,244.93,217.73,482.28,19.62,0,0,2025-12-13 15:00:00,1,0,1
TXN-03-04394,STORE-015,Grocery,BrandB,Online,UPC-337781631,SKU-GRO-4602,Cereal,3,3,1,1328.46,650.97,677.49,457.93,15.11,1,0,2025-12-28 17:00:00,1,1,1
TXN-03-02068,STORE-001,Home & Garden,BrandG,Mobile,UPC-638163025,SKU-HOM-8687,Rug,8,8,4,2566.08,1241.54,1324.54,449.51,128.75,1,0,2025-12-16 06:00:00,0,0,1
TXN-03-05959,STORE-001,Apparel,BrandH,In-Store,UPC-987917722,SKU-APP-6621,Scarf,9,9,1,3161.25,1431.41,1729.84,351.56,0.31,0,0,2025-12-19 03:00:00,1,0,1
TXN-03-16413,STORE-009,Sports,BrandF,In-Store,UPC-541441900,SKU-SPO-4958,Resistance Band,1,1,0,72.44,42.43,30.01,86.43,13.99,0,0,2025-12-12 02:00:00,0,0,1
TXN-03-00199,STORE-002,Grocery,BrandG,In-Store,UPC-174041982,SKU-GRO-8833,Milk,5,5,2,1379.75,653.36,726.39,280.73,4.78,1,1,2025-12-02 10:00:00,0,0,1
TXN-03-05297,STORE-011,Electronics,BrandH,Mobile,UPC-900832960,SKU-ELE-7264,Laptop,6,6,0,2339.58,1356.13,983.45,491.38,101.45,0,0,2025-12-11 05:00:00,0,0,1
TXN-03-01063,STORE-012,Apparel,BrandC,In-Store,UPC-699566699,SKU-APP-9265,T-Shirt,3,3,1,1064.1,607.51,456.59,429.44,74.74,0,0,2025-12-28 23:00:00,1,1,1
TXN-03-02733,STORE-010,Apparel,BrandA,Online,UPC-336075413,SKU-APP-2144,Scarf,1,1,0,271.11,139.32,131.79,340.18,69.07,0,0,2025-12-28 02:00:00,1,0,1
TXN-03-05955,STORE-019,Electronics,BrandG,In-Store,UPC-511911256,SKU-ELE-4175,Charger,8,8,4,3826.16,2403.49,1422.67,487.57,9.3,0,0,2025-12-11 10:00:00,0,0,1
TXN-03-04958,STORE-006,Grocery,BrandF,In-Store,UPC-486552541,SKU-GRO-2952,Pasta,4,4,2,926.76,684.0,242.76,319.46,87.77,0,0,2025-12-28 15:00:00,1,1,1
TXN-03-03678,STORE-006,Home & Garden,BrandH,In-Store,UPC-320925974,SKU-HOM-8287,Tool Set,3,3,1,647.79,420.91,226.88,239.71,23.78,0,0,2025-12-19 17:00:00,0,0,1
TXN-03-02431,STORE-002,Apparel,BrandH,Online,UPC-103009068,SKU-APP-4337,Jacket,1,1,1,283.67,201.28,82.39,374.9,91.23,0,0,2025-12-08 23:00:00,1,0,1
TXN-03-05027,STORE-011,Electronics,BrandC,In-Store,UPC-189059956,SKU-ELE-2334,Tablet,8,8,2,984.16,553.52,430.64,136.23,13.21,0,0,2025-12-05 22:00:00,1,1,1
TXN-03-02831,STORE-013,Apparel,BrandD,In-Store,UPC-691342112,SKU-APP-6116,Jeans,4,4,0,1017.72,630.31,387.41,308.0,53.57,0,0,2025-12-19 03:00:00,0,1,1
TXN-03-01870,STORE-002,Apparel,BrandA,In-Store,UPC-267806375,SKU-APP-7237,Jacket,9,9,2,1976.4,1259.32,717.08,299.49,79.89,0,0,2025-12-15 03:00:00,0,0,1
TXN-03-01362,STORE-009,Grocery,BrandC,Online,UPC-832756605,SKU-GRO-1638,Coffee,2,2,0,550.42,253.07,297.35,339.5,64.29,0,0,2025-12-09 15:00:00,1,0,1
TXN-03-01966,STORE-010,Electronics,BrandD,Online,UPC-503421301,SKU-ELE-7335,Speaker,7,7,0,470.47,305.56,164.91,95.43,28.22,0,0,2025-12-21 11:00:00,1,1,1
TXN-03-01595,STORE-004,Apparel,BrandC,Online,UPC-410207492,SKU-APP-3571,T-Shirt,8,8,4,2331.44,1055.61,1275.83,360.1,68.67,0,0,2025-12-03 03:00:00,1,1,1
TXN-03-01982,STORE-017,Home & Garden,BrandC,In-Store,UPC-374877287,SKU-HOM-5633,Rug,4,4,4,51.4,29.46,21.94,14.25,1.4,0,0,2025-12-24 04:00:00,1,1,1
TXN-03-03910,STORE-001,Electronics,BrandH,Online,UPC-811209679,SKU-ELE-5832,Charger,4,4,4,1101.76,761.74,340.02,287.61,12.17,0,0,2025-12-20 13:00:00,1,0,1
TXN-03-05067,STORE-008,Electronics,BrandG,Online,UPC-158076336,SKU-ELE-4346,Phone,8,8,2,2366.64,1257.17,1109.47,329.08,33.25,0,0,2025-12-27 19:00:00,1,0,1
TXN-03-00465,STORE-014,Apparel,BrandH,Online,UPC-653245697,SKU-APP-5850,Hat,7,7,1,1296.68,558.95,737.73,229.34,44.1,0,0,2025-12-17 05:00:00,1,0,1
TXN-03-03187,STORE-010,Grocery,BrandE,Online,UPC-915385744,SKU-GRO-1187,Pasta,9,9,3,2269.89,1644.65,625.24,334.42,82.21,0,0,2025-12-30 22:00:00,1,1,1
TXN-03-02049,STORE-011,Sports,BrandB,Online,UPC-822256331,SKU-SPO-1661,Water Bottle,2,2,0,450.92,226.78,224.14,231.34,5.88,0,0,2025-12-12 18:00:00,0,0,1
TXN-03-05876,STORE-009,Electronics,BrandE,Online,UPC-348390723,SKU-ELE-1761,Laptop,5,5,3,360.95,239.87,121.08,100.35,28.16,1,1,2025-12-25 10:00:00,1,0,1
TXN-03-05845,STORE-020,Home & Garden,BrandG,In-Store,UPC-274616036,SKU-HOM-6932,Hose,8,8,3,742.72,527.55,215.17,97.6,4.76,0,0,2025-12-13 07:00:00,1,1,1
TXN-03-01517,STORE-010,Sports,BrandG,Online,UPC-678478778,SKU-SPO-6937,Backpack,7,7,0,2267.93,1325.66,942.27,411.87,87.88,0,0,2025-12-05 18:00:00,1,0,1
TXN-03-02563,STORE-001,Sports,BrandD,In-Store,UPC-287318577,SKU-SPO-1825,Backpack,1,1,4,9.05,4.05,5.0,12.05,3.0,0,0,2025-12-14 18:00:00,1,0,1
TXN-03-02602,STORE-018,Apparel,BrandF,Online,UPC-271512598,SKU-APP-8425,Scarf,7,7,2,2784.67,1692.33,1092.34,481.74,83.93,0,0,2025-12-29 03:00:00,1,1,1
TXN-03-01558,STORE-016,Home & Garden,BrandF,Online,UPC-852289089,SKU-HOM-7733,Plant Pot,4,4,1,107.48,49.71,57.77,35.33,8.46,0,0,2025-12-14 06:00:00,1,0,1
TXN-03-03358,STORE-019,Apparel,BrandC,Online,UPC-989920074,SKU-APP-2986,Hat,8,8,0,304.88,180.67,124.21,47.41,9.3,0,0,2025-12-23 17:00:00,1,1,1
TXN-03-03820,STORE-014,Apparel,BrandF,In-Store,UPC-402956863,SKU-APP-3738,Dress,5,5,0,280.35,196.31,84.04,66.22,10.15,0,0,2025-12-20 19:00:00,0,1,1
TXN-03-01057,STORE-003,Electronics,BrandB,Mobile,UPC-347599266,SKU-ELE-3087,Charger,9,9,0,2104.11,1488.29,615.82,332.03,98.24,0,0,2025-12-20 19:00:00,1,0,1
TXN-03-03605,STORE-012,Apparel,BrandE,In-Store,UPC-773467136,SKU-APP-2933,T-Shirt,8,8,0,748.8,387.78,361.02,111.16,17.56,0,0,2025-12-26 17:00:00,0,0,1
TXN-03-01088,STORE-009,Grocery,BrandG,Online,UPC-589250512,SKU-GRO-6800,Coffee,3,3,2,279.21,181.14,98.07,109.26,16.19,0,0,2025-12-16 19:00:00,0,0,1
TXN-03-04752,STORE-014,Grocery,BrandF,In-Store,UPC-242030842,SKU-GRO-5574,Coffee,8,8,4,1464.56,629.16,835.4,184.24,1.17,0,0,2025-12-13 12:00:00,1,0,1
TXN-03-02404,STORE-008,Sports,BrandH,Online,UPC-895805966,SKU-SPO-5207,Dumbbell,2,2,3,326.84,241.67,85.17,180.15,16.73,0,0,2025-12-06 07:00:00,1,0,1
TXN-03-01956,STORE-013,Grocery,BrandE,In-Store,UPC-124015199,SKU-GRO-7291,Bread,4,4,4,601.24,402.49,198.75,200.44,50.13,0,0,2025-12-18 07:00:00,0,1,1
TXN-03-03791,STORE-002,Sports,BrandG,Online,UPC-519387438,SKU-SPO-4271,Jersey,7,7,1,318.01,220.04,97.97,49.61,4.18,0,0,2025-12-14 18:00:00,0,0,1
TXN-03-16448,STORE-010,Sports,BrandB,In-Store,UPC-883514400,SKU-SPO-5123,Yoga Mat,3,3,3,525.69,276.92,248.77,223.73,48.5,0,0,2025-12-27 11:00:00,0,1,1
TXN-03-05537,STORE-014,Electronics,BrandE,In-Store,UPC-563750253,SKU-ELE-1183,Phone,2,2,2,66.68,43.75,22.93,42.54,9.2,1,1,2025-12-24 02:00:00,1,0,1
TXN-03-05038,STORE-005,Electronics,BrandB,In-Store,UPC-866885017,SKU-ELE-7297,Headphones,2,2,1,544.48,283.96,260.52,337.92,65.68,1,1,2025-12-14 09:00:00,1,0,1
TXN-03-02028,STORE-012,Home & Garden,BrandB,Online,UPC-299020261,SKU-HOM-1395,Vase,3,3,0,599.67,296.31,303.36,254.46,54.57,0,0,2025-12-24 17:00:00,1,1,1
TXN-03-06098,STORE-003,Sports,BrandC,In-Store,UPC-154845162,SKU-SPO-3327,Cap,3,3,3,1325.01,918.85,406.16,463.94,22.27,0,0,2025-12-25 20:00:00,1,1,1
TXN-03-05061,STORE-012,Grocery,BrandF,Online,UPC-811939892,SKU-GRO-4546,Bread,9,9,2,1908.81,1031.8,877.01,258.9,46.81,0,0,2025-12-06 00:00:00,1,1,1
TXN-03-04621,STORE-005,Electronics,BrandE,Online,UPC-600475437,SKU-ELE-6657,Speaker,4,4,1,363.28,196.7,166.58,101.14,10.32,0,0,2025-12-20 21:00:00,0,0,1
TXN-03-00886,STORE-018,Home & Garden,BrandG,In-Store,UPC-582738585,SKU-HOM-7648,Rug,6,6,4,1305.24,744.21,561.03,233.56,16.02,0,0,2025-12-18 05:00:00,1,0,1
TXN-03-00509,STORE-016,Electronics,BrandD,Mobile,UPC-586829547,SKU-ELE-5260,Camera,1,1,3,388.91,208.21,180.7,439.22,50.31,0,0,2025-12-30 06:00:00,1,0,1
TXN-03-04452,STORE-004,Electronics,BrandB,In-Store,UPC-743544688,SKU-ELE-9670,Monitor,3,3,0,416.91,211.92,204.99,176.69,37.72,0,0,2025-12-18 19:00:00,1,1,1
TXN-03-02283,STORE-015,Home & Garden,BrandF,Online,UPC-457610309,SKU-HOM-4388,Vase,3,3,1,717.39,458.02,259.37,312.87,73.74,0,0,2025-12-02 08:00:00,1,1,1
TXN-03-03621,STORE-018,Home & Garden,BrandG,Online,UPC-241524791,SKU-HOM-6895,Lamp,2,2,4,118.94,59.83,59.11,74.84,15.37,0,0,2025-12-11 02:00:00,0,0,1
TXN-03-00851,STORE-001,Sports,BrandH,Online,UPC-125257988,SKU-SPO-2226,Running Shoes,2,2,3,170.26,86.14,84.12,102.09,16.96,0,0,2025-12-20 13:00:00,1,1,1
TXN-03-05314,STORE-002,Home & Garden,BrandE,Online,UPC-193171300,SKU-HOM-8116,Vase,8,8,4,2936.72,2063.38,873.34,403.54,36.45,0,0,2025-12-03 14:00:00,1,1,1
TXN-03-05419,STORE-018,Apparel,BrandG,In-Store,UPC-436413984,SKU-APP-7181,Jeans,2,2,0,83.62,56.12,27.5,46.48,4.67,0,0,2025-12-06 19:00:00,0,1,1
TXN-03-04327,STORE-017,Home & Garden,BrandE,In-Store,UPC-990041513,SKU-HOM-5120,Lamp,5,5,0,185.3,111.63,73.67,40.17,3.11,0,0,2025-12-07 18:00:00,0,1,1
TXN-03-00706,STORE-012,Grocery,BrandD,In-Store,UPC-986468285,SKU-GRO-1732,Rice,5,5,2,1261.8,605.1,656.7,320.67,68.31,0,0,2025-12-26 02:00:00,0,0,1
TXN-03-00046,STORE-008,Sports,BrandH,Online,UPC-701943986,SKU-SPO-7678,Jersey,7,7,3,486.64,299.79,186.85,70.29,0.77,0,0,2025-12-16 09:00:00,0,0,1
TXN-03-05280,STORE-003,Electronics,BrandG,In-Store,UPC-744591966,SKU-ELE-1463,Monitor,8,8,2,428.64,284.18,144.46,65.85,12.27,0,0,2025-12-06 20:00:00,0,1,1
TXN-03-03619,STORE-014,Home & Garden,BrandH,In-Store,UPC-739236829,SKU-HOM-2506,Plant Pot,4,4,1,1687.28,962.23,725.05,464.01,42.19,0,0,2025-12-16 20:00:00,0,0,1
TXN-03-02728,STORE-017,Apparel,BrandH,Online,UPC-728024621,SKU-APP-2220,Jeans,5,5,0,1224.1,824.97,399.13,262.91,18.09,0,0,2025-12-02 15:00:00,1,0,1
TXN-03-05201,STORE-016,Grocery,BrandB,Online,UPC-919323210,SKU-GRO-1270,Milk,3,3,3,623.22,447.08,176.14,226.54,18.8,1,0,2025-12-14 14:00:00,1,1,1
TXN-03-01454,STORE-010,Home & Garden,BrandA,In-Store,UPC-483272750,SKU-HOM-5741,Tool Set,2,2,0,289.7,197.36,92.34,169.9,25.05,0,0,2025-12-13 23:00:00,1,0,1
TXN-03-06025,STORE-015,Apparel,BrandC,In-Store,UPC-196518283,SKU-APP-1319,Jeans,8,8,4,89.52,64.08,25.44,15.07,3.88,0,0,2025-12-18 11:00:00,1,1,1
TXN-03-05404,STORE-008,Apparel,BrandA,In-Store,UPC-225344044,SKU-APP-8743,Scarf,8,8,4,1079.76,779.06,300.7,152.32,17.35,0,0,2025-12-27 22:00:00,0,1,1
TXN-03-00588,STORE-018,Apparel,BrandC,Online,UPC-765834784,SKU-APP-1758,Socks,1,1,2,108.38,61.5,46.88,119.33,10.95,0,0,2025-12-23 22:00:00,1,0,1
TXN-03-06205,STORE-006,Apparel,BrandF,In-Store,UPC-211048015,SKU-APP-5859,Scarf,4,4,2,214.28,98.06,116.22,56.1,2.53,0,0,2025-12-16 20:00:00,1,1,1
TXN-03-05613,STORE-013,Grocery,BrandD,Mobile,UPC-644876791,SKU-GRO-5952,Juice,9,9,2,4077.54,2276.73,1800.81,492.0,38.94,0,0,2025-12-24 15:00:00,0,1,1
TXN-03-05874,STORE-008,Home & Garden,BrandG,Online,UPC-259456735,SKU-HOM-9776,Tool Set,5,5,3,1030.45,449.38,581.07,237.39,31.3,0,0,2025-12-30 02:00:00,1,0,1
TXN-03-04830,STORE-016,Home & Garden,BrandC,Online,UPC-646696811,SKU-HOM-7516,Chair,3,3,0,487.41,283.76,203.65,212.64,50.17,0,0,2025-12-06 13:00:00,0,0,1
TXN-03-03913,STORE-016,Electronics,BrandH,Online,UPC-358326706,SKU-ELE-3405,Camera,5,5,4,1447.85,854.66,593.19,410.2,120.63,0,0,2025-12-23 18:00:00,0,0,1
TXN-03-00379,STORE-019,Home & Garden,BrandC,In-Store,UPC-402558803,SKU-HOM-2850,Lamp,3,3,2,103.83,55.0,48.83,47.51,12.9,1,1,2025-12-14 01:00:00,1,0,1
TXN-03-03193,STORE-001,Electronics,BrandE,In-Store,UPC-547866626,SKU-ELE-7791,Speaker,7,7,1,2398.9,1372.82,1026.08,474.24,131.54,0,0,2025-12-03 20:00:00,1,0,1
TXN-03-05144,STORE-006,Electronics,BrandB,In-Store,UPC-636040185,SKU-ELE-5030,Headphones,8,8,1,917.44,631.97,285.47,148.0,33.32,0,0,2025-12-25 19:00:00,1,0,1
TXN-03-00636,STORE-007,Home & Garden,BrandA,In-Store,UPC-576359583,SKU-HOM-9451,Tool Set,4,4,2,1377.24,559.58,817.66,463.93,119.62,0,0,2025-12-29 00:00:00,0,0,1
TXN-03-03792,STORE-001,Home & Garden,BrandF,In-Store,UPC-663276794,SKU-HOM-3883,Hose,6,6,3,1075.5,592.91,482.59,228.9,49.65,1,0,2025-12-13 21:00:00,0,1,1
TXN-03-05798,STORE-017,Grocery,BrandG,In-Store,UPC-969652934,SKU-GRO-9626,Cereal,8,8,2,1924.4,1266.86,657.54,260.97,20.42,0,0,2025-12-13 18:00:00,0,1,1
TXN-03-01024,STORE-004,Grocery,BrandE,In-Store,UPC-156118759,SKU-GRO-7592,Coffee,1,1,2,40.86,29.92,10.94,57.57,16.71,0,0,2025-12-21 02:00:00,0,1,1
TXN-03-05945,STORE-020,Grocery,BrandF,In-Store,UPC-386162660,SKU-GRO-4163,Cereal,2,2,2,624.1,388.99,235.11,406.61,94.56,0,0,2025-12-28 16:00:00,0,0,1
TXN-03-02042,STORE-019,Sports,BrandC,Online,UPC-436801874,SKU-SPO-2980,Water Bottle,5,5,0,606.05,358.44,247.61,124.8,3.59,0,0,2025-12-02 04:00:00,1,0,1
TXN-03-02701,STORE-017,Apparel,BrandH,Mobile,UPC-743263197,SKU-APP-7856,Jeans,6,6,4,337.32,197.28,140.04,71.79,15.57,0,0,2025-12-05 04:00:00,0,1,1
TXN-03-02075,STORE-013,Electronics,BrandH,In-Store,UPC-539347483,SKU-ELE-1645,Charger,1,1,2,294.18,132.22,161.96,303.81,9.63,0,0,2025-12-03 02:00:00,0,0,1
TXN-03-00614,STORE-017,Grocery,BrandE,In-Store,UPC-354653734,SKU-GRO-6916,Pasta,6,6,3,484.26,235.64,248.62,97.62,16.91,0,0,2025-12-03 12:00:00,1,0,1
TXN-03-02003,STORE-017,Home & Garden,BrandF,Mobile,UPC-591423224,SKU-HOM-8083,Lamp,4,4,1,356.52,180.95,175.57,113.68,24.55,1,0,2025-12-29 23:00:00,0,1,1
TXN-03-01565,STORE-008,Apparel,BrandA,Mobile,UPC-966664904,SKU-APP-3899,T-Shirt,6,6,4,1201.98,753.93,448.05,223.58,23.25,0,0,2025-12-11 21:00:00,0,0,1
TXN-03-00383,STORE-017,Electronics,BrandG,In-Store,UPC-900587813,SKU-ELE-5418,Charger,9,9,1,2353.77,941.78,1411.99,271.37,9.84,0,0,2025-12-10 14:00:00,1,0,1
TXN-03-03049,STORE-008,Home & Garden,BrandC,In-Store,UPC-528843022,SKU-HOM-4501,Cushion,2,2,4,295.84,217.13,78.71,150.74,2.82,0,0,2025-12-29 12:00:00,1,0,1
TXN-03-03234,STORE-017,Sports,BrandG,Online,UPC-263461494,SKU-SPO-2611,Yoga Mat,9,9,2,1917.54,1146.96,770.58,251.32,38.26,0,0,2025-12-28 10:00:00,1,0,1
TXN-03-04253,STORE-020,Apparel,BrandA,In-Store,UPC-413462237,SKU-APP-9214,Jacket,4,4,2,1639.84,1159.59,480.25,434.0,24.04,0,0,2025-12-13 10:00:00,1,0,1
TXN-03-05069,STORE-019,Home & Garden,BrandC,In-Store,UPC-431109831,SKU-HOM-3043,Lamp,2,2,3,326.2,231.29,94.91,200.05,36.95,0,0,2025-12-27 06:00:00,1,0,1
TXN-03-02611,STORE-020,Home & Garden,BrandD,Online,UPC-672298626,SKU-HOM-1327,Lamp,6,6,2,1037.7,626.38,411.32,209.47,36.52,0,0,2025-12-11 07:00:00,1,1,1
TXN-03-01822,STORE-009,Electronics,BrandB,Online,UPC-850542768,SKU-ELE-2024,Camera,5,5,0,1847.35,990.53,856.82,419.55,50.08,0,0,2025-12-08 05:00:00,1,0,1
TXN-03-06150,STORE-007,Electronics,BrandF,In-Store,UPC-453870933,SKU-ELE-8630,Camera,2,2,1,541.08,345.56,195.52,371.37,100.83,0,0,2025-12-23 22:00:00,1,1,1
TXN-03-04078,STORE-017,Electronics,BrandC,Online,UPC-600585290,SKU-ELE-2014,Monitor,5,5,2,2099.35,1157.9,941.45,452.33,32.46,0,0,2025-12-04 08:00:00,1,1,1
TXN-03-04635,STORE-008,Home & Garden,BrandE,Online,UPC-837731807,SKU-HOM-2854,Cushion,6,6,2,978.42,614.5,363.92,187.92,24.85,0,0,2025-12-02 10:00:00,0,0,1
TXN-03-04982,STORE-010,Apparel,BrandA,In-Store,UPC-987499887,SKU-APP-3216,Hat,3,3,1,285.6,139.87,145.73,133.46,38.26,0,0,2025-12-07 22:00:00,1,0,1
TXN-03-02052,STORE-018,Electronics,BrandA,Online,UPC-269411004,SKU-ELE-9730,Camera,9,9,2,1384.29,735.86,648.43,207.2,53.39,0,0,2025-12-18 16:00:00,1,1,1
TXN-03-00684,STORE-009,Home & Garden,BrandB,In-Store,UPC-337625073,SKU-HOM-3337,Chair,6,6,0,720.42,446.66,273.76,137.06,16.99,0,0,2025-12-04 00:00:00,1,0,1
TXN-03-00637,STORE-001,Grocery,BrandF,Online,UPC-796614161,SKU-GRO-8954,Cereal,8,8,1,3132.24,1541.6,1590.64,392.58,1.05,0,0,2025-12-01 22:00:00,1,0,1
TXN-03-03628,STORE-003,Sports,BrandF,In-Store,UPC-587359170,SKU-SPO-7583,Resistance Band,4,4,0,198.88,100.65,98.23,68.57,18.85,0,0,2025-12-14 21:00:00,1,0,1
TXN-03-01477,STORE-011,Home & Garden,BrandC,In-Store,UPC-396360700,SKU-HOM-4593,Hose,9,9,1,4129.47,2263.79,1865.68,483.77,24.94,0,0,2025-12-05 14:00:00,1,1,1
TXN-03-03867,STORE-013,Electronics,BrandF,Mobile,UPC-807606073,SKU-ELE-2745,Charger,9,9,1,404.91,172.05,232.86,62.44,17.45,0,0,2025-12-18 22:00:00,1,0,1
TXN-03-00897,STORE-015,Home & Garden,BrandD,Online,UPC-721374807,SKU-HOM-5247,Tool Set,7,7,1,1738.66,1155.13,583.53,290.52,42.14,0,0,2025-12-25 16:00:00,0,1,1
TXN-03-01067,STORE-014,Electronics,BrandA,In-Store,UPC-739404492,SKU-ELE-9412,Monitor,2,2,4,795.12,518.57,276.55,424.12,26.56,0,0,2025-12-03 07:00:00,1,1,1
TXN-03-01216,STORE-012,Electronics,BrandA,Mobile,UPC-530491987,SKU-ELE-2980,Speaker,9,9,0,2331.45,1124.16,1207.29,277.99,18.94,0,0,2025-12-24 14:00:00,1,1,1
TXN-03-00839,STORE-003,Electronics,BrandD,In-Store,UPC-357100436,SKU-ELE-2814,Charger,7,7,2,2045.61,1357.06,688.55,361.0,68.77,0,0,2025-12-21 18:00:00,1,0,1
TXN-03-04307,STORE-003,Home & Garden,BrandA,Online,UPC-901878115,SKU-HOM-7329,Plant Pot,4,4,1,285.08,201.77,83.31,83.16,11.89,0,0,2025-12-18 11:00:00,1,1,1
TXN-03-02455,STORE-008,Apparel,BrandA,In-Store,UPC-666717917,SKU-APP-8479,Socks,7,7,2,478.66,232.79,245.87,83.34,14.96,0,0,2025-12-20 19:00:00,1,0,1
TXN-03-04413,STORE-011,Grocery,BrandC,Online,UPC-534216595,SKU-GRO-3514,Bread,5,5,3,1740.5,1182.93,557.57,449.81,101.71,0,0,2025-12-21 00:00:00,1,1,1
TXN-03-04637,STORE-009,Grocery,BrandD,Online,UPC-562809316,SKU-GRO-7760,Cereal,6,6,1,534.72,300.03,234.69,92.45,3.33,0,0,2025-12-25 11:00:00,1,1,1
TXN-03-03461,STORE-005,Electronics,BrandE,Mobile,UPC-960761095,SKU-ELE-2784,Speaker,4,4,4,1762.2,845.95,916.25,450.53,9.98,0,0,2025-12-10 15:00:00,1,0,1
TXN-03-05091,STORE-020,Grocery,BrandF,Online,UPC-223920437,SKU-GRO-9431,Rice,3,3,3,381.84,178.05,203.79,159.37,32.09,0,0,2025-12-24 05:00:00,1,0,1
TXN-03-00183,STORE-008,Sports,BrandA,In-Store,UPC-707318986,SKU-SPO-1907,Dumbbell,6,6,0,1147.02,818.33,328.69,198.39,7.22,0,0,2025-12-22 22:00:00,1,0,1
TXN-03-00062,STORE-006,Home & Garden,BrandD,Mobile,UPC-766838910,SKU-HOM-2887,Tool Set,7,7,4,2141.09,1246.46,894.63,332.2,26.33,0,0,2025-12-08 05:00:00,1,0,1
TXN-03-05858,STORE-011,Electronics,BrandG,Online,UPC-608819160,SKU-ELE-8282,Laptop,8,8,3,2435.76,1425.54,1010.22,417.8,113.33,0,0,2025-12-24 08:00:00,0,0,1
TXN-03-06138,STORE-012,Electronics,BrandF,In-Store,UPC-578568696,SKU-ELE-7634,Charger,4,4,0,1361.0,579.04,781.96,380.88,40.63,0,0,2025-12-24 05:00:00,0,0,1
TXN-03-03562,STORE-014,Home & Garden,BrandF,Online,UPC-539738856,SKU-HOM-3804,Lamp,4,4,4,1045.28,716.38,328.9,370.83,109.51,0,0,2025-12-29 23:00:00,1,0,1
TXN-03-01854,STORE-001,Electronics,BrandF,Mobile,UPC-180114110,SKU-ELE-5008,Speaker,2,2,1,84.62,54.82,29.8,51.65,9.34,0,0,2025-12-04 20:00:00,0,0,1
TXN-03-04948,STORE-003,Electronics,BrandE,In-Store,UPC-984706246,SKU-ELE-8762,Charger,7,7,2,2444.54,1520.03,924.51,372.47,23.25,0,0,2025-12-23 16:00:00,0,0,1
TXN-03-01916,STORE-006,Grocery,BrandD,Online,UPC-670567942,SKU-GRO-1260,Bread,3,3,0,300.93,147.9,153.03,101.32,1.01,0,0,2025-12-10 10:00:00,1,1,1
TXN-03-05950,STORE-001,Grocery,BrandG,Online,UPC-770843172,SKU-GRO-2598,Milk,4,4,2,614.8,320.12,294.68,213.44,59.74,0,0,2025-12-26 06:00:00,1,0,1
TXN-03-04612,STORE-020,Home & Garden,BrandA,Mobile,UPC-544453951,SKU-HOM-2074,Tool Set,4,4,2,250.24,141.95,108.29,63.4,0.84,0,0,2025-12-13 04:00:00,1,0,1
TXN-03-05754,STORE-004,Sports,BrandF,Online,UPC-629939720,SKU-SPO-8447,Water Bottle,8,8,0,3611.92,1640.44,1971.48,455.4,3.91,0,0,2025-12-24 14:00:00,0,0,1
TXN-03-00014,STORE-016,Grocery,BrandB,In-Store,UPC-936940225,SKU-GRO-2103,Pasta,2,2,1,211.66,122.14,89.52,126.24,20.41,1,1,2025-12-03 00:00:00,0,0,1
TXN-03-00074,STORE-017,Sports,BrandD,In-Store,UPC-188155172,SKU-SPO-9037,Water Bottle,2,2,3,492.84,230.68,262.16,264.95,18.53,1,1,2025-12-15 11:00:00,1,0,1
TXN-03-01793,STORE-008,Electronics,BrandA,Online,UPC-316617393,SKU-ELE-7758,Monitor,2,2,2,504.98,312.09,192.89,277.92,25.43,0,0,2025-12-28 16:00:00,1,0,1
TXN-03-05851,STORE-002,Sports,BrandH,Online,UPC-243336161,SKU-SPO-6669,Dumbbell,9,9,4,2470.41,1036.47,1433.94,297.8,23.31,0,0,2025-12-18 20:00:00,0,0,1
TXN-03-04105,STORE-012,Sports,BrandG,In-Store,UPC-165113019,SKU-SPO-6379,Yoga Mat,7,7,1,1543.36,944.32,599.04,312.59,92.11,1,1,2025-12-04 03:00:00,0,1,1
TXN-03-00613,STORE-006,Electronics,BrandB,Online,UPC-687867843,SKU-ELE-2475,Tablet,9,9,4,2587.14,1548.61,1038.53,308.69,21.23,0,0,2025-12-23 11:00:00,0,0,1
TXN-03-00188,STORE-015,Home & Garden,BrandG,Online,UPC-718373469,SKU-HOM-7553,Lamp,2,2,0,97.76,43.48,54.28,63.15,14.27,0,0,2025-12-01 01:00:00,0,0,1
TXN-03-00672,STORE-002,Sports,BrandF,Mobile,UPC-471227638,SKU-SPO-9902,Jersey,2,2,2,506.36,210.21,296.15,325.15,71.97,0,0,2025-12-27 20:00:00,0,0,1
TXN-03-00701,STORE-013,Sports,BrandH,In-Store,UPC-933306998,SKU-SPO-9073,Cap,4,4,0,382.76,276.29,106.47,116.48,20.79,1,1,2025-12-09 03:00:00,1,0,1
TXN-03-02539,STORE-010,Electronics,BrandG,Online,UPC-615834067,SKU-ELE-4775,Camera,8,8,4,1659.04,739.78,919.26,287.19,79.81,0,0,2025-12-30 04:00:00,1,0,1
TXN-03-02418,STORE-012,Sports,BrandC,In-Store,UPC-223895194,SKU-SPO-6448,Cap,6,6,1,2125.8,1242.59,883.21,402.26,47.96,0,0,2025-12-23 20:00:00,1,1,1
TXN-03-01995,STORE-020,Electronics,BrandE,Online,UPC-888875304,SKU-ELE-8523,Headphones,7,7,4,2083.55,1054.27,1029.28,369.76,72.11,0,0,2025-12-08 05:00:00,1,1,1
TXN-03-00161,STORE-020,Sports,BrandC,Online,UPC-202385246,SKU-SPO-9442,Water Bottle,4,4,3,410.52,203.64,206.88,125.37,22.74,0,0,2025-12-28 23:00:00,1,0,1
TXN-03-01642,STORE-001,Electronics,BrandA,Mobile,UPC-606560507,SKU-ELE-6142,Tablet,3,3,3,333.09,188.81,144.28,129.68,18.65,0,0,2025-12-20 13:00:00,1,0,1
TXN-03-00898,STORE-019,Electronics,BrandD,Online,UPC-104628236,SKU-ELE-8111,Monitor,6,6,4,2008.44,1141.61,866.83,450.35,115.61,0,0,2025-12-11 15:00:00,1,0,1
TXN-03-04608,STORE-002,Apparel,BrandE,In-Store,UPC-726063634,SKU-APP-3548,Scarf,6,6,4,2403.18,1321.74,1081.44,462.0,61.47,0,0,2025-12-06 11:00:00,0,0,1
TXN-03-04313,STORE-013,Electronics,BrandH,Mobile,UPC-995607543,SKU-ELE-3087,Camera,2,2,4,530.0,271.33,258.67,343.78,78.78,0,0,2025-12-20 22:00:00,1,0,1
TXN-03-01108,STORE-015,Home & Garden,BrandC,In-Store,UPC-738960772,SKU-HOM-1856,Rug,9,9,3,2689.29,1170.46,1518.83,357.35,58.54,0,0,2025-12-21 02:00:00,0,0,1
TXN-03-01230,STORE-017,Electronics,BrandC,In-Store,UPC-195949661,SKU-ELE-5729,Speaker,5,5,3,1426.1,673.29,752.81,392.67,107.45,0,0,2025-12-03 01:00:00,0,1,1
TXN-03-05978,STORE-002,Apparel,BrandF,In-Store,UPC-885206479,SKU-APP-2538,Shoes,3,3,2,269.85,160.45,109.4,128.01,38.06,0,0,2025-12-18 15:00:00,0,0,1
TXN-03-01239,STORE-012,Sports,BrandB,In-Store,UPC-478759008,SKU-SPO-3109,Resistance Band,5,5,4,1402.75,649.95,752.8,371.06,90.51,0,0,2025-12-06 19:00:00,1,0,1
TXN-03-00279,STORE-012,Electronics,BrandD,Online,UPC-424696319,SKU-ELE-6578,Laptop,5,5,0,164.75,93.28,71.47,35.8,2.85,0,0,2025-12-27 01:00:00,0,1,1
TXN-03-06349,STORE-013,Home & Garden,BrandB,In-Store,UPC-392579123,SKU-HOM-2228,Vase,3,3,2,724.68,533.37,191.31,311.98,70.42,1,0,2025-12-28 19:00:00,1,0,1
TXN-03-03137,STORE-020,Grocery,BrandE,In-Store,UPC-833527460,SKU-GRO-9003,Coffee,5,5,1,2082.9,1003.9,1079.0,427.35,10.77,0,0,2025-12-20 12:00:00,0,1,1
TXN-03-05073,STORE-006,Home & Garden,BrandH,Online,UPC-645566033,SKU-HOM-7768,Chair,7,7,1,2438.24,1125.23,1313.01,431.54,83.22,0,0,2025-12-06 16:00:00,0,0,1
TXN-03-02926,STORE-007,Home & Garden,BrandE,Online,UPC-963533603,SKU-HOM-7356,Tool Set,9,9,2,875.07,431.24,443.83,111.17,13.94,0,0,2025-12-06 01:00:00,0,1,1
TXN-03-05652,STORE-013,Home & Garden,BrandF,In-Store,UPC-665069183,SKU-HOM-7169,Cushion,5,5,1,1645.1,973.78,671.32,410.92,81.9,0,0,2025-12-30 23:00:00,1,1,1
TXN-03-16415,STORE-010,Home & Garden,BrandC,Online,UPC-338955543,SKU-HOM-6327,Chair,7,7,2,492.24,258.85,233.39,96.47,26.15,0,0,2025-12-26 08:00:00,1,0,1
TXN-03-02735,STORE-014,Electronics,BrandE,Online,UPC-909898337,SKU-ELE-7904,Headphones,1,1,0,124.39,56.48,67.91,166.54,42.15,0,0,2025-12-28 21:00:00,0,1,1
TXN-03-00819,STORE-001,Grocery,BrandA,Mobile,UPC-663878743,SKU-GRO-9575,Milk,2,2,3,318.54,213.18,105.36,175.78,16.51,0,0,2025-12-24 10:00:00,1,1,1
TXN-03-01370,STORE-007,Grocery,BrandC,Online,UPC-352313034,SKU-GRO-1927,Pasta,7,7,3,1448.72,859.42,589.3,214.8,7.84,0,0,2025-12-18 04:00:00,0,0,1
TXN-03-16423,STORE-020,Sports,BrandC,Online,UPC-763251465,SKU-SPO-5598,Resistance Band,2,2,2,873.68,420.68,453.0,450.13,13.29,0,0,2025-12-16 07:00:00,0,1,1
TXN-03-05359,STORE-011,Grocery,BrandE,Online,UPC-684595431,SKU-GRO-9058,Snack Bar,9,9,0,2048.58,1509.41,539.17,246.7,19.08,0,0,2025-12-23 09:00:00,0,0,1
TXN-03-02603,STORE-010,Home & Garden,BrandG,In-Store,UPC-177236567,SKU-HOM-7942,Rug,1,1,3,452.71,219.26,233.45,491.18,38.47,0,0,2025-12-26 11:00:00,0,0,1
TXN-03-04421,STORE-016,Electronics,BrandC,Mobile,UPC-312881579,SKU-ELE-1720,Laptop,8,8,0,2209.76,938.8,1270.96,347.07,70.85,0,0,2025-12-08 20:00:00,0,1,1
TXN-03-02377,STORE-007,Electronics,BrandB,Online,UPC-863492335,SKU-ELE-6254,Camera,7,7,1,1178.73,812.71,366.02,193.62,25.23,0,0,2025-12-16 11:00:00,1,0,1
TXN-03-00928,STORE-010,Electronics,BrandD,In-Store,UPC-542956912,SKU-ELE-9334,Phone,3,3,4,28.41,15.94,12.47,12.17,2.7,0,0,2025-12-14 14:00:00,1,0,1
TXN-03-03293,STORE-019,Grocery,BrandB,In-Store,UPC-187024780,SKU-GRO-1400,Bread,2,2,4,175.26,85.13,90.13,108.04,20.41,0,0,2025-12-23 20:00:00,1,1,1
TXN-03-04860,STORE-019,Grocery,BrandE,Online,UPC-205599091,SKU-GRO-7972,Milk,8,8,4,1578.48,1145.32,433.16,281.58,84.27,0,0,2025-12-13 10:00:00,1,0,1
TXN-03-05147,STORE-007,Grocery,BrandD,In-Store,UPC-899532525,SKU-GRO-7933,Juice,4,4,4,52.88,27.46,25.42,16.3,3.08,0,0,2025-12-18 01:00:00,1,0,1
TXN-03-03773,STORE-008,Home & Garden,BrandC,Online,UPC-582873838,SKU-HOM-3564,Chair,8,8,3,116.8,69.26,47.54,16.93,2.33,0,0,2025-12-11 00:00:00,0,1,1
TXN-03-00029,STORE-008,Home & Garden,BrandE,In-Store,UPC-219484568,SKU-HOM-6445,Cushion,8,8,0,818.0,403.61,414.39,102.99,0.74,1,0,2025-12-19 15:00:00,1,0,1
TXN-03-02210,STORE-005,Home & Garden,BrandA,In-Store,UPC-632643664,SKU-HOM-4050,Vase,7,7,2,1034.04,589.93,444.11,153.61,5.89,0,0,2025-12-18 00:00:00,1,0,1
TXN-03-06223,STORE-011,Home & Garden,BrandB,In-Store,UPC-439004714,SKU-HOM-9781,Chair,6,6,4,1418.28,611.56,806.72,315.98,79.6,0,0,2025-12-10 19:00:00,1,0,1
TXN-03-01931,STORE-015,Home & Garden,BrandG,In-Store,UPC-245567483,SKU-HOM-2670,Plant Pot,5,5,3,1869.75,1355.99,513.76,446.34,72.39,0,0,2025-12-05 11:00:00,0,1,1
TXN-03-04147,STORE-018,Sports,BrandC,In-Store,UPC-238644785,SKU-SPO-2451,Yoga Mat,2,2,2,835.7,442.26,393.44,467.77,49.92,0,0,2025-12-20 18:00:00,1,1,1
TXN-03-02628,STORE-016,Home & Garden,BrandB,In-Store,UPC-241362666,SKU-HOM-6879,Tool Set,5,5,0,936.55,588.26,348.29,236.11,48.8,0,0,2025-12-26 22:00:00,0,1,1
TXN-03-01694,STORE-002,Grocery,BrandE,Online,UPC-784917671,SKU-GRO-8369,Snack Bar,6,6,4,434.58,250.07,184.51,73.65,1.22,0,0,2025-12-30 11:00:00,0,0,1
TXN-03-01052,STORE-001,Home & Garden,BrandB,Online,UPC-405589276,SKU-HOM-2357,Lamp,2,2,2,831.6,524.43,307.17,424.09,8.29,0,0,2025-12-24 08:00:00,1,0,1
TXN-03-04167,STORE-014,Home & Garden,BrandG,In-Store,UPC-538734721,SKU-HOM-6412,Chair,8,8,2,1432.64,914.56,518.08,194.27,15.19,1,0,2025-12-10 22:00:00,0,0,1
TXN-03-05934,STORE-002,Home & Garden,BrandH,Online,UPC-673517515,SKU-HOM-4186,Lamp,8,8,4,133.44,90.66,42.78,19.65,2.97,0,0,2025-12-03 14:00:00,0,0,1
TXN-03-06104,STORE-016,Grocery,BrandE,Online,UPC-229972272,SKU-GRO-2953,Snack Bar,5,5,1,558.8,281.49,277.31,115.56,3.8,0,0,2025-12-26 16:00:00,1,0,1
TXN-03-04744,STORE-014,Grocery,BrandA,In-Store,UPC-873378328,SKU-GRO-7518,Rice,3,3,4,268.02,115.01,153.01,112.31,22.97,1,0,2025-12-21 22:00:00,0,0,1
TXN-03-05030,STORE-010,Electronics,BrandE,Online,UPC-950179127,SKU-ELE-7573,Laptop,3,3,1,908.97,670.54,238.43,392.03,89.04,0,0,2025-12-04 14:00:00,1,0,1
TXN-03-00906,STORE-019,Electronics,BrandD,In-Store,UPC-266242707,SKU-ELE-8413,Monitor,2,2,4,434.3,210.48,223.82,257.71,40.56,0,0,2025-12-01 10:00:00,1,1,1
TXN-03-03701,STORE-018,Home & Garden,BrandE,In-Store,UPC-878459979,SKU-HOM-4972,Vase,4,4,0,1677.84,692.18,985.66,465.6,46.14,0,0,2025-12-14 04:00:00,1,0,1
TXN-03-00186,STORE-003,Grocery,BrandA,In-Store,UPC-754443940,SKU-GRO-2927,Juice,4,4,2,729.48,490.2,239.28,195.73,13.36,0,0,2025-12-20 07:00:00,0,0,1
TXN-03-04818,STORE-003,Sports,BrandB,In-Store,UPC-710531849,SKU-SPO-6382,Cap,3,3,4,16.11,6.8,9.31,7.42,2.05,0,0,2025-12-02 19:00:00,1,0,1
TXN-03-04277,STORE-013,Electronics,BrandF,In-Store,UPC-784671990,SKU-ELE-1069,Tablet,9,9,3,1431.09,702.08,729.01,178.61,19.6,0,0,2025-12-02 00:00:00,1,0,1
TXN-03-00224,STORE-010,Electronics,BrandC,In-Store,UPC-212832405,SKU-ELE-3887,Headphones,4,4,2,1318.8,595.62,723.18,404.19,74.49,0,0,2025-12-05 07:00:00,1,0,1
TXN-03-04773,STORE-020,Grocery,BrandD,In-Store,UPC-719895560,SKU-GRO-8822,Juice,3,3,0,1051.26,646.55,404.71,401.03,50.61,0,0,2025-12-05 19:00:00,1,0,1
TXN-03-06331,STORE-007,Grocery,BrandH,Online,UPC-515720562,SKU-GRO-7579,Milk,3,3,0,1144.59,808.35,336.24,446.21,64.68,0,0,2025-12-28 17:00:00,1,0,1
TXN-03-04715,STORE-009,Electronics,BrandB,Online,UPC-938155540,SKU-ELE-5253,Laptop,9,9,4,3379.95,2398.02,981.93,456.97,81.42,0,0,2025-12-30 17:00:00,0,0,1
TXN-03-04750,STORE-014,Home & Garden,BrandE,In-Store,UPC-412268955,SKU-HOM-2164,Rug,7,7,4,3270.47,1769.72,1500.75,473.87,6.66,1,1,2025-12-03 07:00:00,1,0,1
TXN-03-05352,STORE-015,Sports,BrandE,Online,UPC-566119004,SKU-SPO-6148,Backpack,5,5,0,846.85,554.88,291.97,202.93,33.56,0,0,2025-12-08 11:00:00,1,0,1
TXN-03-05024,STORE-005,Sports,BrandD,In-Store,UPC-576131614,SKU-SPO-6527,Running Shoes,6,6,3,1897.08,1220.81,676.27,411.65,95.47,0,0,2025-12-30 10:00:00,1,0,1
TXN-03-01505,STORE-003,Grocery,BrandB,In-Store,UPC-520847870,SKU-GRO-8230,Bread,8,8,2,1611.68,873.65,738.03,234.46,33.0,0,0,2025-12-13 13:00:00,1,1,1
TXN-03-01106,STORE-016,Grocery,BrandE,In-Store,UPC-389967909,SKU-GRO-6906,Snack Bar,8,8,3,2796.88,1590.89,1205.99,386.61,37.0,0,0,2025-12-19 23:00:00,0,0,1
TXN-03-01817,STORE-004,Electronics,BrandE,In-Store,UPC-262812355,SKU-ELE-7670,Phone,9,9,2,93.33,46.52,46.81,11.13,0.76,0,0,2025-12-17 21:00:00,1,0,1
TXN-03-03553,STORE-006,Apparel,BrandE,Online,UPC-337534240,SKU-APP-8563,Shoes,9,9,3,3847.41,2500.09,1347.32,481.11,53.62,0,0,2025-12-10 00:00:00,1,0,1
TXN-03-00274,STORE-007,Apparel,BrandG,Mobile,UPC-617997529,SKU-APP-4401,Shoes,6,6,3,515.82,361.39,154.43,99.73,13.76,0,0,2025-12-02 00:00:00,1,0,1
TXN-03-05962,STORE-001,Apparel,BrandH,In-Store,UPC-416759714,SKU-APP-1169,Jacket,1,1,2,307.34,227.83,79.51,395.54,88.2,1,1,2025-12-04 05:00:00,1,1,1
TXN-03-02433,STORE-001,Electronics,BrandB,In-Store,UPC-917502156,SKU-ELE-9049,Headphones,3,3,2,724.11,382.22,341.89,252.2,10.83,0,0,2025-12-01 16:00:00,1,1,1
TXN-03-04234,STORE-017,Apparel,BrandF,In-Store,UPC-492312051,SKU-APP-2874,Jacket,5,5,1,45.75,21.62,24.13,13.05,3.9,1,1,2025-12-31 00:00:00,1,0,1
TXN-03-01415,STORE-006,Apparel,BrandH,Mobile,UPC-784711890,SKU-APP-9022,Jeans,2,2,0,373.04,152.72,220.32,236.74,50.22,0,0,2025-12-02 00:00:00,1,0,1
TXN-03-05819,STORE-012,Grocery,BrandE,Online,UPC-634568758,SKU-GRO-8386,Cereal,9,9,3,2947.95,1252.51,1695.44,403.71,76.16,0,0,2025-12-18 01:00:00,1,1,1
TXN-03-05459,STORE-016,Electronics,BrandD,Online,UPC-386307723,SKU-ELE-7265,Tablet,6,6,2,897.36,612.5,284.86,195.17,45.61,1,0,2025-12-03 18:00:00,1,0,1
TXN-03-01451,STORE-019,Apparel,BrandA,In-Store,UPC-178752588,SKU-APP-9142,Hat,8,8,2,1998.56,1204.67,793.89,252.66,2.84,0,0,2025-12-30 14:00:00,0,0,1
TXN-03-00618,STORE-006,Apparel,BrandH,In-Store,UPC-106357808,SKU-APP-8197,Socks,6,6,1,2033.58,1100.85,932.73,479.66,140.73,0,0,2025-12-03 23:00:00,1,0,1
TXN-03-02944,STORE-019,Home & Garden,BrandH,In-Store,UPC-765377210,SKU-HOM-6477,Cushion,5,5,4,1564.1,666.06,898.04,421.02,108.2,0,0,2025-12-23 06:00:00,0,0,1
TXN-03-03442,STORE-010,Grocery,BrandC,Mobile,UPC-296895327,SKU-GRO-6592,Cereal,9,9,1,3032.91,1591.72,1441.19,405.43,68.44,0,0,2025-12-12 17:00:00,0,0,1
TXN-03-04673,STORE-005,Apparel,BrandG,In-Store,UPC-892327724,SKU-APP-6935,Jacket,7,7,1,2350.6,1610.96,739.64,469.14,133.34,1,0,2025-12-28 07:00:00,0,0,1
TXN-03-00656,STORE-018,Grocery,BrandA,In-Store,UPC-977114921,SKU-GRO-1292,Rice,2,2,2,597.58,437.38,160.2,423.3,124.51,0,0,2025-12-15 05:00:00,0,0,1
TXN-03-05936,STORE-016,Home & Garden,BrandF,Mobile,UPC-969614584,SKU-HOM-1253,Rug,5,5,2,107.2,75.76,31.44,30.31,8.87,0,0,2025-12-21 06:00:00,1,1,1
TXN-03-04774,STORE-017,Home & Garden,BrandC,Online,UPC-352977085,SKU-HOM-2291,Chair,8,8,4,1405.92,930.01,475.91,182.58,6.84,0,0,2025-12-06 10:00:00,1,0,1
TXN-03-05236,STORE-012,Electronics,BrandA,Online,UPC-925685208,SKU-ELE-4035,Speaker,8,8,2,1123.92,671.42,452.5,142.93,2.44,0,0,2025-12-20 06:00:00,1,0,1
TXN-03-00429,STORE-018,Apparel,BrandC,In-Store,UPC-354847411,SKU-APP-3539,Shoes,9,9,3,2326.05,1223.22,1102.83,316.2,57.75,0,0,2025-12-03 16:00:00,1,1,1
TXN-03-04482,STORE-016,Electronics,BrandD,In-Store,UPC-827156375,SKU-ELE-9547,Speaker,9,9,4,2270.25,1697.49,572.76,299.17,46.92,0,0,2025-12-13 08:00:00,1,1,1
TXN-03-03709,STORE-015,Electronics,BrandH,Online,UPC-925808836,SKU-ELE-4948,Monitor,6,6,3,1068.72,748.97,319.75,207.66,29.54,0,0,2025-12-20 05:00:00,1,0,1
TXN-03-00087,STORE-001,Sports,BrandA,In-Store,UPC-962511981,SKU-SPO-3948,Jersey,6,6,1,638.52,447.39,191.13,137.52,31.1,0,0,2025-12-14 04:00:00,1,0,1
TXN-03-01188,STORE-007,Grocery,BrandE,In-Store,UPC-800328522,SKU-GRO-7821,Snack Bar,3,3,0,421.74,287.58,134.16,145.45,4.87,0,0,2025-12-24 12:00:00,0,0,1
TXN-03-01337,STORE-015,Electronics,BrandC,In-Store,UPC-225513621,SKU-ELE-3901,Laptop,1,1,1,10.57,5.64,4.93,14.52,3.95,0,0,2025-12-24 21:00:00,0,1,1
TXN-03-04139,STORE-008,Sports,BrandF,Mobile,UPC-648024003,SKU-SPO-1109,Backpack,5,5,2,1340.5,710.17,630.33,334.9,66.8,0,0,2025-12-09 18:00:00,1,0,1
TXN-03-05958,STORE-019,Home & Garden,BrandG,In-Store,UPC-272541857,SKU-HOM-5110,Tool Set,8,8,3,2369.04,1667.41,701.63,414.98,118.85,0,0,2025-12-13 19:00:00,1,1,1
TXN-03-04435,STORE-009,Sports,BrandE,Mobile,UPC-620548519,SKU-SPO-5886,Resistance Band,3,3,2,522.66,243.35,279.31,221.08,46.86,0,0,2025-12-11 17:00:00,1,0,1
TXN-03-06171,STORE-002,Apparel,BrandH,In-Store,UPC-776738359,SKU-APP-8653,Jacket,9,9,2,3308.04,2151.74,1156.3,477.81,110.25,0,0,2025-12-16 11:00:00,1,1,1
TXN-03-05805,STORE-001,Electronics,BrandF,In-Store,UPC-361475123,SKU-ELE-1942,Tablet,5,5,4,31.6,20.56,11.04,8.0,1.68,0,0,2025-12-28 20:00:00,1,0,1
TXN-03-03322,STORE-005,Apparel,BrandH,Online,UPC-561104907,SKU-APP-7154,Dress,9,9,1,2910.6,2138.51,772.09,414.48,91.08,0,0,2025-12-01 16:00:00,0,0,1
TXN-03-05215,STORE-013,Grocery,BrandG,In-Store,UPC-396029001,SKU-GRO-7330,Rice,2,2,3,720.82,523.44,197.38,381.43,21.02,0,0,2025-12-29 01:00:00,0,0,1
TXN-03-03441,STORE-013,Grocery,BrandA,In-Store,UPC-822842321,SKU-GRO-4515,Juice,8,8,0,3820.4,2612.0,1208.4,499.81,22.26,0,0,2025-12-05 15:00:00,0,0,1
TXN-03-01029,STORE-003,Apparel,BrandE,Online,UPC-958575361,SKU-APP-3277,T-Shirt,5,5,1,1248.1,637.08,611.02,256.39,6.77,0,0,2025-12-09 00:00:00,0,1,1
TXN-03-00153,STORE-015,Apparel,BrandC,Online,UPC-881212204,SKU-APP-3052,Dress,8,8,3,1187.52,514.83,672.69,173.25,24.81,1,1,2025-12-12 01:00:00,1,0,1
TXN-03-06204,STORE-013,Electronics,BrandE,Online,UPC-783481240,SKU-ELE-8243,Phone,4,4,4,1189.2,547.66,641.54,406.51,109.21,0,0,2025-12-21 14:00:00,1,0,1
TXN-03-04088,STORE-007,Grocery,BrandE,In-Store,UPC-747399980,SKU-GRO-1384,Rice,5,5,2,619.4,283.59,335.81,124.64,0.76,0,0,2025-12-24 22:00:00,0,0,1
TXN-03-02918,STORE-013,Home & Garden,BrandA,Online,UPC-469505358,SKU-HOM-6615,Rug,7,7,4,2451.33,1742.51,708.82,361.37,11.18,0,0,2025-12-10 02:00:00,0,0,1
TXN-03-00841,STORE-002,Grocery,BrandE,Online,UPC-759282819,SKU-GRO-2205,Snack Bar,6,6,3,98.28,58.69,39.59,23.39,7.01,0,0,2025-12-04 08:00:00,0,0,1
TXN-03-01324,STORE-015,Apparel,BrandA,Online,UPC-211769933,SKU-APP-5390,T-Shirt,7,7,3,1355.55,825.62,529.93,254.7,61.05,0,0,2025-12-14 08:00:00,1,0,1
TXN-03-04604,STORE-010,Grocery,BrandF,In-Store,UPC-740910300,SKU-GRO-6006,Snack Bar,1,1,3,77.4,51.19,26.21,101.78,24.38,0,0,2025-12-07 12:00:00,1,0,1
TXN-03-01037,STORE-004,Electronics,BrandD,In-Store,UPC-726364857,SKU-ELE-3707,Speaker,9,9,2,250.2,146.0,104.2,35.0,7.2,0,0,2025-12-17 07:00:00,1,0,1
TXN-03-00589,STORE-009,Apparel,BrandB,In-Store,UPC-950775309,SKU-APP-7217,Dress,7,7,0,1535.45,885.59,649.86,280.79,61.44,0,0,2025-12-12 01:00:00,1,0,1
TXN-03-00918,STORE-007,Grocery,BrandA,Online,UPC-366629767,SKU-GRO-3096,Juice,2,2,3,361.24,253.68,107.56,244.88,64.26,0,0,2025-12-27 18:00:00,1,0,1
TXN-03-00070,STORE-020,Electronics,BrandE,In-Store,UPC-351579667,SKU-ELE-4215,Headphones,2,2,2,683.24,327.09,356.15,411.87,70.25,0,0,2025-12-18 22:00:00,1,0,1
TXN-03-05907,STORE-019,Home & Garden,BrandA,In-Store,UPC-956675317,SKU-HOM-9294,Vase,5,5,3,1142.85,546.12,596.73,232.98,4.41,1,0,2025-12-05 07:00:00,1,0,1
TXN-03-16402,STORE-008,Home & Garden,BrandH,In-Store,UPC-481472571,SKU-HOM-7734,Lamp,6,6,0,1280.04,781.98,498.06,224.25,10.91,0,0,2025-12-10 17:00:00,1,0,1
TXN-03-00889,STORE-005,Grocery,BrandE,Mobile,UPC-282503100,SKU-GRO-5886,Pasta,9,9,3,1988.46,1252.74,735.72,274.89,53.95,0,0,2025-12-15 07:00:00,1,0,1
TXN-03-04164,STORE-017,Electronics,BrandD,Online,UPC-960116857,SKU-ELE-2627,Speaker,3,3,4,51.9,24.86,27.04,23.67,6.37,0,0,2025-12-25 10:00:00,0,0,1
TXN-03-01685,STORE-002,Electronics,BrandD,In-Store,UPC-773945103,SKU-ELE-8979,Charger,8,8,3,1505.44,971.57,533.87,207.25,19.07,0,0,2025-12-06 01:00:00,0,0,1
TXN-03-04140,STORE-012,Home & Garden,BrandF,In-Store,UPC-417950816,SKU-HOM-1220,Lamp,3,3,0,50.97,30.64,20.33,24.16,7.17,0,0,2025-12-24 17:00:00,1,0,1
TXN-03-04740,STORE-003,Grocery,BrandF,In-Store,UPC-848584823,SKU-GRO-8216,Pasta,7,7,2,406.42,299.32,107.1,73.47,15.41,0,0,2025-12-13 02:00:00,1,0,1
TXN-03-03135,STORE-018,Home & Garden,BrandF,In-Store,UPC-601931973,SKU-HOM-8227,Hose,9,9,0,507.87,327.6,180.27,57.57,1.14,0,0,2025-12-10 10:00:00,1,1,1
TXN-03-01494,STORE-002,Grocery,BrandF,Online,UPC-720977276,SKU-GRO-9323,Pasta,2,2,4,886.6,635.89,250.71,464.54,21.24,0,0,2025-12-06 06:00:00,0,0,1
TXN-03-02803,STORE-011,Home & Garden,BrandB,Online,UPC-642359836,SKU-HOM-4599,Vase,5,5,0,721.55,330.3,391.25,160.9,16.59,0,0,2025-12-24 13:00:00,1,0,1
TXN-03-02230,STORE-016,Home & Garden,BrandG,In-Store,UPC-195397143,SKU-HOM-6781,Plant Pot,9,9,4,208.8,149.08,59.72,26.26,3.06,0,0,2025-12-04 01:00:00,1,0,1
TXN-03-02824,STORE-008,Sports,BrandC,Online,UPC-468881509,SKU-SPO-9712,Jersey,6,6,2,2826.72,1948.5,878.22,484.73,13.61,0,0,2025-12-12 00:00:00,1,1,1
TXN-03-01777,STORE-016,Electronics,BrandH,Online,UPC-458123621,SKU-ELE-2867,Headphones,5,5,0,1131.95,470.7,661.25,307.74,81.35,0,0,2025-12-03 12:00:00,0,0,1
TXN-03-03564,STORE-017,Home & Garden,BrandD,In-Store,UPC-989386546,SKU-HOM-3152,Chair,7,7,2,168.49,108.73,59.76,27.27,3.2,0,0,2025-12-28 08:00:00,1,0,1
TXN-03-03919,STORE-010,Home & Garden,BrandF,In-Store,UPC-526242082,SKU-HOM-3116,Plant Pot,4,4,0,582.92,252.46,330.46,161.24,15.51,0,0,2025-12-29 01:00:00,1,0,1
TXN-03-03202,STORE-017,Grocery,BrandC,In-Store,UPC-673665686,SKU-GRO-6029,Milk,7,7,2,451.92,319.21,132.71,82.57,18.01,0,0,2025-12-27 09:00:00,0,0,1
TXN-03-02688,STORE-017,Sports,BrandE,In-Store,UPC-659762653,SKU-SPO-1566,Dumbbell,1,1,2,202.24,140.97,61.27,228.83,26.59,0,0,2025-12-13 05:00:00,1,1,1
TXN-03-05794,STORE-017,Grocery,BrandB,In-Store,UPC-257113047,SKU-GRO-3147,Juice,2,2,2,14.2,8.97,5.23,8.03,0.93,0,0,2025-12-27 18:00:00,0,1,1
TXN-03-05972,STORE-009,Apparel,BrandD,Online,UPC-756862318,SKU-APP-2210,Jeans,4,4,2,647.4,348.01,299.39,194.29,32.44,0,0,2025-12-19 15:00:00,0,0,1
TXN-03-16405,STORE-008,Sports,BrandB,In-Store,UPC-436255686,SKU-SPO-5700,Resistance Band,4,4,2,442.16,201.37,240.79,117.52,6.98,0,0,2025-12-08 22:00:00,1,0,1
TXN-03-02463,STORE-013,Apparel,BrandH,In-Store,UPC-829706021,SKU-APP-9622,Jacket,3,3,4,424.95,202.8,222.15,169.1,27.45,0,0,2025-12-22 23:00:00,0,0,1
TXN-03-01824,STORE-002,Sports,BrandG,Online,UPC-469566979,SKU-SPO-2513,Running Shoes,8,8,1,1956.64,848.87,1107.77,311.23,66.65,0,0,2025-12-26 17:00:00,0,1,1
TXN-03-00285,STORE-017,Sports,BrandH,In-Store,UPC-213338059,SKU-SPO-7050,Backpack,7,7,2,465.08,257.27,207.81,80.52,14.08,0,0,2025-12-08 03:00:00,1,0,1
TXN-03-05981,STORE-011,Home & Garden,BrandF,Online,UPC-222110009,SKU-HOM-3407,Lamp,8,8,1,2444.8,1462.49,982.31,357.23,51.63,0,0,2025-12-13 23:00:00,1,0,1
TXN-03-01698,STORE-005,Grocery,BrandE,Mobile,UPC-782811823,SKU-GRO-1510,Cereal,2,2,0,172.82,79.91,92.91,103.63,17.22,0,0,2025-12-15 12:00:00,1,1,1
TXN-03-04521,STORE-010,Home & Garden,BrandG,In-Store,UPC-178008203,SKU-HOM-5058,Tool Set,8,8,3,1965.76,1187.72,778.04,275.09,29.37,0,0,2025-12-28 10:00:00,1,0,1
TXN-03-04283,STORE-016,Electronics,BrandG,Mobile,UPC-250996031,SKU-ELE-7213,Tablet,1,1,3,241.14,126.96,114.18,263.77,22.63,0,0,2025-12-15 01:00:00,0,0,1
TXN-03-03354,STORE-007,Home & Garden,BrandA,In-Store,UPC-139150184,SKU-HOM-1575,Hose,8,8,0,617.36,442.97,174.39,105.18,28.01,0,0,2025-12-17 01:00:00,1,0,1
TXN-03-05681,STORE-013,Electronics,BrandH,In-Store,UPC-678208732,SKU-ELE-1421,Phone,5,5,3,945.2,562.83,382.37,230.9,41.86,0,0,2025-12-07 20:00:00,1,0,1
TXN-03-04357,STORE-009,Home & Garden,BrandB,In-Store,UPC-794862905,SKU-HOM-3215,Vase,5,5,2,1947.6,997.17,950.43,466.79,77.27,0,0,2025-12-15 05:00:00,1,1,1
TXN-03-02405,STORE-007,Grocery,BrandG,Online,UPC-475883940,SKU-GRO-7477,Coffee,5,5,3,141.4,101.99,39.41,29.32,1.04,0,0,2025-12-27 06:00:00,0,0,1
TXN-03-03480,STORE-008,Electronics,BrandH,In-Store,UPC-142440027,SKU-ELE-4636,Speaker,9,9,1,1481.04,632.21,848.83,172.45,7.89,1,0,2025-12-11 18:00:00,0,0,1
TXN-03-05230,STORE-016,Home & Garden,BrandG,Online,UPC-343054994,SKU-HOM-3407,Lamp,3,3,0,154.26,64.92,89.34,59.05,7.63,0,0,2025-12-01 05:00:00,0,0,1
TXN-03-03312,STORE-007,Apparel,BrandC,Online,UPC-164726913,SKU-APP-7686,Hat,7,7,2,1051.89,736.93,314.96,155.7,5.43,0,0,2025-12-19 01:00:00,0,0,1
TXN-03-05590,STORE-013,Home & Garden,BrandA,In-Store,UPC-418422367,SKU-HOM-4311,Chair,7,7,0,230.16,93.75,136.41,35.48,2.6,0,0,2025-12-20 02:00:00,1,1,1
TXN-03-01392,STORE-006,Home & Garden,BrandD,Mobile,UPC-660665791,SKU-HOM-2375,Hose,8,8,1,550.8,360.06,190.74,85.37,16.52,0,0,2025-12-12 08:00:00,0,1,1
TXN-03-02619,STORE-009,Electronics,BrandA,In-Store,UPC-662887206,SKU-ELE-4970,Headphones,1,1,1,387.83,206.87,180.96,389.83,2.0,0,0,2025-12-21 09:00:00,0,0,1
TXN-03-04602,STORE-020,Electronics,BrandB,In-Store,UPC-763702689,SKU-ELE-3550,Monitor,7,7,3,1706.6,803.02,903.58,284.34,40.54,0,0,2025-12-24 00:00:00,1,0,1
TXN-03-01829,STORE-003,Grocery,BrandE,In-Store,UPC-479738191,SKU-GRO-9593,Snack Bar,7,7,2,1994.23,852.25,1141.98,403.68,118.79,0,0,2025-12-02 16:00:00,1,0,1
TXN-03-03515,STORE-020,Sports,BrandH,In-Store,UPC-470982780,SKU-SPO-9481,Backpack,9,9,4,1636.56,983.07,653.49,230.86,49.02,0,0,2025-12-08 19:00:00,1,0,1
TXN-03-04735,STORE-014,Electronics,BrandB,Online,UPC-716404129,SKU-ELE-2857,Headphones,8,8,0,1708.4,1062.59,645.81,286.91,73.36,0,0,2025-12-14 17:00:00,1,1,1
TXN-03-05130,STORE-014,Home & Garden,BrandF,Online,UPC-780480979,SKU-HOM-3783,Rug,4,4,1,1238.24,705.82,532.42,325.78,16.22,0,0,2025-12-17 02:00:00,0,1,1
TXN-03-05672,STORE-018,Grocery,BrandD,In-Store,UPC-829525388,SKU-GRO-7501,Cereal,5,5,1,57.95,34.95,23.0,13.08,1.49,0,0,2025-12-09 19:00:00,1,0,1
TXN-03-00422,STORE-020,Electronics,BrandD,Online,UPC-259254905,SKU-ELE-4019,Tablet,2,2,0,50.8,32.41,18.39,27.58,2.18,0,0,2025-12-02 04:00:00,1,1,1
TXN-03-06260,STORE-001,Home & Garden,BrandA,In-Store,UPC-908512770,SKU-HOM-8121,Vase,2,2,4,505.46,316.55,188.91,256.57,3.84,0,0,2025-12-15 19:00:00,0,0,1
TXN-03-01382,STORE-007,Electronics,BrandC,In-Store,UPC-208410186,SKU-ELE-6325,Camera,2,2,0,869.92,368.08,501.84,494.47,59.51,0,0,2025-12-05 14:00:00,0,0,1
TXN-03-05660,STORE-012,Home & Garden,BrandF,Online,UPC-946884363,SKU-HOM-7990,Chair,5,5,4,1086.4,612.02,474.38,226.39,9.11,0,0,2025-12-03 08:00:00,1,0,1
TXN-03-00156,STORE-008,Sports,BrandA,Online,UPC-913051118,SKU-SPO-4920,Dumbbell,2,2,1,496.8,282.37,214.43,273.11,24.71,0,0,2025-12-07 12:00:00,0,0,1
TXN-03-01593,STORE-011,Sports,BrandD,Mobile,UPC-530998039,SKU-SPO-6365,Yoga Mat,4,4,2,890.68,534.75,355.93,225.21,2.54,0,0,2025-12-03 06:00:00,1,0,1
TXN-03-02331,STORE-008,Home & Garden,BrandH,In-Store,UPC-883688355,SKU-HOM-9143,Vase,8,8,2,2070.64,1038.5,1032.14,278.96,20.13,0,0,2025-12-17 14:00:00,1,1,1
TXN-03-03616,STORE-006,Electronics,BrandA,In-Store,UPC-275245770,SKU-ELE-9732,Laptop,7,7,3,2670.71,1366.13,1304.58,441.81,60.28,0,0,2025-12-21 22:00:00,0,0,1
TXN-03-03389,STORE-002,Electronics,BrandE,In-Store,UPC-599062988,SKU-ELE-9912,Speaker,6,6,4,2880.06,1526.37,1353.69,498.14,18.13,0,0,2025-12-22 03:00:00,1,1,1
TXN-03-01530,STORE-001,Sports,BrandB,In-Store,UPC-713766047,SKU-SPO-2923,Backpack,2,2,2,173.64,109.95,63.69,117.73,30.91,0,0,2025-12-28 21:00:00,1,0,1
TXN-03-06259,STORE-007,Home & Garden,BrandD,Mobile,UPC-895943147,SKU-HOM-6486,Plant Pot,5,5,3,1100.1,610.83,489.27,312.41,92.39,0,0,2025-12-19 13:00:00,1,0,1
TXN-03-02630,STORE-007,Apparel,BrandF,In-Store,UPC-879408267,SKU-APP-8785,T-Shirt,2,2,1,605.7,378.08,227.62,424.08,121.23,0,0,2025-12-04 22:00:00,1,0,1
TXN-03-00356,STORE-014,Electronics,BrandB,Online,UPC-362126986,SKU-ELE-7638,Monitor,9,9,1,1445.58,1059.39,386.19,201.63,41.01,0,0,2025-12-03 23:00:00,0,0,1
TXN-03-05843,STORE-004,Home & Garden,BrandD,In-Store,UPC-118985632,SKU-HOM-9346,Vase,3,3,0,714.78,364.9,349.88,248.41,10.15,0,0,2025-12-05 00:00:00,0,1,1
TXN-03-02976,STORE-012,Home & Garden,BrandB,Online,UPC-788223393,SKU-HOM-1119,Rug,2,2,4,659.88,308.35,351.53,346.11,16.17,0,0,2025-12-06 23:00:00,1,0,1
TXN-03-04411,STORE-001,Sports,BrandF,Mobile,UPC-104178343,SKU-SPO-9666,Yoga Mat,4,4,0,1297.12,813.73,483.39,435.88,111.6,0,0,2025-12-12 05:00:00,1,0,1
TXN-03-05581,STORE-008,Electronics,BrandG,In-Store,UPC-854034483,SKU-ELE-4298,Speaker,7,7,1,519.4,324.01,195.39,94.21,20.01,0,0,2025-12-27 08:00:00,0,0,1
TXN-03-02278,STORE-002,Electronics,BrandE,Online,UPC-232343333,SKU-ELE-2808,Camera,1,1,1,142.59,71.72,70.87,144.13,1.54,0,0,2025-12-13 15:00:00,1,1,1
TXN-03-00766,STORE-017,Sports,BrandB,In-Store,UPC-464856575,SKU-SPO-7852,Backpack,4,4,0,1541.8,926.09,615.71,418.85,33.4,0,0,2025-12-28 09:00:00,0,1,1
TXN-03-05234,STORE-020,Grocery,BrandH,In-Store,UPC-212222081,SKU-GRO-5771,Bread,1,1,0,250.17,121.83,128.34,265.64,15.47,0,0,2025-12-12 10:00:00,1,0,1
TXN-03-01510,STORE-012,Apparel,BrandD,Online,UPC-534781601,SKU-APP-2565,Hat,3,3,1,996.57,632.53,364.04,431.52,99.33,0,0,2025-12-05 08:00:00,0,0,1
TXN-03-05591,STORE-001,Sports,BrandF,In-Store,UPC-715204911,SKU-SPO-1680,Running Shoes,2,2,0,445.24,302.25,142.99,309.02,86.4,0,0,2025-12-07 17:00:00,0,1,1
TXN-03-01678,STORE-017,Home & Garden,BrandE,In-Store,UPC-961552493,SKU-HOM-8342,Cushion,2,2,4,872.16,600.64,271.52,466.81,30.73,0,0,2025-12-05 12:00:00,1,0,1
TXN-03-06358,STORE-015,Electronics,BrandF,In-Store,UPC-327043269,SKU-ELE-4224,Monitor,7,7,1,715.68,325.9,389.78,121.76,19.52,1,0,2025-12-17 07:00:00,1,0,1
TXN-03-01528,STORE-009,Sports,BrandH,Online,UPC-713918168,SKU-SPO-1341,Backpack,9,9,2,2832.21,1920.15,912.06,317.66,2.97,0,0,2025-12-22 00:00:00,1,0,1
TXN-03-00681,STORE-020,Sports,BrandA,In-Store,UPC-374770251,SKU-SPO-9342,Dumbbell,7,7,4,1730.75,1137.36,593.39,277.55,30.3,0,0,2025-12-12 23:00:00,1,0,1
TXN-03-01224,STORE-017,Sports,BrandD,In-Store,UPC-775090515,SKU-SPO-5215,Jersey,3,3,1,1168.86,740.59,428.27,423.19,33.57,1,0,2025-12-09 06:00:00,1,0,1
TXN-03-06027,STORE-019,Apparel,BrandD,In-Store,UPC-175856161,SKU-APP-1350,Shoes,1,1,1,70.68,35.75,34.93,73.26,2.58,0,0,2025-12-01 13:00:00,1,0,1
TXN-03-05826,STORE-019,Home & Garden,BrandD,In-Store,UPC-218125125,SKU-HOM-9554,Plant Pot,1,1,4,309.09,216.62,92.47,375.8,66.71,0,0,2025-12-07 06:00:00,1,0,1
TXN-03-03238,STORE-016,Apparel,BrandA,Online,UPC-343337542,SKU-APP-8373,Dress,1,1,4,205.39,141.48,63.91,248.08,42.69,0,0,2025-12-20 00:00:00,1,0,1
TXN-03-05867,STORE-001,Apparel,BrandF,In-Store,UPC-965406173,SKU-APP-7341,Hat,5,5,2,382.2,213.56,168.64,100.2,23.76,0,0,2025-12-12 14:00:00,1,0,1
TXN-03-00220,STORE-009,Home & Garden,BrandH,Online,UPC-266307867,SKU-HOM-9662,Rug,7,7,1,1014.44,672.06,342.38,170.89,25.97,0,0,2025-12-13 11:00:00,1,0,1
TXN-03-05662,STORE-006,Sports,BrandA,In-Store,UPC-131092222,SKU-SPO-1952,Yoga Mat,9,9,0,2341.26,1030.07,1311.19,358.2,98.06,0,0,2025-12-24 02:00:00,1,0,1
TXN-03-05885,STORE-014,Sports,BrandB,In-Store,UPC-175373127,SKU-SPO-1681,Resistance Band,8,8,0,2869.92,1260.53,1609.39,377.44,18.7,0,0,2025-12-20 07:00:00,0,0,1
TXN-03-05120,STORE-019,Electronics,BrandG,Online,UPC-974361291,SKU-ELE-6041,Monitor,3,3,0,871.68,583.86,287.82,381.31,90.75,0,0,2025-12-14 22:00:00,1,1,1
TXN-03-03680,STORE-013,Home & Garden,BrandG,In-Store,UPC-632579944,SKU-HOM-7950,Lamp,8,8,2,2691.2,1649.97,1041.23,413.21,76.81,0,0,2025-12-26 11:00:00,1,0,1
TXN-03-02620,STORE-019,Sports,BrandG,Online,UPC-190309323,SKU-SPO-7369,Cap,5,5,2,1878.65,830.24,1048.41,383.91,8.18,0,0,2025-12-10 14:00:00,0,1,1
TXN-03-05841,STORE-006,Apparel,BrandG,Online,UPC-983400943,SKU-APP-5262,T-Shirt,4,4,4,1500.12,637.04,863.08,387.36,12.33,0,0,2025-12-12 21:00:00,0,1,1
TXN-03-03578,STORE-010,Home & Garden,BrandG,Online,UPC-625919610,SKU-HOM-7199,Lamp,1,1,3,83.5,37.3,46.2,105.32,21.82,0,0,2025-12-03 02:00:00,0,1,1
TXN-03-03279,STORE-010,Grocery,BrandA,Mobile,UPC-330369851,SKU-GRO-7398,Snack Bar,6,6,2,2358.36,1154.46,1203.9,395.77,2.71,0,0,2025-12-08 09:00:00,0,0,1
TXN-03-03460,STORE-019,Electronics,BrandG,Online,UPC-908231998,SKU-ELE-4636,Camera,8,8,4,1479.36,707.09,772.27,256.73,71.81,0,0,2025-12-26 06:00:00,0,0,1
TXN-03-01377,STORE-001,Electronics,BrandB,In-Store,UPC-738322584,SKU-ELE-3031,Camera,6,6,0,953.16,638.61,314.55,205.6,46.74,0,0,2025-12-06 16:00:00,1,0,1
TXN-03-01008,STORE-004,Electronics,BrandC,Online,UPC-915957839,SKU-ELE-5012,Camera,1,1,3,345.1,179.18,165.92,371.97,26.87,0,0,2025-12-04 13:00:00,0,0,1
TXN-03-06276,STORE-018,Electronics,BrandG,In-Store,UPC-911633792,SKU-ELE-7879,Charger,4,4,4,1163.12,863.03,300.09,296.38,5.6,0,0,2025-12-18 20:00:00,0,0,1
TXN-03-01756,STORE-004,Sports,BrandE,Online,UPC-126696902,SKU-SPO-1458,Backpack,8,8,1,2666.72,1847.42,819.3,395.98,62.64,0,0,2025-12-29 04:00:00,1,1,1
TXN-03-04355,STORE-001,Sports,BrandG,Online,UPC-128211409,SKU-SPO-2800,Water Bottle,8,8,0,2672.32,1387.94,1284.38,376.44,42.4,0,0,2025-12-26 05:00:00,0,0,1
TXN-03-04100,STORE-004,Grocery,BrandF,In-Store,UPC-371427896,SKU-GRO-6067,Bread,6,6,1,350.94,234.75,116.19,60.24,1.75,0,0,2025-12-04 01:00:00,0,0,1
TXN-03-02640,STORE-019,Apparel,BrandA,In-Store,UPC-369807888,SKU-APP-4051,Dress,9,9,4,1188.45,692.2,496.25,158.46,26.41,0,0,2025-12-07 23:00:00,1,0,1
TXN-03-04701,STORE-019,Grocery,BrandB,In-Store,UPC-449387696,SKU-GRO-4960,Coffee,6,6,0,135.12,89.69,45.43,31.63,9.11,0,0,2025-12-26 02:00:00,1,1,1
TXN-03-00129,STORE-014,Sports,BrandH,In-Store,UPC-578478654,SKU-SPO-1485,Resistance Band,2,2,2,423.38,297.27,126.11,266.04,54.35,0,0,2025-12-25 13:00:00,0,0,1
TXN-03-01104,STORE-001,Electronics,BrandG,Mobile,UPC-969434772,SKU-ELE-9304,Speaker,5,5,1,1416.55,1002.56,413.99,295.0,11.69,0,0,2025-12-08 15:00:00,1,0,1
TXN-03-06246,STORE-007,Apparel,BrandD,In-Store,UPC-405320802,SKU-APP-8867,Dress,7,7,1,908.04,650.34,257.7,171.78,42.06,0,0,2025-12-07 11:00:00,1,0,1
TXN-03-00693,STORE-003,Electronics,BrandA,Online,UPC-669845257,SKU-ELE-9756,Charger,5,5,2,1967.05,825.39,1141.66,408.88,15.47,0,0,2025-12-12 20:00:00,1,0,1
TXN-03-03499,STORE-013,Grocery,BrandE,In-Store,UPC-517499692,SKU-GRO-3373,Juice,3,3,0,686.55,497.67,188.88,299.65,70.8,0,0,2025-12-12 09:00:00,1,1,1
TXN-03-04768,STORE-013,Electronics,BrandH,Online,UPC-787776114,SKU-ELE-5988,Tablet,8,8,2,3177.92,1542.04,1635.88,460.75,63.51,0,0,2025-12-30 07:00:00,0,0,1
TXN-03-06284,STORE-011,Home & Garden,BrandB,Online,UPC-877984110,SKU-HOM-2162,Plant Pot,6,6,4,677.34,388.33,289.01,126.04,13.15,0,0,2025-12-08 15:00:00,1,0,1
TXN-03-01883,STORE-005,Electronics,BrandE,Online,UPC-846699900,SKU-ELE-8153,Speaker,1,1,4,400.44,261.84,138.6,481.78,81.34,0,0,2025-12-17 12:00:00,0,0,1
TXN-03-02516,STORE-004,Electronics,BrandC,Online,UPC-850227305,SKU-ELE-1782,Phone,9,9,0,2342.7,1135.83,1206.87,277.42,17.12,0,0,2025-12-23 06:00:00,1,1,1
TXN-03-00892,STORE-005,Home & Garden,BrandE,In-Store,UPC-857577357,SKU-HOM-9847,Vase,2,2,3,639.14,309.09,330.05,433.19,113.62,0,0,2025-12-05 08:00:00,1,0,1
TXN-03-05386,STORE-017,Home & Garden,BrandB,In-Store,UPC-401584579,SKU-HOM-8516,Tool Set,8,8,4,2510.8,1698.73,812.07,399.86,86.01,0,0,2025-12-12 02:00:00,0,0,1
TXN-03-00611,STORE-020,Sports,BrandF,In-Store,UPC-290182403,SKU-SPO-1357,Cap,7,7,1,1848.98,1298.15,550.83,294.04,29.9,0,0,2025-12-21 07:00:00,1,1,1
TXN-03-03076,STORE-011,Electronics,BrandG,Online,UPC-412693701,SKU-ELE-9306,Monitor,3,3,3,1015.17,443.24,571.93,430.56,92.17,0,0,2025-12-28 18:00:00,1,0,1
TXN-03-00328,STORE-001,Sports,BrandH,In-Store,UPC-331855632,SKU-SPO-5459,Backpack,6,6,1,339.3,174.02,165.28,59.26,2.71,0,0,2025-12-05 20:00:00,0,1,1
TXN-03-16436,STORE-013,Sports,BrandH,Online,UPC-399212505,SKU-SPO-3059,Resistance Band,9,9,1,1702.44,1011.7,690.74,220.7,31.54,0,0,2025-12-22 06:00:00,1,1,1
TXN-03-04243,STORE-009,Electronics,BrandD,In-Store,UPC-554869497,SKU-ELE-8459,Phone,2,2,4,432.96,267.13,165.83,248.01,31.53,0,0,2025-12-22 18:00:00,1,0,1
TXN-03-05312,STORE-001,Electronics,BrandB,In-Store,UPC-880449171,SKU-ELE-6716,Speaker,1,1,1,408.37,224.25,184.12,489.35,80.98,0,0,2025-12-26 07:00:00,1,0,1
TXN-03-00974,STORE-008,Electronics,BrandA,In-Store,UPC-419254516,SKU-ELE-9124,Speaker,7,7,0,2022.79,1414.1,608.69,289.11,0.14,0,0,2025-12-19 18:00:00,1,1,1
TXN-03-01752,STORE-002,Electronics,BrandD,In-Store,UPC-302543226,SKU-ELE-2470,Tablet,8,8,1,1955.76,1181.13,774.63,346.1,101.63,0,0,2025-12-29 11:00:00,1,0,1
TXN-03-05152,STORE-006,Sports,BrandC,Mobile,UPC-609095269,SKU-SPO-6612,Running Shoes,1,1,0,260.73,190.91,69.82,347.76,87.03,1,0,2025-12-06 16:00:00,1,0,1
TXN-03-00887,STORE-012,Home & Garden,BrandG,Online,UPC-758431862,SKU-HOM-2832,Plant Pot,3,3,1,476.82,345.37,131.45,217.34,58.4,0,0,2025-12-26 23:00:00,1,0,1
TXN-03-01581,STORE-006,Grocery,BrandG,Online,UPC-434252006,SKU-GRO-1318,Pasta,5,5,2,1118.3,825.52,292.78,232.78,9.12,0,0,2025-12-28 22:00:00,1,1,1
TXN-03-05151,STORE-015,Sports,BrandG,In-Store,UPC-501124607,SKU-SPO-4486,Yoga Mat,3,3,4,748.62,532.94,215.68,289.25,39.71,0,0,2025-12-23 03:00:00,1,0,1
TXN-03-00941,STORE-001,Home & Garden,BrandE,In-Store,UPC-712026045,SKU-HOM-2957,Rug,2,2,4,459.76,299.83,159.93,264.17,34.29,1,0,2025-12-27 16:00:00,0,1,1
TXN-03-05320,STORE-017,Grocery,BrandC,Online,UPC-608161822,SKU-GRO-7704,Pasta,7,7,4,2167.27,1298.61,868.66,441.96,132.35,0,0,2025-12-21 12:00:00,0,0,1
TXN-03-03660,STORE-001,Grocery,BrandG,In-Store,UPC-979053179,SKU-GRO-9430,Pasta,9,9,2,1255.14,912.5,342.64,178.69,39.23,0,0,2025-12-17 00:00:00,1,0,1
TXN-03-02094,STORE-008,Apparel,BrandB,Mobile,UPC-867547536,SKU-APP-8828,T-Shirt,6,6,4,1852.5,1223.87,628.63,329.55,20.8,1,0,2025-12-30 03:00:00,1,0,1
TXN-03-03395,STORE-009,Grocery,BrandD,In-Store,UPC-710536108,SKU-GRO-8451,Snack Bar,7,7,4,2056.25,922.62,1133.63,323.92,30.17,0,0,2025-12-16 18:00:00,1,0,1
TXN-03-00049,STORE-014,Electronics,BrandC,Online,UPC-536688382,SKU-ELE-7365,Headphones,3,3,3,46.23,19.64,26.59,18.67,3.26,0,0,2025-12-04 14:00:00,0,0,1
TXN-03-03068,STORE-003,Grocery,BrandE,Mobile,UPC-392635146,SKU-GRO-7211,Snack Bar,7,7,2,718.06,444.95,273.11,125.64,23.06,0,0,2025-12-25 03:00:00,1,0,1
TXN-03-06250,STORE-003,Grocery,BrandG,In-Store,UPC-930134253,SKU-GRO-5143,Milk,3,3,0,437.46,194.51,242.95,168.78,22.96,0,0,2025-12-13 10:00:00,0,0,1
TXN-03-05518,STORE-002,Sports,BrandB,In-Store,UPC-348057687,SKU-SPO-1530,Dumbbell,2,2,1,216.52,127.77,88.75,124.35,16.09,0,0,2025-12-01 00:00:00,1,1,1
TXN-03-04224,STORE-009,Grocery,BrandE,In-Store,UPC-976943683,SKU-GRO-2900,Snack Bar,2,2,2,868.08,528.25,339.83,454.22,20.18,0,0,2025-12-09 13:00:00,0,0,1
TXN-03-06319,STORE-010,Home & Garden,BrandF,Mobile,UPC-210121299,SKU-HOM-4835,Vase,3,3,4,680.7,361.15,319.55,290.47,63.57,0,0,2025-12-21 23:00:00,1,0,1
TXN-03-02383,STORE-019,Electronics,BrandH,Online,UPC-843741232,SKU-ELE-5350,Charger,3,3,1,937.95,555.65,382.3,426.03,113.38,0,0,2025-12-03 10:00:00,0,0,1
TXN-03-01574,STORE-017,Sports,BrandH,In-Store,UPC-534961968,SKU-SPO-2267,Cap,5,5,1,421.5,303.72,117.78,105.16,20.86,1,0,2025-12-27 04:00:00,0,0,1
TXN-03-06220,STORE-006,Grocery,BrandF,In-Store,UPC-544693605,SKU-GRO-5117,Snack Bar,4,4,0,1243.0,574.57,668.43,415.18,104.43,0,0,2025-12-17 23:00:00,1,1,1
TXN-03-01670,STORE-016,Electronics,BrandG,Online,UPC-973561590,SKU-ELE-6342,Laptop,6,6,4,2373.18,1101.28,1271.9,433.49,37.96,0,0,2025-12-07 12:00:00,1,0,1
TXN-03-03333,STORE-003,Apparel,BrandB,In-Store,UPC-114503372,SKU-APP-3195,Socks,8,8,1,2105.76,1339.64,766.12,315.35,52.13,0,0,2025-12-05 22:00:00,1,1,1
TXN-03-05339,STORE-002,Electronics,BrandH,Mobile,UPC-197971128,SKU-ELE-3855,Charger,2,2,3,389.26,176.04,213.22,197.57,2.94,0,0,2025-12-24 06:00:00,1,0,1
TXN-03-04062,STORE-001,Apparel,BrandE,In-Store,UPC-934730496,SKU-APP-9976,Shoes,9,9,3,1703.34,945.7,757.64,205.74,16.48,0,0,2025-12-07 07:00:00,1,1,1
TXN-03-01755,STORE-016,Grocery,BrandG,Online,UPC-394610393,SKU-GRO-2917,Bread,7,7,4,992.39,433.9,558.49,150.59,8.82,1,0,2025-12-03 07:00:00,1,1,1
TXN-03-01130,STORE-002,Electronics,BrandC,Online,UPC-473150403,SKU-ELE-6309,Camera,1,1,3,25.64,18.98,6.66,26.14,0.5,0,0,2025-12-12 14:00:00,1,0,1
TXN-03-05028,STORE-008,Electronics,BrandD,In-Store,UPC-405042656,SKU-ELE-4356,Speaker,9,9,4,1504.98,954.76,550.22,201.19,33.97,0,0,2025-12-30 22:00:00,1,0,1
TXN-03-04326,STORE-020,Grocery,BrandG,In-Store,UPC-489452448,SKU-GRO-9930,Juice,2,2,3,188.06,104.21,83.85,116.0,21.97,0,0,2025-12-18 04:00:00,0,0,1
TXN-03-04285,STORE-006,Apparel,BrandD,In-Store,UPC-577759935,SKU-APP-1246,Shoes,4,4,0,1690.76,1167.43,523.33,477.6,54.91,0,0,2025-12-16 01:00:00,1,0,1
TXN-03-03862,STORE-019,Grocery,BrandB,In-Store,UPC-959763091,SKU-GRO-7598,Coffee,9,9,3,412.47,209.97,202.5,54.52,8.69,0,0,2025-12-17 16:00:00,1,1,1
TXN-03-02466,STORE-018,Home & Garden,BrandD,In-Store,UPC-125759047,SKU-HOM-1497,Vase,9,9,3,230.76,162.91,67.85,33.01,7.37,1,0,2025-12-27 21:00:00,1,0,1
TXN-03-05964,STORE-019,Apparel,BrandG,Mobile,UPC-959419374,SKU-APP-9996,Shoes,6,6,0,171.18,120.94,50.24,36.21,7.68,0,0,2025-12-20 09:00:00,1,1,1
TXN-03-01554,STORE-015,Apparel,BrandA,In-Store,UPC-751314078,SKU-APP-7063,Dress,4,4,0,152.56,103.97,48.59,51.75,13.61,1,1,2025-12-17 20:00:00,1,0,1
TXN-03-04833,STORE-018,Grocery,BrandC,In-Store,UPC-783989330,SKU-GRO-1403,Coffee,7,7,3,1389.08,965.55,423.53,282.0,83.56,0,0,2025-12-27 04:00:00,1,1,1
TXN-03-02009,STORE-020,Home & Garden,BrandA,In-Store,UPC-781167661,SKU-HOM-9777,Tool Set,9,9,4,1705.95,1228.95,477.0,192.01,2.46,0,0,2025-12-13 10:00:00,0,0,1
TXN-03-05514,STORE-020,Apparel,BrandG,Online,UPC-186561772,SKU-APP-8373,Scarf,5,5,0,803.45,429.25,374.2,212.6,51.91,0,0,2025-12-01 22:00:00,0,0,1
TXN-03-05790,STORE-015,Electronics,BrandC,In-Store,UPC-857165339,SKU-ELE-9278,Camera,7,7,2,879.2,438.71,440.49,136.5,10.9,0,0,2025-12-15 08:00:00,1,0,1
TXN-03-04599,STORE-006,Home & Garden,BrandE,In-Store,UPC-747691945,SKU-HOM-5440,Tool Set,1,1,1,65.04,38.79,26.25,65.7,0.66,1,1,2025-12-01 05:00:00,1,0,1
TXN-03-06058,STORE-014,Grocery,BrandG,In-Store,UPC-913124959,SKU-GRO-9039,Juice,4,4,1,1712.56,709.9,1002.66,481.75,53.61,0,0,2025-12-19 18:00:00,0,1,1
TXN-03-02153,STORE-004,Home & Garden,BrandB,Mobile,UPC-621815589,SKU-HOM-7562,Lamp,2,2,2,366.92,237.01,129.91,211.85,28.39,0,0,2025-12-03 02:00:00,1,1,1
TXN-03-03034,STORE-017,Home & Garden,BrandA,Mobile,UPC-132191448,SKU-HOM-8303,Plant Pot,9,9,3,2410.65,1097.36,1313.29,369.13,101.28,0,0,2025-12-17 00:00:00,0,0,1
TXN-03-01490,STORE-004,Apparel,BrandH,In-Store,UPC-415929521,SKU-APP-5721,Jeans,8,8,3,1945.68,1075.37,870.31,243.38,0.17,0,0,2025-12-23 19:00:00,1,1,1
TXN-03-02435,STORE-020,Apparel,BrandF,In-Store,UPC-725962400,SKU-APP-6850,Jeans,7,7,0,550.9,296.41,254.49,109.67,30.97,0,0,2025-12-07 01:00:00,1,1,1
TXN-03-01952,STORE-019,Sports,BrandA,Online,UPC-362480732,SKU-SPO-4700,Jersey,4,4,4,543.24,302.24,241.0,175.17,39.36,0,0,2025-12-12 15:00:00,0,1,1
TXN-03-05840,STORE-012,Sports,BrandA,Online,UPC-459219540,SKU-SPO-7933,Water Bottle,7,7,4,95.06,59.96,35.1,15.64,2.06,0,0,2025-12-10 15:00:00,1,0,1
TXN-03-01072,STORE-009,Home & Garden,BrandB,In-Store,UPC-718865093,SKU-HOM-2303,Lamp,7,7,2,1515.15,628.69,886.46,244.27,27.82,0,0,2025-12-16 18:00:00,0,0,1
TXN-03-02938,STORE-009,Electronics,BrandC,Mobile,UPC-567820809,SKU-ELE-3798,Headphones,7,7,0,1628.76,1111.17,517.59,319.18,86.5,0,0,2025-12-29 03:00:00,1,1,1
TXN-03-02260,STORE-007,Grocery,BrandA,Online,UPC-469735375,SKU-GRO-3510,Cereal,1,1,4,376.42,250.66,125.76,411.22,34.8,0,0,2025-12-07 06:00:00,1,0,1
TXN-03-03623,STORE-011,Grocery,BrandB,Online,UPC-711376349,SKU-GRO-9602,Milk,5,5,2,802.65,578.88,223.77,164.1,3.57,0,0,2025-12-12 16:00:00,0,0,1
TXN-03-00664,STORE-010,Home & Garden,BrandG,In-Store,UPC-807111602,SKU-HOM-4454,Cushion,2,2,1,657.96,366.25,291.71,357.07,28.09,0,0,2025-12-11 13:00:00,1,1,1
TXN-03-02825,STORE-018,Electronics,BrandB,Online,UPC-804139655,SKU-ELE-6048,Laptop,1,1,1,166.64,80.71,85.93,234.97,68.33,0,0,2025-12-24 00:00:00,1,1,1
TXN-03-00737,STORE-006,Apparel,BrandD,Mobile,UPC-930398033,SKU-APP-8866,Socks,9,9,4,3437.73,2047.04,1390.69,476.96,94.99,0,0,2025-12-18 14:00:00,1,0,1
TXN-03-06148,STORE-014,Sports,BrandF,Online,UPC-282610872,SKU-SPO-2466,Backpack,8,8,0,2781.04,1924.14,856.9,478.83,131.2,0,0,2025-12-04 18:00:00,1,1,1
TXN-03-04711,STORE-013,Electronics,BrandH,In-Store,UPC-359616845,SKU-ELE-9758,Monitor,1,1,1,311.81,155.7,156.11,314.87,3.06,0,0,2025-12-28 00:00:00,1,0,1
TXN-03-03342,STORE-006,Electronics,BrandB,In-Store,UPC-580698298,SKU-ELE-4028,Speaker,3,3,1,1258.35,826.35,432.0,459.83,40.38,0,0,2025-12-21 13:00:00,1,1,1
TXN-03-05545,STORE-001,Electronics,BrandB,In-Store,UPC-560641594,SKU-ELE-3076,Headphones,1,1,4,8.28,4.29,3.99,10.53,2.25,0,0,2025-12-16 23:00:00,0,0,1
TXN-03-05184,STORE-014,Electronics,BrandA,Mobile,UPC-167794724,SKU-ELE-3299,Headphones,3,3,4,519.93,350.84,169.09,218.97,45.66,0,0,2025-12-17 22:00:00,1,0,1
TXN-03-01701,STORE-010,Electronics,BrandB,Online,UPC-566599717,SKU-ELE-4780,Tablet,5,5,1,826.35,347.83,478.52,235.43,70.16,0,0,2025-12-01 08:00:00,1,0,1
TXN-03-00109,STORE-003,Home & Garden,BrandD,In-Store,UPC-462034263,SKU-HOM-5909,Hose,1,1,4,15.28,9.02,6.26,17.49,2.21,0,0,2025-12-16 12:00:00,0,0,1
TXN-03-01257,STORE-013,Grocery,BrandA,Online,UPC-471603797,SKU-GRO-5520,Rice,7,7,3,158.76,87.36,71.4,27.79,5.11,0,0,2025-12-21 03:00:00,0,1,1
TXN-03-00092,STORE-002,Sports,BrandG,In-Store,UPC-409849327,SKU-SPO-4983,Backpack,5,5,3,1177.0,512.56,664.44,248.19,12.79,0,0,2025-12-02 12:00:00,0,1,1
TXN-03-02069,STORE-017,Apparel,BrandA,Online,UPC-106366946,SKU-APP-3969,Scarf,4,4,3,132.28,78.86,53.42,39.05,5.98,0,0,2025-12-08 13:00:00,1,0,1
TXN-03-00986,STORE-009,Grocery,BrandH,In-Store,UPC-476804956,SKU-GRO-4423,Snack Bar,5,5,4,1703.0,860.26,842.74,344.67,4.07,0,0,2025-12-07 06:00:00,1,1,1
TXN-03-05229,STORE-003,Electronics,BrandA,Online,UPC-273022784,SKU-ELE-7780,Monitor,9,9,4,1480.86,710.53,770.33,191.84,27.3,0,0,2025-12-26 16:00:00,1,0,1
TXN-03-04783,STORE-002,Sports,BrandG,Mobile,UPC-863614407,SKU-SPO-2919,Yoga Mat,1,1,3,98.04,72.12,25.92,125.71,27.67,0,0,2025-12-03 01:00:00,1,0,1
TXN-03-01001,STORE-016,Sports,BrandG,Mobile,UPC-475037218,SKU-SPO-6885,Cap,3,3,1,1154.64,470.59,684.05,474.49,89.61,0,0,2025-12-04 12:00:00,0,1,1
TXN-03-03551,STORE-019,Sports,BrandE,In-Store,UPC-662108903,SKU-SPO-1610,Cap,2,2,3,545.74,346.78,198.96,313.19,40.32,1,0,2025-12-01 21:00:00,1,1,1
TXN-03-05397,STORE-013,Grocery,BrandG,In-Store,UPC-280263909,SKU-GRO-5837,Rice,2,2,1,470.74,336.5,134.24,283.83,48.46,0,0,2025-12-12 17:00:00,0,0,1
TXN-03-01587,STORE-004,Sports,BrandE,Online,UPC-988464514,SKU-SPO-6494,Cap,4,4,3,1232.4,508.98,723.42,371.72,63.62,0,0,2025-12-03 16:00:00,0,0,1
TXN-03-05917,STORE-011,Sports,BrandC,Mobile,UPC-339769834,SKU-SPO-6109,Jersey,5,5,1,1453.4,769.08,684.32,357.36,66.68,0,0,2025-12-20 20:00:00,1,1,1
TXN-03-05963,STORE-010,Electronics,BrandC,In-Store,UPC-612935666,SKU-ELE-4176,Monitor,2,2,4,280.98,208.87,72.11,181.82,41.33,0,0,2025-12-29 07:00:00,0,0,1
TXN-03-02219,STORE-006,Grocery,BrandE,In-Store,UPC-922531183,SKU-GRO-1927,Milk,1,1,3,69.21,46.92,22.29,97.08,27.87,0,0,2025-12-30 22:00:00,1,0,1
TXN-03-01544,STORE-007,Apparel,BrandG,Mobile,UPC-973834568,SKU-APP-7146,Dress,5,5,1,966.85,602.47,364.38,250.46,57.09,0,0,2025-12-22 01:00:00,1,0,1
TXN-03-03661,STORE-013,Grocery,BrandD,Mobile,UPC-462190547,SKU-GRO-5996,Milk,6,6,4,175.86,73.13,102.73,30.01,0.7,0,0,2025-12-06 05:00:00,0,1,1
TXN-03-01806,STORE-013,Electronics,BrandA,Online,UPC-827181301,SKU-ELE-3318,Speaker,9,9,4,1409.22,812.1,597.12,159.12,2.54,1,0,2025-12-17 02:00:00,1,1,1
TXN-03-02506,STORE-014,Grocery,BrandA,In-Store,UPC-917857200,SKU-GRO-7147,Snack Bar,3,3,2,51.3,20.62,30.68,21.15,4.05,0,0,2025-12-06 01:00:00,0,0,1
TXN-03-06076,STORE-004,Grocery,BrandD,In-Store,UPC-628570472,SKU-GRO-7832,Pasta,2,2,1,79.96,53.15,26.81,44.66,4.68,0,0,2025-12-02 16:00:00,0,0,1
TXN-03-00746,STORE-010,Home & Garden,BrandE,In-Store,UPC-165502832,SKU-HOM-1173,Tool Set,9,9,1,554.58,283.69,270.89,86.94,25.32,0,0,2025-12-06 21:00:00,1,0,1
TXN-03-01785,STORE-014,Sports,BrandH,Online,UPC-476489532,SKU-SPO-4244,Running Shoes,9,9,0,144.9,73.52,71.38,22.75,6.65,0,0,2025-12-26 09:00:00,1,0,1
TXN-03-00855,STORE-007,Sports,BrandG,Online,UPC-125428105,SKU-SPO-8200,Dumbbell,6,6,2,2849.04,1664.65,1184.39,484.02,9.18,0,0,2025-12-29 09:00:00,1,0,1
TXN-03-03140,STORE-020,Apparel,BrandH,In-Store,UPC-305044740,SKU-APP-1085,Scarf,9,9,2,3024.18,1433.2,1590.98,444.53,108.51,0,0,2025-12-11 01:00:00,1,1,1
TXN-03-02339,STORE-009,Apparel,BrandD,In-Store,UPC-539149246,SKU-APP-3183,Scarf,8,8,0,1814.24,774.23,1040.01,314.67,87.89,0,0,2025-12-06 09:00:00,1,0,1
TXN-03-01414,STORE-008,Grocery,BrandE,Mobile,UPC-566994820,SKU-GRO-8887,Rice,4,4,3,45.12,25.08,20.04,15.66,4.38,0,0,2025-12-02 00:00:00,1,0,1
TXN-03-03940,STORE-015,Grocery,BrandE,In-Store,UPC-377426168,SKU-GRO-6508,Bread,5,5,2,896.2,502.84,393.36,251.02,71.78,0,0,2025-12-27 11:00:00,0,1,1
TXN-03-06161,STORE-010,Electronics,BrandB,Online,UPC-897928717,SKU-ELE-3783,Headphones,6,6,0,1264.68,757.69,506.99,259.5,48.72,0,0,2025-12-01 09:00:00,0,1,1
TXN-03-03090,STORE-009,Apparel,BrandE,In-Store,UPC-213238820,SKU-APP-2937,Dress,8,8,1,1048.4,450.46,597.94,181.24,50.19,0,0,2025-12-27 16:00:00,1,0,1
TXN-03-03146,STORE-010,Grocery,BrandD,Mobile,UPC-767994973,SKU-GRO-8226,Juice,4,4,2,770.12,412.18,357.94,265.73,73.2,1,1,2025-12-08 14:00:00,1,0,1
TXN-03-03262,STORE-016,Grocery,BrandB,Online,UPC-779006942,SKU-GRO-1089,Snack Bar,3,3,2,715.47,375.01,340.46,280.1,41.61,0,0,2025-12-14 21:00:00,0,0,1
TXN-03-02280,STORE-008,Apparel,BrandH,Online,UPC-322795696,SKU-APP-6636,Jacket,1,1,1,285.92,195.8,90.12,301.96,16.04,0,0,2025-12-03 20:00:00,1,1,1
TXN-03-05742,STORE-007,Home & Garden,BrandE,In-Store,UPC-974530273,SKU-HOM-2732,Plant Pot,8,8,1,3772.16,2041.0,1731.16,494.78,23.26,0,0,2025-12-02 05:00:00,0,0,1
TXN-03-03297,STORE-009,Apparel,BrandD,In-Store,UPC-174147240,SKU-APP-6526,Jacket,4,4,3,795.72,514.93,280.79,252.1,53.17,0,0,2025-12-21 20:00:00,0,0,1
TXN-03-03865,STORE-004,Apparel,BrandH,In-Store,UPC-330827065,SKU-APP-6875,Hat,3,3,2,168.0,117.09,50.91,79.74,23.74,0,0,2025-12-01 12:00:00,1,0,1
TXN-03-04747,STORE-002,Electronics,BrandB,Mobile,UPC-500451129,SKU-ELE-5905,Headphones,8,8,1,866.0,387.99,478.01,124.29,16.04,0,0,2025-12-26 09:00:00,0,1,1
TXN-03-00158,STORE-019,Electronics,BrandC,In-Store,UPC-315036201,SKU-ELE-5899,Speaker,5,5,1,1037.4,604.45,432.95,236.87,29.39,0,0,2025-12-13 16:00:00,0,0,1
TXN-03-01054,STORE-013,Home & Garden,BrandC,Online,UPC-755975995,SKU-HOM-5884,Cushion,7,7,4,1495.27,929.49,565.78,266.82,53.21,0,0,2025-12-23 15:00:00,0,0,1
TXN-03-01998,STORE-019,Apparel,BrandH,In-Store,UPC-728864264,SKU-APP-4729,Shoes,5,5,3,1603.75,987.54,616.21,333.82,13.07,0,0,2025-12-16 10:00:00,1,0,1
TXN-03-00118,STORE-014,Grocery,BrandE,Online,UPC-433086924,SKU-GRO-4370,Juice,6,6,3,2329.14,1741.23,587.91,443.71,55.52,0,0,2025-12-26 20:00:00,0,1,1
TXN-03-03013,STORE-003,Apparel,BrandD,Online,UPC-509107852,SKU-APP-7791,Jacket,6,6,1,571.26,347.88,223.38,108.09,12.88,1,1,2025-12-06 03:00:00,1,1,1
TXN-03-03084,STORE-019,Sports,BrandH,In-Store,UPC-523956844,SKU-SPO-4001,Water Bottle,3,3,3,1042.11,711.73,330.38,428.49,81.12,0,0,2025-12-11 15:00:00,1,1,1
TXN-03-04347,STORE-003,Home & Garden,BrandF,Mobile,UPC-970434427,SKU-HOM-5839,Plant Pot,6,6,3,2133.84,1010.96,1122.88,410.64,55.0,0,0,2025-12-27 19:00:00,0,0,1
TXN-03-00708,STORE-019,Sports,BrandC,In-Store,UPC-900232306,SKU-SPO-3182,Dumbbell,9,9,3,2873.34,1278.62,1594.72,378.7,59.44,0,0,2025-12-21 20:00:00,1,0,1
TXN-03-16406,STORE-012,Electronics,BrandE,In-Store,UPC-594064940,SKU-ELE-3122,Phone,6,6,2,663.48,294.04,369.44,152.04,41.46,0,0,2025-12-24 07:00:00,0,1,1
TXN-03-02776,STORE-006,Home & Garden,BrandG,In-Store,UPC-647870180,SKU-HOM-7591,Rug,8,8,0,2363.28,1134.48,1228.8,354.14,58.73,0,0,2025-12-15 08:00:00,0,0,1
TXN-03-01368,STORE-009,Grocery,BrandG,In-Store,UPC-395551451,SKU-GRO-3306,Bread,8,8,4,437.76,264.96,172.8,65.56,10.84,0,0,2025-12-05 00:00:00,1,0,1
TXN-03-00543,STORE-016,Electronics,BrandA,In-Store,UPC-983372367,SKU-ELE-9505,Tablet,9,9,1,2846.79,2007.13,839.66,321.07,4.76,0,0,2025-12-05 23:00:00,1,0,1
TXN-03-05363,STORE-019,Electronics,BrandF,Online,UPC-521358834,SKU-ELE-6304,Laptop,8,8,3,1744.0,1159.66,584.34,243.42,25.42,0,0,2025-12-08 13:00:00,0,1,1
TXN-03-02194,STORE-010,Grocery,BrandD,In-Store,UPC-716800951,SKU-GRO-9699,Juice,7,7,2,1555.68,1083.08,472.6,233.91,11.67,0,0,2025-12-10 11:00:00,1,0,1
TXN-03-04601,STORE-015,Apparel,BrandA,Online,UPC-945953491,SKU-APP-8402,Shoes,5,5,3,1535.75,1048.32,487.43,418.61,111.46,1,0,2025-12-12 09:00:00,0,0,1
TXN-03-01114,STORE-012,Grocery,BrandE,In-Store,UPC-970817380,SKU-GRO-1963,Milk,3,3,0,1057.98,516.73,541.25,410.22,57.56,0,0,2025-12-03 17:00:00,1,0,1
TXN-03-06061,STORE-018,Home & Garden,BrandC,In-Store,UPC-682702455,SKU-HOM-7794,Rug,9,9,4,297.27,210.18,87.09,43.81,10.78,0,0,2025-12-06 22:00:00,1,1,1
TXN-03-05134,STORE-012,Electronics,BrandF,Online,UPC-274823932,SKU-ELE-3738,Phone,7,7,1,1758.33,1251.39,506.94,343.85,92.66,0,0,2025-12-13 09:00:00,1,0,1
TXN-03-05577,STORE-016,Grocery,BrandH,Online,UPC-923103773,SKU-GRO-6958,Bread,9,9,0,1635.93,1127.93,508.0,255.06,73.29,0,0,2025-12-26 19:00:00,0,0,1
TXN-03-02074,STORE-013,Apparel,BrandD,In-Store,UPC-614781246,SKU-APP-7084,Socks,3,3,2,708.09,474.69,233.4,249.56,13.53,0,0,2025-12-25 12:00:00,0,0,1
TXN-03-04946,STORE-020,Electronics,BrandA,In-Store,UPC-959482738,SKU-ELE-5533,Charger,3,3,4,266.22,160.39,105.83,124.75,36.01,1,0,2025-12-29 19:00:00,1,1,1
TXN-03-03256,STORE-002,Sports,BrandH,Online,UPC-710324231,SKU-SPO-2153,Dumbbell,5,5,1,905.65,510.78,394.87,194.7,13.57,0,0,2025-12-17 03:00:00,1,0,1
TXN-03-01022,STORE-018,Grocery,BrandH,Online,UPC-835591582,SKU-GRO-4643,Pasta,9,9,1,3291.03,1364.44,1926.59,408.21,42.54,0,0,2025-12-06 09:00:00,0,0,1
TXN-03-00958,STORE-013,Grocery,BrandC,In-Store,UPC-138309464,SKU-GRO-4182,Rice,8,8,3,335.2,183.96,151.24,56.98,15.08,0,0,2025-12-28 15:00:00,0,0,1
TXN-03-03136,STORE-011,Sports,BrandB,Online,UPC-469430956,SKU-SPO-4524,Running Shoes,9,9,2,1742.31,962.4,779.91,200.23,6.64,0,0,2025-12-02 10:00:00,0,0,1
TXN-03-03420,STORE-017,Electronics,BrandB,In-Store,UPC-287223814,SKU-ELE-3627,Headphones,7,7,2,2053.24,1282.61,770.63,327.33,34.01,0,0,2025-12-28 10:00:00,1,0,1
TXN-03-04239,STORE-003,Home & Garden,BrandF,In-Store,UPC-710812585,SKU-HOM-9962,Hose,4,4,3,1420.32,707.07,713.25,476.26,121.18,0,0,2025-12-07 22:00:00,1,0,1
TXN-03-02179,STORE-018,Electronics,BrandH,In-Store,UPC-760890534,SKU-ELE-4469,Laptop,5,5,0,1107.2,477.43,629.77,288.5,67.06,0,0,2025-12-04 16:00:00,1,0,1
TXN-03-02071,STORE-011,Sports,BrandB,In-Store,UPC-256913082,SKU-SPO-4360,Yoga Mat,7,7,3,3363.5,1411.5,1952.0,484.99,4.49,0,0,2025-12-19 14:00:00,0,1,1
TXN-03-03533,STORE-010,Apparel,BrandC,In-Store,UPC-227814986,SKU-APP-4305,Socks,6,6,3,391.02,178.24,212.78,70.13,4.96,0,0,2025-12-25 14:00:00,1,0,1
TXN-03-05796,STORE-006,Apparel,BrandG,In-Store,UPC-475886318,SKU-APP-6533,Dress,8,8,3,1651.36,1191.13,460.23,241.52,35.1,0,0,2025-12-16 16:00:00,0,1,1
TXN-03-02839,STORE-020,Home & Garden,BrandD,Mobile,UPC-453904946,SKU-HOM-8215,Plant Pot,9,9,1,1840.14,935.21,904.93,283.47,79.01,0,0,2025-12-27 20:00:00,1,1,1
TXN-03-03457,STORE-009,Apparel,BrandD,In-Store,UPC-923668930,SKU-APP-5716,Shoes,4,4,2,775.48,424.62,350.86,274.36,80.49,0,0,2025-12-19 03:00:00,0,0,1
TXN-03-06241,STORE-004,Electronics,BrandG,Mobile,UPC-682417993,SKU-ELE-1379,Tablet,3,3,1,1153.17,774.45,378.72,499.15,114.76,0,0,2025-12-29 16:00:00,1,1,1
TXN-03-02897,STORE-011,Grocery,BrandB,In-Store,UPC-865139609,SKU-GRO-7711,Milk,4,4,1,1603.08,726.86,876.22,438.72,37.95,0,0,2025-12-24 04:00:00,1,0,1
TXN-03-01372,STORE-003,Home & Garden,BrandH,Mobile,UPC-936452787,SKU-HOM-3575,Chair,2,2,2,35.54,23.45,12.09,21.39,3.62,0,0,2025-12-20 14:00:00,1,0,1
TXN-03-01385,STORE-005,Grocery,BrandB,In-Store,UPC-693104827,SKU-GRO-8335,Bread,6,6,0,1796.04,1269.94,526.1,368.26,68.92,0,0,2025-12-09 08:00:00,0,0,1
TXN-03-03451,STORE-006,Home & Garden,BrandB,In-Store,UPC-294695262,SKU-HOM-6991,Lamp,8,8,0,135.68,59.62,76.06,21.89,4.93,0,0,2025-12-26 01:00:00,0,0,1
TXN-03-02321,STORE-010,Grocery,BrandE,In-Store,UPC-416033177,SKU-GRO-9289,Pasta,5,5,3,1969.5,1038.54,930.96,404.25,10.35,0,0,2025-12-02 10:00:00,0,0,1
TXN-03-05571,STORE-007,Home & Garden,BrandC,Online,UPC-469658298,SKU-HOM-8848,Chair,8,8,4,1388.64,866.42,522.22,206.66,33.08,0,0,2025-12-15 18:00:00,1,0,1
TXN-03-04927,STORE-008,Grocery,BrandD,In-Store,UPC-568851444,SKU-GRO-4617,Cereal,3,3,4,892.41,513.02,379.39,318.25,20.78,0,0,2025-12-02 14:00:00,1,0,1
TXN-03-05875,STORE-004,Electronics,BrandC,In-Store,UPC-443348364,SKU-ELE-5200,Phone,7,7,3,2692.62,1544.83,1147.79,413.35,28.69,0,0,2025-12-24 19:00:00,1,0,1
TXN-03-03188,STORE-011,Electronics,BrandC,In-Store,UPC-826961279,SKU-ELE-1375,Monitor,5,5,3,1327.25,968.35,358.9,281.32,15.87,0,0,2025-12-08 06:00:00,0,0,1
TXN-03-04255,STORE-007,Apparel,BrandB,Online,UPC-689551855,SKU-APP-5634,Jeans,8,8,0,1500.64,922.88,577.76,245.76,58.18,0,0,2025-12-14 16:00:00,1,0,1
TXN-03-04942,STORE-011,Apparel,BrandG,Online,UPC-254454291,SKU-APP-4274,Jacket,4,4,1,1609.52,1204.48,405.04,467.82,65.44,0,0,2025-12-01 00:00:00,1,0,1
TXN-03-01957,STORE-003,Apparel,BrandB,In-Store,UPC-806167326,SKU-APP-2531,Shoes,7,7,4,2362.08,1037.26,1324.82,339.5,2.06,0,0,2025-12-03 16:00:00,1,0,1
TXN-03-05270,STORE-011,Electronics,BrandB,Mobile,UPC-488741564,SKU-ELE-8678,Headphones,1,1,2,190.88,91.57,99.31,218.11,27.23,0,0,2025-12-06 17:00:00,0,0,1
TXN-03-00041,STORE-006,Electronics,BrandH,In-Store,UPC-540910406,SKU-ELE-2103,Monitor,6,6,1,729.9,413.83,316.07,125.91,4.26,0,0,2025-12-20 17:00:00,0,0,1
TXN-03-04025,STORE-016,Grocery,BrandH,In-Store,UPC-260675196,SKU-GRO-7979,Pasta,6,6,0,1423.5,865.06,558.44,279.18,41.93,0,0,2025-12-08 07:00:00,0,1,1
TXN-03-05354,STORE-013,Apparel,BrandF,In-Store,UPC-883548619,SKU-APP-9415,Scarf,9,9,0,2486.79,1862.4,624.39,377.01,100.7,0,0,2025-12-21 15:00:00,0,0,1
TXN-03-00497,STORE-005,Sports,BrandH,In-Store,UPC-678308220,SKU-SPO-9927,Yoga Mat,1,1,3,252.17,175.59,76.58,293.4,41.23,1,0,2025-12-04 10:00:00,1,0,1
TXN-03-00099,STORE-005,Home & Garden,BrandH,In-Store,UPC-839192234,SKU-HOM-4753,Cushion,5,5,2,131.2,59.34,71.86,27.15,0.91,0,0,2025-12-10 01:00:00,0,0,1
TXN-03-03031,STORE-016,Apparel,BrandE,Online,UPC-615610214,SKU-APP-4360,T-Shirt,4,4,3,1796.4,1347.02,449.38,460.66,11.56,0,0,2025-12-25 23:00:00,1,0,1
TXN-03-03505,STORE-006,Electronics,BrandA,Online,UPC-906824820,SKU-ELE-2717,Phone,8,8,3,2878.16,1161.09,1717.07,455.37,95.6,0,0,2025-12-08 11:00:00,0,1,1
TXN-03-02473,STORE-009,Home & Garden,BrandH,Online,UPC-475063903,SKU-HOM-7901,Vase,3,3,0,331.53,234.69,96.84,134.01,23.5,0,0,2025-12-26 17:00:00,0,1,1
TXN-03-06043,STORE-017,Sports,BrandG,In-Store,UPC-145497432,SKU-SPO-4635,Cap,2,2,1,275.82,157.65,118.17,147.32,9.41,0,0,2025-12-05 06:00:00,1,0,1
TXN-03-05389,STORE-009,Electronics,BrandH,In-Store,UPC-167482805,SKU-ELE-6111,Charger,6,6,4,515.46,370.98,144.48,88.25,2.34,0,0,2025-12-06 15:00:00,1,0,1
TXN-03-06363,STORE-013,Electronics,BrandC,In-Store,UPC-838729330,SKU-ELE-8742,Speaker,4,4,1,1335.68,896.78,438.9,384.26,50.34,0,0,2025-12-21 02:00:00,0,0,1
TXN-03-16435,STORE-017,Sports,BrandD,In-Store,UPC-188155172,SKU-SPO-9037,Water Bottle,2,2,3,492.84,230.68,262.16,264.95,18.53,1,1,2025-12-15 11:00:00,1,0,1
TXN-03-02465,STORE-010,Grocery,BrandD,In-Store,UPC-963646303,SKU-GRO-6510,Rice,9,9,3,2779.92,1140.01,1639.91,408.63,99.75,0,0,2025-12-14 14:00:00,0,0,1
TXN-03-02624,STORE-020,Sports,BrandA,In-Store,UPC-628660490,SKU-SPO-3316,Cap,9,9,2,908.91,396.61,512.3,138.71,37.72,0,0,2025-12-25 12:00:00,0,1,1
TXN-03-02070,STORE-016,Grocery,BrandB,In-Store,UPC-520794865,SKU-GRO-5040,Juice,1,1,2,132.99,81.02,51.97,177.16,44.17,1,1,2025-12-19 11:00:00,1,0,1
TXN-03-02932,STORE-006,Grocery,BrandC,In-Store,UPC-432220750,SKU-GRO-7891,Bread,7,7,3,153.58,112.26,41.32,28.56,6.62,0,0,2025-12-09 13:00:00,0,1,1
TXN-03-02791,STORE-013,Sports,BrandD,Mobile,UPC-896244618,SKU-SPO-1006,Water Bottle,1,1,0,485.43,320.7,164.73,496.76,11.33,0,0,2025-12-09 14:00:00,1,1,1
TXN-03-03220,STORE-019,Apparel,BrandC,Online,UPC-576188113,SKU-APP-1872,Socks,1,1,3,100.17,63.32,36.85,118.5,18.33,0,0,2025-12-01 02:00:00,1,0,1
TXN-03-02846,STORE-014,Electronics,BrandF,Mobile,UPC-174938784,SKU-ELE-9555,Charger,5,5,4,1450.85,948.54,502.31,408.27,118.1,0,0,2025-12-03 02:00:00,0,0,1
TXN-03-03937,STORE-004,Apparel,BrandA,Mobile,UPC-574044888,SKU-APP-2370,Jacket,5,5,2,1296.05,926.51,369.54,290.17,30.96,0,0,2025-12-24 10:00:00,0,0,1
TXN-03-03436,STORE-002,Electronics,BrandB,Online,UPC-218054613,SKU-ELE-5049,Speaker,3,3,0,914.91,415.69,499.22,406.4,101.43,0,0,2025-12-06 22:00:00,0,0,1
TXN-03-03367,STORE-019,Grocery,BrandG,Online,UPC-835574302,SKU-GRO-8561,Rice,7,7,2,1588.23,1052.67,535.56,244.19,17.3,0,0,2025-12-08 04:00:00,0,1,1
TXN-03-04619,STORE-005,Sports,BrandG,Online,UPC-478527999,SKU-SPO-7563,Water Bottle,1,1,2,43.98,29.23,14.75,49.19,5.21,1,0,2025-12-06 22:00:00,1,0,1
TXN-03-00106,STORE-015,Electronics,BrandG,In-Store,UPC-341690706,SKU-ELE-2481,Speaker,2,2,2,682.56,393.81,288.75,452.84,111.56,0,0,2025-12-03 07:00:00,0,0,1
TXN-03-02272,STORE-019,Sports,BrandC,Online,UPC-530177020,SKU-SPO-4895,Yoga Mat,5,5,1,2424.1,1590.31,833.79,491.53,6.71,0,0,2025-12-05 16:00:00,1,0,1
TXN-03-05758,STORE-017,Home & Garden,BrandF,Mobile,UPC-532977125,SKU-HOM-4627,Lamp,5,5,2,479.9,284.66,195.24,97.37,1.39,0,0,2025-12-13 12:00:00,1,0,1
TXN-03-02613,STORE-016,Apparel,BrandC,Mobile,UPC-284854179,SKU-APP-2189,Jacket,5,5,2,1280.6,880.57,400.03,299.89,43.77,0,0,2025-12-21 12:00:00,1,0,1
TXN-03-01597,STORE-006,Sports,BrandD,In-Store,UPC-169639437,SKU-SPO-2730,Backpack,4,4,2,1685.08,911.38,773.7,461.82,40.55,0,0,2025-12-03 23:00:00,0,1,1
TXN-03-03638,STORE-016,Electronics,BrandC,In-Store,UPC-641881179,SKU-ELE-3142,Camera,1,1,4,102.91,67.34,35.57,133.58,30.67,0,0,2025-12-12 23:00:00,1,0,1
TXN-03-03200,STORE-004,Apparel,BrandD,In-Store,UPC-423589724,SKU-APP-4689,T-Shirt,7,7,3,1034.88,640.85,394.03,158.29,10.45,0,0,2025-12-01 07:00:00,1,0,1
TXN-03-02664,STORE-008,Sports,BrandF,In-Store,UPC-668017773,SKU-SPO-6408,Yoga Mat,7,7,0,649.32,288.94,360.38,128.66,35.9,0,0,2025-12-06 05:00:00,1,0,1
TXN-03-06114,STORE-005,Electronics,BrandF,In-Store,UPC-570032973,SKU-ELE-6204,Camera,5,5,1,623.55,288.39,335.16,159.15,34.44,0,0,2025-12-21 20:00:00,1,0,1
TXN-03-04685,STORE-004,Home & Garden,BrandB,In-Store,UPC-320502745,SKU-HOM-4199,Rug,6,6,2,777.0,572.48,204.52,135.31,5.81,1,0,2025-12-02 02:00:00,0,0,1
TXN-03-06121,STORE-007,Apparel,BrandA,In-Store,UPC-826818519,SKU-APP-9387,Jeans,6,6,4,1110.12,547.51,562.61,263.68,78.66,0,0,2025-12-30 01:00:00,0,1,1
TXN-03-00811,STORE-011,Sports,BrandA,In-Store,UPC-214496619,SKU-SPO-1569,Yoga Mat,1,1,4,130.08,81.02,49.06,172.03,41.95,0,0,2025-12-28 05:00:00,0,1,1
TXN-03-02850,STORE-009,Sports,BrandE,In-Store,UPC-835694551,SKU-SPO-8920,Resistance Band,5,5,1,1764.75,1050.62,714.13,372.9,19.95,0,0,2025-12-14 06:00:00,0,0,1
TXN-03-02697,STORE-020,Apparel,BrandD,Online,UPC-301930884,SKU-APP-4068,Jacket,2,2,1,885.72,663.56,222.16,478.99,36.13,0,0,2025-12-02 01:00:00,1,0,1
TXN-03-04611,STORE-001,Grocery,BrandF,In-Store,UPC-982356707,SKU-GRO-2890,Milk,4,4,2,789.4,481.68,307.72,221.86,24.51,1,1,2025-12-19 23:00:00,1,0,1
TXN-03-01407,STORE-008,Home & Garden,BrandF,In-Store,UPC-312002388,SKU-HOM-2077,Rug,3,3,3,87.81,40.24,47.57,36.09,6.82,0,0,2025-12-14 20:00:00,0,1,1
TXN-03-01039,STORE-013,Electronics,BrandE,Online,UPC-499914405,SKU-ELE-5056,Phone,4,4,2,690.08,440.36,249.72,234.79,62.27,0,0,2025-12-16 01:00:00,1,0,1
TXN-03-05324,STORE-011,Grocery,BrandD,In-Store,UPC-659406464,SKU-GRO-3706,Rice,3,3,2,286.11,168.31,117.8,122.62,27.25,0,0,2025-12-15 09:00:00,1,0,1
TXN-03-03490,STORE-012,Sports,BrandD,In-Store,UPC-260474606,SKU-SPO-5130,Jersey,5,5,2,460.0,263.69,196.31,106.3,14.3,0,0,2025-12-18 04:00:00,0,0,1
TXN-03-03184,STORE-014,Apparel,BrandC,Mobile,UPC-338751100,SKU-APP-6468,Jacket,9,9,2,144.99,58.8,86.19,20.16,4.05,0,0,2025-12-24 13:00:00,1,0,1
TXN-03-05550,STORE-015,Electronics,BrandA,Online,UPC-737334440,SKU-ELE-1248,Camera,6,6,1,784.92,576.34,208.58,149.59,18.77,0,0,2025-12-23 08:00:00,1,1,1
TXN-03-04304,STORE-001,Grocery,BrandC,Online,UPC-251632068,SKU-GRO-9733,Pasta,6,6,2,1854.42,1208.11,646.31,360.71,51.64,0,0,2025-12-15 13:00:00,1,0,1
TXN-03-04565,STORE-012,Apparel,BrandC,In-Store,UPC-732799746,SKU-APP-9961,Shoes,8,8,3,476.08,263.66,212.42,64.63,5.12,0,0,2025-12-02 11:00:00,1,0,1
TXN-03-05478,STORE-007,Sports,BrandH,Online,UPC-988518259,SKU-SPO-5263,Water Bottle,8,8,1,79.68,50.76,28.92,10.56,0.6,0,0,2025-12-09 05:00:00,0,0,1
TXN-03-03815,STORE-001,Sports,BrandH,In-Store,UPC-917649063,SKU-SPO-4567,Running Shoes,4,4,0,1284.6,850.45,434.15,335.88,14.73,0,0,2025-12-14 03:00:00,1,1,1
TXN-03-04302,STORE-018,Grocery,BrandC,Online,UPC-625379124,SKU-GRO-5196,Rice,5,5,2,1581.65,1025.8,555.85,390.9,74.57,0,0,2025-12-06 10:00:00,1,0,1
TXN-03-05332,STORE-009,Sports,BrandF,Mobile,UPC-514974854,SKU-SPO-6108,Dumbbell,3,3,4,908.19,512.74,395.45,317.38,14.65,0,0,2025-12-08 21:00:00,1,0,1
TXN-03-01122,STORE-010,Grocery,BrandH,In-Store,UPC-465032500,SKU-GRO-4697,Cereal,2,2,4,52.52,37.4,15.12,26.42,0.16,0,0,2025-12-05 14:00:00,0,0,1
TXN-03-04585,STORE-002,Apparel,BrandD,Online,UPC-768422601,SKU-APP-9172,Shoes,4,4,2,1457.56,652.1,805.46,416.49,52.1,0,0,2025-12-26 00:00:00,0,1,1
TXN-03-00641,STORE-019,Electronics,BrandD,In-Store,UPC-815992445,SKU-ELE-7722,Charger,8,8,3,1124.96,666.96,458.0,147.97,7.35,0,0,2025-12-11 15:00:00,1,1,1
TXN-03-05155,STORE-017,Home & Garden,BrandB,In-Store,UPC-480419882,SKU-HOM-3673,Tool Set,1,1,1,173.86,103.61,70.25,201.83,27.97,1,0,2025-12-03 16:00:00,1,0,1
TXN-03-04916,STORE-006,Sports,BrandD,In-Store,UPC-221530993,SKU-SPO-5355,Running Shoes,4,4,1,880.68,635.94,244.74,273.05,52.88,0,0,2025-12-10 22:00:00,0,1,1
TXN-03-01325,STORE-008,Sports,BrandD,Online,UPC-632279171,SKU-SPO-7060,Running Shoes,4,4,4,1421.52,996.42,425.1,468.69,113.31,1,0,2025-12-12 22:00:00,1,0,1
TXN-03-02251,STORE-007,Home & Garden,BrandF,Online,UPC-215874891,SKU-HOM-8458,Rug,6,6,2,1423.98,965.81,458.17,265.09,27.76,0,0,2025-12-29 04:00:00,1,0,1
TXN-03-05911,STORE-007,Electronics,BrandF,In-Store,UPC-738932054,SKU-ELE-1052,Monitor,3,3,1,182.01,87.0,95.01,78.31,17.64,0,0,2025-12-17 22:00:00,1,0,1
TXN-03-03744,STORE-016,Grocery,BrandD,In-Store,UPC-655681984,SKU-GRO-1912,Milk,8,8,3,1305.12,659.41,645.71,165.0,1.86,0,0,2025-12-25 10:00:00,1,1,1
TXN-03-01651,STORE-015,Electronics,BrandE,Mobile,UPC-183260599,SKU-ELE-8821,Camera,7,7,4,1048.11,682.72,365.39,184.96,35.23,0,0,2025-12-03 08:00:00,0,0,1
TXN-03-04280,STORE-006,Grocery,BrandH,In-Store,UPC-143229131,SKU-GRO-5414,Cereal,3,3,1,224.37,112.41,111.96,79.93,5.14,0,0,2025-12-14 02:00:00,1,1,1
TXN-03-00439,STORE-011,Home & Garden,BrandA,Mobile,UPC-157881649,SKU-HOM-4137,Tool Set,2,2,0,478.26,221.95,256.31,245.55,6.42,0,0,2025-12-02 01:00:00,1,0,1
TXN-03-03620,STORE-002,Electronics,BrandE,Mobile,UPC-320776924,SKU-ELE-3893,Speaker,4,4,1,306.0,196.23,109.77,87.76,11.26,0,0,2025-12-27 19:00:00,1,1,1
TXN-03-05382,STORE-010,Grocery,BrandF,Online,UPC-590107494,SKU-GRO-9367,Cereal,2,2,4,586.16,241.79,344.37,393.9,100.82,0,0,2025-12-25 00:00:00,1,1,1
TXN-03-02590,STORE-009,Apparel,BrandF,In-Store,UPC-377006412,SKU-APP-4836,Socks,2,2,4,530.74,239.71,291.03,287.43,22.06,0,0,2025-12-07 08:00:00,1,0,1
TXN-03-04156,STORE-008,Home & Garden,BrandC,Online,UPC-949430910,SKU-HOM-7342,Tool Set,4,4,3,1444.8,1057.03,387.77,424.62,63.42,0,0,2025-12-28 11:00:00,0,0,1
TXN-03-01808,STORE-015,Apparel,BrandA,In-Store,UPC-975391488,SKU-APP-4683,Socks,5,5,4,693.05,315.88,377.17,185.21,46.6,0,0,2025-12-24 00:00:00,0,1,1
TXN-03-16442,STORE-005,Sports,BrandD,In-Store,UPC-327935865,SKU-SPO-2152,Jersey,8,8,2,3156.56,2168.14,988.42,441.07,46.5,0,0,2025-12-10 09:00:00,1,0,1
TXN-03-05090,STORE-011,Electronics,BrandH,Online,UPC-889710817,SKU-ELE-9067,Laptop,5,5,4,1220.7,759.7,461.0,283.63,39.49,0,0,2025-12-27 20:00:00,1,0,1
TXN-03-05572,STORE-013,Home & Garden,BrandG,Mobile,UPC-576221078,SKU-HOM-1798,Vase,3,3,2,979.53,592.06,387.47,420.63,94.12,1,0,2025-12-21 12:00:00,0,0,1
TXN-03-01564,STORE-005,Sports,BrandA,Online,UPC-260383433,SKU-SPO-1018,Water Bottle,1,1,1,193.19,118.61,74.58,251.49,58.3,0,0,2025-12-09 02:00:00,1,0,1
TXN-03-03225,STORE-002,Home & Garden,BrandD,Mobile,UPC-152704729,SKU-HOM-4046,Cushion,4,4,1,51.8,35.02,16.78,13.04,0.09,0,0,2025-12-17 07:00:00,0,0,1
TXN-03-05001,STORE-012,Electronics,BrandC,Mobile,UPC-353126085,SKU-ELE-9216,Laptop,3,3,2,757.59,372.74,384.85,264.68,12.15,0,0,2025-12-19 00:00:00,1,0,1
TXN-03-01508,STORE-015,Apparel,BrandD,Online,UPC-898529978,SKU-APP-5379,Shoes,7,7,3,555.73,374.48,181.25,97.63,18.24,0,0,2025-12-08 09:00:00,1,0,1
TXN-03-03115,STORE-009,Sports,BrandG,Mobile,UPC-706280602,SKU-SPO-1982,Resistance Band,9,9,2,293.22,155.73,137.49,40.48,7.9,0,0,2025-12-16 21:00:00,1,0,1
TXN-03-01543,STORE-015,Electronics,BrandH,Online,UPC-881740920,SKU-ELE-9581,Monitor,3,3,4,560.22,340.06,220.16,202.61,15.87,0,0,2025-12-16 20:00:00,1,0,1
TXN-03-03009,STORE-009,Electronics,BrandC,In-Store,UPC-933600009,SKU-ELE-2240,Speaker,4,4,0,1078.92,773.07,305.85,313.47,43.74,0,0,2025-12-11 07:00:00,0,0,1
TXN-03-00097,STORE-013,Electronics,BrandC,Mobile,UPC-839557012,SKU-ELE-1819,Charger,5,5,4,1775.15,874.28,900.87,412.91,57.88,0,0,2025-12-10 17:00:00,0,1,1
TXN-03-01009,STORE-006,Sports,BrandH,In-Store,UPC-103578129,SKU-SPO-2670,Resistance Band,7,7,2,145.32,95.84,49.48,23.16,2.4,0,0,2025-12-26 09:00:00,1,1,1
TXN-03-02328,STORE-019,Home & Garden,BrandC,In-Store,UPC-498453149,SKU-HOM-3412,Hose,1,1,4,337.58,159.94,177.64,385.98,48.4,0,0,2025-12-11 13:00:00,1,0,1
TXN-03-06278,STORE-004,Apparel,BrandD,In-Store,UPC-730705893,SKU-APP-6552,Hat,5,5,2,1732.3,1183.21,549.09,405.59,59.13,0,0,2025-12-28 18:00:00,1,0,1
TXN-03-00292,STORE-019,Home & Garden,BrandA,In-Store,UPC-204176084,SKU-HOM-7382,Chair,4,4,0,782.88,571.01,211.87,250.05,54.33,0,0,2025-12-04 16:00:00,1,0,1
TXN-03-01417,STORE-002,Electronics,BrandH,In-Store,UPC-488522084,SKU-ELE-5606,Headphones,7,7,1,2482.55,1549.36,933.19,362.04,7.39,0,0,2025-12-14 07:00:00,0,0,1
TXN-03-05836,STORE-018,Apparel,BrandB,In-Store,UPC-990808990,SKU-APP-6755,Jeans,6,6,3,1964.94,1393.76,571.18,436.29,108.8,0,0,2025-12-14 14:00:00,1,1,1
TXN-03-02790,STORE-019,Home & Garden,BrandG,In-Store,UPC-206160113,SKU-HOM-8894,Hose,8,8,2,1921.2,906.63,1014.57,273.59,33.44,0,0,2025-12-17 05:00:00,1,1,1
TXN-03-05258,STORE-008,Grocery,BrandD,Mobile,UPC-548803640,SKU-GRO-8604,Pasta,4,4,1,112.12,59.18,52.94,28.85,0.82,0,0,2025-12-28 20:00:00,0,0,1
TXN-03-04274,STORE-008,Apparel,BrandF,Online,UPC-414728153,SKU-APP-4590,Shoes,4,4,4,137.96,95.72,42.24,39.09,4.6,0,0,2025-12-15 15:00:00,1,0,1
TXN-03-03255,STORE-006,Electronics,BrandE,Mobile,UPC-393057797,SKU-ELE-5740,Laptop,5,5,1,290.85,118.98,171.87,63.23,5.06,0,0,2025-12-13 20:00:00,0,1,1
TXN-03-04745,STORE-009,Electronics,BrandA,In-Store,UPC-901090946,SKU-ELE-7517,Charger,8,8,3,1237.36,528.43,708.93,167.15,12.48,0,0,2025-12-08 09:00:00,0,0,1
TXN-03-05315,STORE-017,Sports,BrandD,Online,UPC-348126114,SKU-SPO-8706,Cap,4,4,2,1001.96,548.52,453.44,280.61,30.12,0,0,2025-12-27 18:00:00,1,0,1
TXN-03-06382,STORE-008,Electronics,BrandF,In-Store,UPC-390126367,SKU-ELE-7727,Charger,7,7,3,736.12,314.61,421.51,113.47,8.31,0,0,2025-12-17 16:00:00,1,0,1
TXN-03-05425,STORE-009,Apparel,BrandB,Online,UPC-869701028,SKU-APP-8085,Hat,9,9,0,1431.63,843.78,587.85,199.53,40.46,0,0,2025-12-13 20:00:00,1,0,1
TXN-03-04311,STORE-013,Apparel,BrandE,Online,UPC-524726725,SKU-APP-8841,Socks,2,2,0,560.8,349.29,211.51,338.99,58.59,0,0,2025-12-13 07:00:00,1,0,1
TXN-03-05533,STORE-015,Apparel,BrandF,Online,UPC-479315776,SKU-APP-6254,T-Shirt,3,3,4,605.61,247.0,358.61,263.46,61.59,0,0,2025-12-26 10:00:00,1,0,1
TXN-03-01972,STORE-003,Home & Garden,BrandG,In-Store,UPC-923418922,SKU-HOM-2750,Vase,6,6,1,907.92,513.79,394.13,175.78,24.46,0,0,2025-12-08 00:00:00,0,0,1
TXN-03-04854,STORE-001,Electronics,BrandH,In-Store,UPC-461337971,SKU-ELE-1602,Tablet,7,7,3,2062.55,1011.25,1051.3,390.26,95.61,0,0,2025-12-03 10:00:00,1,1,1
TXN-03-02672,STORE-013,Sports,BrandE,Online,UPC-713214655,SKU-SPO-6138,Backpack,1,1,3,345.22,249.65,95.57,413.95,68.73,0,0,2025-12-12 14:00:00,1,1,1
TXN-03-00168,STORE-008,Apparel,BrandH,Online,UPC-166001553,SKU-APP-7282,Hat,7,7,1,1143.8,801.54,342.26,191.62,28.22,0,0,2025-12-02 01:00:00,1,0,1
TXN-03-02783,STORE-016,Grocery,BrandG,Online,UPC-466191704,SKU-GRO-2148,Milk,4,4,1,499.64,288.96,210.68,156.68,31.77,0,0,2025-12-29 04:00:00,1,1,1
TXN-03-01419,STORE-017,Sports,BrandF,In-Store,UPC-226554210,SKU-SPO-3397,Cap,8,8,1,80.32,39.78,40.54,10.89,0.85,0,0,2025-12-12 18:00:00,1,0,1
TXN-03-00523,STORE-002,Apparel,BrandG,Online,UPC-826396152,SKU-APP-9416,Shoes,8,8,1,3521.36,2104.59,1416.77,491.56,51.39,0,0,2025-12-04 22:00:00,0,1,1
TXN-03-04436,STORE-006,Apparel,BrandC,In-Store,UPC-357784605,SKU-APP-4230,Hat,8,8,0,1784.56,1251.07,533.49,263.14,40.07,0,0,2025-12-24 06:00:00,1,0,1
TXN-03-03264,STORE-018,Electronics,BrandD,Mobile,UPC-933859406,SKU-ELE-7076,Laptop,1,1,1,268.93,199.32,69.61,344.29,75.36,0,0,2025-12-30 22:00:00,1,1,1
TXN-03-02768,STORE-004,Home & Garden,BrandE,Mobile,UPC-334432220,SKU-HOM-2438,Chair,8,8,1,598.0,372.43,225.57,75.24,0.49,0,0,2025-12-04 01:00:00,0,0,1
TXN-03-06293,STORE-012,Electronics,BrandG,Online,UPC-415898117,SKU-ELE-5542,Speaker,7,7,3,51.94,37.95,13.99,9.59,2.17,0,0,2025-12-15 13:00:00,1,0,1
TXN-03-02077,STORE-007,Grocery,BrandH,In-Store,UPC-890735142,SKU-GRO-3186,Coffee,7,7,4,2325.96,1110.83,1215.13,449.96,117.68,0,0,2025-12-20 12:00:00,1,1,1
TXN-03-01825,STORE-015,Sports,BrandF,Online,UPC-775809480,SKU-SPO-4386,Jersey,6,6,0,2274.66,1669.72,604.94,477.38,98.27,0,0,2025-12-07 21:00:00,1,0,1
TXN-03-01993,STORE-017,Electronics,BrandC,In-Store,UPC-991129595,SKU-ELE-9957,Phone,2,2,4,64.64,31.51,33.13,44.02,11.7,0,0,2025-12-19 20:00:00,1,0,1
TXN-03-05036,STORE-010,Home & Garden,BrandC,In-Store,UPC-699223166,SKU-HOM-5589,Lamp,6,6,3,371.7,175.64,196.06,84.63,22.68,0,0,2025-12-28 02:00:00,1,0,1
TXN-03-02999,STORE-020,Apparel,BrandG,Mobile,UPC-758705581,SKU-APP-9210,T-Shirt,7,7,2,1075.41,593.79,481.62,212.36,58.73,0,0,2025-12-20 18:00:00,1,1,1
TXN-03-01283,STORE-005,Apparel,BrandE,Online,UPC-432787393,SKU-APP-4007,Socks,2,2,0,679.12,486.6,192.52,381.05,41.49,0,0,2025-12-09 03:00:00,1,0,1
TXN-03-05379,STORE-018,Sports,BrandB,In-Store,UPC-230949509,SKU-SPO-7843,Water Bottle,2,2,4,352.16,262.16,90.0,202.5,26.42,0,0,2025-12-08 09:00:00,1,0,1
TXN-03-00287,STORE-011,Grocery,BrandG,In-Store,UPC-642528844,SKU-GRO-5380,Juice,9,9,4,1814.85,1168.42,646.43,272.83,71.18,0,0,2025-12-17 16:00:00,1,0,1
TXN-03-05182,STORE-016,Apparel,BrandB,In-Store,UPC-838672095,SKU-APP-7265,Dress,2,2,1,234.32,172.62,61.7,151.69,34.53,0,0,2025-12-20 04:00:00,0,0,1
TXN-03-02450,STORE-019,Sports,BrandH,In-Store,UPC-440238825,SKU-SPO-1697,Cap,6,6,2,1764.9,1266.16,498.74,313.65,19.5,0,0,2025-12-17 04:00:00,0,1,1
TXN-03-03042,STORE-011,Electronics,BrandF,Online,UPC-890545584,SKU-ELE-3136,Monitor,9,9,3,2325.87,1538.24,787.63,358.43,100.0,0,0,2025-12-15 03:00:00,1,0,1
TXN-03-01948,STORE-006,Grocery,BrandG,Online,UPC-509329182,SKU-GRO-3544,Coffee,8,8,3,1787.52,741.99,1045.53,301.66,78.22,0,0,2025-12-21 01:00:00,1,0,1
TXN-03-06364,STORE-005,Electronics,BrandD,Mobile,UPC-756539417,SKU-ELE-1262,Tablet,8,8,4,632.48,336.14,296.34,103.22,24.16,0,0,2025-12-05 14:00:00,0,1,1
TXN-03-03204,STORE-010,Apparel,BrandD,Mobile,UPC-764229209,SKU-APP-6330,Hat,4,4,4,1035.64,425.62,610.02,265.09,6.18,0,0,2025-12-25 10:00:00,1,1,1
TXN-03-01881,STORE-007,Home & Garden,BrandH,Online,UPC-363496297,SKU-HOM-7095,Hose,8,8,4,2165.76,1258.01,907.75,351.37,80.65,0,0,2025-12-16 16:00:00,0,0,1
TXN-03-05791,STORE-017,Home & Garden,BrandH,In-Store,UPC-864336934,SKU-HOM-7419,Lamp,3,3,4,238.53,178.49,60.04,86.9,7.39,0,0,2025-12-21 19:00:00,1,0,1
TXN-03-00332,STORE-012,Grocery,BrandG,Mobile,UPC-120312294,SKU-GRO-3220,Coffee,5,5,4,1636.1,1107.66,528.44,329.06,1.84,0,0,2025-12-27 22:00:00,0,0,1
TXN-03-04066,STORE-001,Home & Garden,BrandF,Online,UPC-562790118,SKU-HOM-3622,Chair,7,7,1,960.75,408.87,551.88,170.46,33.21,0,0,2025-12-21 21:00:00,1,0,1
TXN-03-01900,STORE-006,Electronics,BrandC,Online,UPC-809454759,SKU-ELE-3264,Headphones,3,3,4,657.54,474.82,182.72,242.64,23.46,0,0,2025-12-13 21:00:00,1,0,1
TXN-03-04748,STORE-004,Apparel,BrandC,In-Store,UPC-544167897,SKU-APP-2928,Dress,2,2,1,157.22,77.6,79.62,108.68,30.07,0,0,2025-12-11 07:00:00,1,1,1
TXN-03-04716,STORE-011,Sports,BrandH,Online,UPC-674730349,SKU-SPO-4419,Dumbbell,5,5,2,361.3,221.93,139.37,83.04,10.78,0,0,2025-12-23 07:00:00,1,0,1
TXN-03-04526,STORE-011,Electronics,BrandG,Online,UPC-696364193,SKU-ELE-6497,Tablet,8,8,0,3254.24,1948.58,1305.66,435.45,28.67,0,0,2025-12-12 14:00:00,1,1,1
TXN-03-00345,STORE-014,Apparel,BrandA,Mobile,UPC-844261143,SKU-APP-8869,Hat,4,4,2,831.04,445.07,385.97,279.93,72.17,0,0,2025-12-18 23:00:00,0,0,1
TXN-03-01887,STORE-020,Sports,BrandE,Mobile,UPC-235931282,SKU-SPO-4300,Cap,2,2,2,20.7,13.85,6.85,10.78,0.43,0,0,2025-12-18 14:00:00,1,1,1
TXN-03-01753,STORE-008,Apparel,BrandC,In-Store,UPC-334533184,SKU-APP-9000,T-Shirt,2,2,2,483.32,212.24,271.08,291.9,50.24,0,0,2025-12-27 04:00:00,1,0,1
TXN-03-05488,STORE-019,Sports,BrandC,In-Store,UPC-758261222,SKU-SPO-1259,Resistance Band,5,5,2,1645.4,887.08,758.32,427.1,98.02,0,0,2025-12-22 00:00:00,1,0,1
TXN-03-05983,STORE-016,Apparel,BrandF,In-Store,UPC-285291604,SKU-APP-6358,Socks,1,1,2,366.77,219.15,147.62,379.64,12.87,0,0,2025-12-25 05:00:00,1,1,1
TXN-03-01630,STORE-011,Apparel,BrandD,Online,UPC-899568389,SKU-APP-7860,Scarf,6,6,0,673.62,424.88,248.74,147.37,35.1,0,0,2025-12-09 06:00:00,1,0,1
TXN-03-06253,STORE-015,Electronics,BrandE,Mobile,UPC-744155480,SKU-ELE-2465,Laptop,3,3,4,711.75,533.21,178.54,245.93,8.68,0,0,2025-12-09 00:00:00,0,1,1
TXN-03-05939,STORE-004,Electronics,BrandE,Online,UPC-855908001,SKU-ELE-3423,Headphones,2,2,3,280.12,200.19,79.93,160.62,20.56,0,0,2025-12-30 20:00:00,1,1,1
TXN-03-03887,STORE-007,Home & Garden,BrandC,In-Store,UPC-526488868,SKU-HOM-8132,Plant Pot,5,5,2,760.1,419.34,340.76,168.07,16.05,0,0,2025-12-25 23:00:00,1,1,1
TXN-03-01485,STORE-014,Grocery,BrandG,Online,UPC-501305911,SKU-GRO-2344,Rice,4,4,1,331.44,223.57,107.87,90.27,7.41,0,0,2025-12-15 08:00:00,1,0,1
TXN-03-01369,STORE-006,Electronics,BrandH,In-Store,UPC-806985132,SKU-ELE-2420,Monitor,7,7,2,2722.23,1804.09,918.14,487.67,98.78,0,0,2025-12-18 15:00:00,0,0,1
TXN-03-06173,STORE-015,Electronics,BrandA,Online,UPC-811088384,SKU-ELE-5551,Laptop,5,5,2,252.5,119.15,133.35,58.85,8.35,0,0,2025-12-08 08:00:00,0,1,1
TXN-03-00401,STORE-020,Electronics,BrandB,Online,UPC-491594873,SKU-ELE-9812,Charger,3,3,1,382.86,249.48,133.38,165.91,38.29,0,0,2025-12-17 10:00:00,1,0,1
TXN-03-04208,STORE-004,Electronics,BrandF,Online,UPC-483990750,SKU-ELE-9309,Camera,9,9,2,2833.47,1171.72,1661.75,443.97,129.14,0,0,2025-12-06 14:00:00,0,0,1
TXN-03-02378,STORE-004,Electronics,BrandD,Mobile,UPC-725334391,SKU-ELE-9178,Tablet,8,8,3,1021.92,667.07,354.85,129.83,2.09,0,0,2025-12-04 01:00:00,1,0,1
TXN-03-04613,STORE-001,Grocery,BrandF,In-Store,UPC-250666013,SKU-GRO-6417,Milk,7,7,0,903.14,455.96,447.18,166.61,37.59,0,0,2025-12-20 00:00:00,0,1,1
TXN-03-03474,STORE-005,Sports,BrandF,Online,UPC-859080379,SKU-SPO-9789,Running Shoes,7,7,0,1510.04,1019.99,490.05,237.06,21.34,0,0,2025-12-14 22:00:00,1,0,1
TXN-03-03128,STORE-013,Home & Garden,BrandA,In-Store,UPC-457127431,SKU-HOM-5712,Hose,6,6,3,2263.38,1076.69,1186.69,385.3,8.07,0,0,2025-12-26 22:00:00,0,0,1
TXN-03-04319,STORE-017,Apparel,BrandE,In-Store,UPC-808538150,SKU-APP-9550,Shoes,5,5,0,741.95,313.02,428.93,165.69,17.3,0,0,2025-12-05 19:00:00,1,0,1
TXN-03-05556,STORE-017,Sports,BrandH,In-Store,UPC-473824828,SKU-SPO-4310,Yoga Mat,2,2,0,54.54,30.62,23.92,30.02,2.75,0,0,2025-12-16 17:00:00,0,0,1
TXN-03-00239,STORE-011,Electronics,BrandE,Online,UPC-494606935,SKU-ELE-7204,Speaker,3,3,2,163.29,97.21,66.08,68.22,13.79,0,0,2025-12-06 10:00:00,0,0,1
TXN-03-05292,STORE-004,Grocery,BrandA,Online,UPC-417170687,SKU-GRO-8986,Milk,4,4,0,45.36,23.81,21.55,13.18,1.84,0,0,2025-12-27 06:00:00,1,1,1
TXN-03-02676,STORE-011,Grocery,BrandC,In-Store,UPC-565834614,SKU-GRO-3870,Milk,4,4,0,1460.92,829.33,631.59,404.96,39.73,0,0,2025-12-02 11:00:00,0,0,1
TXN-03-03132,STORE-006,Grocery,BrandG,Online,UPC-563539363,SKU-GRO-4900,Cereal,9,9,1,551.7,382.94,168.76,63.46,2.16,0,0,2025-12-22 01:00:00,1,0,1
TXN-03-05751,STORE-001,Electronics,BrandC,Online,UPC-449031345,SKU-ELE-9345,Monitor,5,5,3,976.6,589.02,387.58,226.51,31.19,0,0,2025-12-12 02:00:00,0,1,1
TXN-03-00125,STORE-020,Grocery,BrandF,Online,UPC-999094273,SKU-GRO-2128,Cereal,9,9,3,197.82,130.21,67.61,30.48,8.5,0,0,2025-12-11 23:00:00,1,1,1
TXN-03-05407,STORE-013,Electronics,BrandF,In-Store,UPC-816261194,SKU-ELE-8232,Monitor,3,3,1,784.95,341.77,443.18,282.73,21.08,0,0,2025-12-15 03:00:00,0,0,1
TXN-03-01192,STORE-003,Grocery,BrandE,In-Store,UPC-852995932,SKU-GRO-1369,Cereal,6,6,3,284.76,147.5,137.26,47.88,0.42,0,0,2025-12-01 23:00:00,1,0,1
TXN-03-01682,STORE-012,Electronics,BrandD,Mobile,UPC-181085669,SKU-ELE-8561,Headphones,5,5,4,1799.35,1164.5,634.85,368.59,8.72,0,0,2025-12-17 15:00:00,0,0,1
TXN-03-02486,STORE-002,Home & Garden,BrandB,In-Store,UPC-304393318,SKU-HOM-7007,Tool Set,6,6,4,1490.16,724.09,766.07,297.31,48.95,0,0,2025-12-18 15:00:00,1,0,1
TXN-03-00793,STORE-013,Home & Garden,BrandH,In-Store,UPC-536119373,SKU-HOM-5923,Chair,2,2,3,357.66,162.77,194.89,236.04,57.21,0,0,2025-12-09 02:00:00,1,0,1
TXN-03-05408,STORE-002,Grocery,BrandD,Online,UPC-567839454,SKU-GRO-2294,Juice,4,4,4,1535.92,681.99,853.93,408.01,24.03,0,0,2025-12-28 04:00:00,0,0,1
TXN-03-01535,STORE-016,Home & Garden,BrandF,Online,UPC-330853469,SKU-HOM-2356,Rug,9,9,0,2836.26,1844.99,991.27,350.72,35.58,0,0,2025-12-17 16:00:00,0,0,1
TXN-03-03920,STORE-018,Grocery,BrandG,In-Store,UPC-493884856,SKU-GRO-7280,Cereal,3,3,3,205.32,109.93,95.39,80.69,12.25,0,0,2025-12-02 04:00:00,0,1,1
TXN-03-00131,STORE-005,Apparel,BrandH,Online,UPC-636331406,SKU-APP-4360,Shoes,8,8,0,2575.92,1432.67,1143.25,398.59,76.6,1,0,2025-12-03 02:00:00,1,0,1
TXN-03-02833,STORE-018,Home & Garden,BrandD,Mobile,UPC-390725007,SKU-HOM-4924,Rug,2,2,3,115.38,74.58,40.8,60.41,2.72,0,0,2025-12-22 03:00:00,1,0,1
TXN-03-05515,STORE-020,Sports,BrandE,In-Store,UPC-457795772,SKU-SPO-7880,Running Shoes,7,7,3,1556.59,1039.92,516.67,295.71,73.34,0,0,2025-12-20 21:00:00,1,0,1
TXN-03-00638,STORE-007,Home & Garden,BrandH,In-Store,UPC-407220882,SKU-HOM-3545,Chair,1,1,4,243.56,146.92,96.64,244.43,0.87,0,0,2025-12-27 12:00:00,1,0,1
TXN-03-03823,STORE-013,Apparel,BrandC,In-Store,UPC-377952931,SKU-APP-8536,Jacket,7,7,4,898.1,402.35,495.75,140.22,11.92,0,0,2025-12-20 12:00:00,1,0,1
TXN-03-01482,STORE-015,Electronics,BrandD,In-Store,UPC-250129760,SKU-ELE-4278,Phone,5,5,3,161.15,114.9,46.25,32.48,0.25,0,0,2025-12-25 13:00:00,1,1,1
TXN-03-06289,STORE-004,Sports,BrandF,Online,UPC-324395559,SKU-SPO-3742,Backpack,2,2,0,848.62,582.49,266.13,489.01,64.7,0,0,2025-12-13 09:00:00,1,0,1
TXN-03-04863,STORE-002,Home & Garden,BrandA,Online,UPC-704023595,SKU-HOM-2753,Plant Pot,1,1,1,319.6,172.25,147.35,354.58,34.98,0,0,2025-12-25 02:00:00,0,0,1
TXN-03-01342,STORE-015,Home & Garden,BrandD,In-Store,UPC-364161033,SKU-HOM-1413,Tool Set,4,4,0,226.6,128.76,97.84,74.27,17.62,0,0,2025-12-11 17:00:00,0,1,1
TXN-03-04399,STORE-009,Grocery,BrandD,Online,UPC-521408624,SKU-GRO-1278,Milk,1,1,3,215.91,86.49,129.42,260.15,44.24,0,0,2025-12-23 20:00:00,1,0,1
TXN-03-05673,STORE-004,Electronics,BrandF,Online,UPC-964369724,SKU-ELE-6816,Headphones,9,9,3,94.77,55.55,39.22,14.49,3.96,0,0,2025-12-25 17:00:00,1,1,1
TXN-03-01792,STORE-017,Sports,BrandA,In-Store,UPC-705774187,SKU-SPO-9353,Cap,2,2,3,804.84,592.59,212.25,468.86,66.44,0,0,2025-12-10 14:00:00,1,1,1
TXN-03-00155,STORE-012,Electronics,BrandA,In-Store,UPC-709256357,SKU-ELE-6759,Monitor,7,7,2,2389.24,1011.4,1377.84,486.53,145.21,0,0,2025-12-15 15:00:00,0,0,1
TXN-03-05307,STORE-018,Home & Garden,BrandG,Online,UPC-628177388,SKU-HOM-2095,Lamp,5,5,0,281.4,191.15,90.25,79.54,23.26,0,0,2025-12-26 07:00:00,0,0,1
TXN-03-03969,STORE-013,Apparel,BrandA,Mobile,UPC-621657604,SKU-APP-3120,Socks,7,7,2,2115.96,960.58,1155.38,348.2,45.92,0,0,2025-12-12 07:00:00,1,0,1
TXN-03-04543,STORE-001,Home & Garden,BrandE,Online,UPC-351543730,SKU-HOM-4387,Chair,2,2,3,908.42,647.75,260.67,495.13,40.92,0,0,2025-12-08 07:00:00,1,0,1
TXN-03-03931,STORE-005,Electronics,BrandF,Online,UPC-990791592,SKU-ELE-2450,Charger,1,1,1,265.11,139.85,125.26,333.53,68.42,0,0,2025-12-22 23:00:00,1,0,1
TXN-03-04339,STORE-002,Apparel,BrandE,Online,UPC-185772440,SKU-APP-7866,Jeans,6,6,0,2229.24,1564.98,664.26,427.99,56.45,0,0,2025-12-23 21:00:00,1,0,1
TXN-03-00667,STORE-003,Apparel,BrandC,Online,UPC-889922139,SKU-APP-7056,Socks,1,1,3,125.91,78.85,47.06,161.07,35.16,0,0,2025-12-11 22:00:00,1,0,1
TXN-03-03214,STORE-003,Apparel,BrandH,Mobile,UPC-198836190,SKU-APP-9118,Jeans,8,8,0,833.84,413.11,420.73,132.65,28.42,0,0,2025-12-04 04:00:00,0,0,1
TXN-03-02005,STORE-002,Grocery,BrandG,In-Store,UPC-214342765,SKU-GRO-6940,Rice,8,8,0,1941.76,1253.02,688.74,344.04,101.32,0,0,2025-12-01 10:00:00,1,1,1
TXN-03-04478,STORE-015,Sports,BrandE,In-Store,UPC-160260977,SKU-SPO-8949,Dumbbell,3,3,4,227.04,164.5,62.54,84.81,9.13,0,0,2025-12-28 23:00:00,1,0,1
TXN-03-05211,STORE-020,Electronics,BrandD,In-Store,UPC-128888557,SKU-ELE-1128,Charger,9,9,4,2650.41,1238.0,1412.41,335.95,41.46,0,0,2025-12-02 01:00:00,1,1,1
TXN-03-06312,STORE-001,Electronics,BrandG,In-Store,UPC-628948522,SKU-ELE-6694,Speaker,9,9,3,718.47,527.45,191.02,112.75,32.92,0,0,2025-12-11 22:00:00,1,1,1
TXN-03-04115,STORE-014,Home & Garden,BrandH,In-Store,UPC-574612444,SKU-HOM-2214,Chair,7,7,4,2732.31,1219.93,1512.38,482.56,92.23,0,0,2025-12-26 08:00:00,0,0,1
TXN-03-04723,STORE-016,Electronics,BrandD,Online,UPC-585346857,SKU-ELE-1715,Laptop,5,5,3,186.55,127.75,58.8,44.24,6.93,0,0,2025-12-25 05:00:00,1,0,1
TXN-03-03683,STORE-008,Electronics,BrandG,In-Store,UPC-525963186,SKU-ELE-1326,Tablet,1,1,1,111.6,53.81,57.79,143.68,32.08,0,0,2025-12-05 02:00:00,1,0,1
TXN-03-01616,STORE-010,Home & Garden,BrandD,In-Store,UPC-130644023,SKU-HOM-3393,Plant Pot,7,7,4,1789.76,1065.73,724.03,256.53,0.85,0,0,2025-12-14 12:00:00,1,1,1
TXN-03-01211,STORE-010,Sports,BrandG,In-Store,UPC-104936248,SKU-SPO-8665,Yoga Mat,8,8,1,2405.2,1725.24,679.96,310.43,9.78,0,0,2025-12-29 06:00:00,0,0,1
TXN-03-03935,STORE-015,Electronics,BrandA,Online,UPC-635811297,SKU-ELE-2255,Charger,6,6,0,1378.68,929.01,449.67,265.26,35.48,0,0,2025-12-16 15:00:00,0,0,1
TXN-03-06024,STORE-005,Apparel,BrandA,In-Store,UPC-233782783,SKU-APP-9461,Jeans,3,3,3,343.23,204.66,138.57,149.25,34.84,0,0,2025-12-14 14:00:00,1,0,1
TXN-03-04632,STORE-019,Home & Garden,BrandD,In-Store,UPC-312123479,SKU-HOM-6115,Rug,5,5,0,2291.25,1057.39,1233.86,490.18,31.93,0,0,2025-12-15 03:00:00,1,1,1
TXN-03-03736,STORE-001,Apparel,BrandA,In-Store,UPC-537512593,SKU-APP-4902,Shoes,5,5,3,2169.25,936.66,1232.59,437.07,3.22,0,0,2025-12-15 03:00:00,1,0,1
TXN-03-01992,STORE-016,Sports,BrandC,In-Store,UPC-566407933,SKU-SPO-3597,Cap,1,1,1,285.36,144.93,140.43,407.45,122.09,0,0,2025-12-02 04:00:00,1,0,1
TXN-03-00020,STORE-008,Grocery,BrandE,Online,UPC-379210960,SKU-GRO-8019,Coffee,6,6,4,1321.2,608.35,712.85,226.31,6.11,0,0,2025-12-30 09:00:00,1,0,1
TXN-03-01478,STORE-008,Grocery,BrandA,Online,UPC-980803990,SKU-GRO-9583,Bread,1,1,1,183.46,73.68,109.78,246.96,63.5,0,0,2025-12-13 06:00:00,1,0,1
TXN-03-05642,STORE-015,Electronics,BrandE,Mobile,UPC-173238670,SKU-ELE-2491,Charger,6,6,2,894.9,428.71,466.19,178.12,28.97,0,0,2025-12-02 13:00:00,0,0,1
TXN-03-00804,STORE-017,Grocery,BrandH,Online,UPC-304625129,SKU-GRO-4670,Bread,1,1,2,373.98,158.42,215.56,487.71,113.73,0,0,2025-12-23 08:00:00,1,0,1
TXN-03-04125,STORE-005,Electronics,BrandC,In-Store,UPC-932178490,SKU-ELE-3575,Headphones,9,9,4,1418.49,694.77,723.72,160.48,2.87,0,0,2025-12-13 14:00:00,1,0,1
TXN-03-06389,STORE-011,Home & Garden,BrandA,Online,UPC-800098553,SKU-HOM-6425,Tool Set,8,8,2,518.24,370.76,147.48,67.73,2.95,0,0,2025-12-17 08:00:00,1,0,1
TXN-03-03973,STORE-018,Home & Garden,BrandH,Mobile,UPC-142904608,SKU-HOM-7701,Cushion,2,2,4,274.96,110.51,164.45,161.52,24.04,0,0,2025-12-10 15:00:00,1,1,1
TXN-03-00495,STORE-005,Apparel,BrandF,Mobile,UPC-817307657,SKU-APP-2517,Shoes,8,8,3,1361.84,971.53,390.31,175.37,5.14,0,0,2025-12-14 23:00:00,0,0,1
TXN-03-01450,STORE-012,Home & Garden,BrandC,In-Store,UPC-468859920,SKU-HOM-6898,Plant Pot,3,3,2,976.56,661.41,315.15,393.11,67.59,0,0,2025-12-09 15:00:00,1,0,1
TXN-03-02403,STORE-011,Apparel,BrandA,Mobile,UPC-831292689,SKU-APP-7206,Scarf,5,5,0,1822.95,937.97,884.98,438.46,73.87,0,0,2025-12-20 08:00:00,1,0,1
TXN-03-02678,STORE-020,Electronics,BrandE,Online,UPC-193582840,SKU-ELE-8787,Tablet,1,1,0,40.63,24.06,16.57,46.77,6.14,0,0,2025-12-27 13:00:00,1,1,1
TXN-03-01796,STORE-011,Home & Garden,BrandB,Online,UPC-322062381,SKU-HOM-5323,Cushion,3,3,4,869.52,553.68,315.84,366.05,76.21,0,0,2025-12-10 23:00:00,1,0,1
TXN-03-05732,STORE-010,Home & Garden,BrandE,Mobile,UPC-425716437,SKU-HOM-2460,Cushion,5,5,4,1339.75,701.49,638.26,295.51,27.56,0,0,2025-12-04 00:00:00,0,0,1
TXN-03-04230,STORE-011,Home & Garden,BrandE,In-Store,UPC-244400654,SKU-HOM-6284,Plant Pot,5,5,2,1136.0,580.26,555.74,261.84,34.64,0,0,2025-12-13 00:00:00,1,0,1
TXN-03-00267,STORE-005,Apparel,BrandC,Online,UPC-242886716,SKU-APP-9100,Scarf,4,4,4,1258.32,817.84,440.48,335.15,20.57,0,0,2025-12-30 03:00:00,1,0,1
TXN-03-06286,STORE-007,Electronics,BrandA,In-Store,UPC-530551642,SKU-ELE-7242,Tablet,1,1,1,428.8,317.79,111.01,497.14,68.34,1,1,2025-12-07 19:00:00,0,0,1
TXN-03-02827,STORE-013,Home & Garden,BrandB,Online,UPC-193144019,SKU-HOM-7559,Plant Pot,2,2,2,911.42,541.69,369.73,493.81,38.1,0,0,2025-12-02 01:00:00,1,1,1
TXN-03-02703,STORE-008,Electronics,BrandD,Online,UPC-863495446,SKU-ELE-7105,Phone,8,8,0,1328.96,811.59,517.37,206.2,40.08,1,1,2025-12-25 09:00:00,0,1,1
TXN-03-05741,STORE-006,Apparel,BrandF,Mobile,UPC-379129124,SKU-APP-9811,Shoes,5,5,2,1128.1,651.46,476.64,246.01,20.39,0,0,2025-12-15 01:00:00,1,0,1
TXN-03-01812,STORE-018,Apparel,BrandF,Mobile,UPC-720147638,SKU-APP-6183,Hat,9,9,3,3229.11,1481.83,1747.28,396.56,37.77,0,0,2025-12-21 06:00:00,1,0,1
TXN-03-06295,STORE-005,Grocery,BrandC,In-Store,UPC-531414052,SKU-GRO-3656,Pasta,3,3,0,549.93,241.82,308.11,246.23,62.92,0,0,2025-12-24 15:00:00,0,1,1
TXN-03-02948,STORE-006,Apparel,BrandH,Online,UPC-999418565,SKU-APP-8730,Jeans,3,3,2,574.53,416.63,157.9,199.17,7.66,0,0,2025-12-18 21:00:00,1,0,1
TXN-03-00377,STORE-004,Home & Garden,BrandD,In-Store,UPC-126689576,SKU-HOM-2772,Cushion,6,6,4,571.74,334.47,237.27,134.18,38.89,0,0,2025-12-14 13:00:00,1,0,1
TXN-03-03632,STORE-002,Electronics,BrandH,In-Store,UPC-551174204,SKU-ELE-1939,Tablet,9,9,0,3949.92,2374.33,1575.59,456.35,17.47,0,0,2025-12-16 12:00:00,1,0,1
TXN-03-05891,STORE-015,Sports,BrandB,Online,UPC-229241811,SKU-SPO-9105,Water Bottle,1,1,1,274.12,123.51,150.61,296.52,22.4,0,0,2025-12-18 13:00:00,1,0,1
TXN-03-04519,STORE-016,Apparel,BrandH,In-Store,UPC-425830869,SKU-APP-5173,T-Shirt,8,8,1,827.04,594.9,232.14,135.6,32.22,0,0,2025-12-02 10:00:00,1,0,1
TXN-03-04775,STORE-011,Electronics,BrandB,Online,UPC-992008290,SKU-ELE-2779,Speaker,6,6,0,62.76,31.31,31.45,13.89,3.43,0,0,2025-12-14 00:00:00,1,0,1
TXN-03-04893,STORE-012,Sports,BrandF,Online,UPC-482741981,SKU-SPO-5091,Backpack,6,6,3,234.6,135.54,99.06,55.06,15.96,0,0,2025-12-02 10:00:00,0,0,1
TXN-03-02382,STORE-006,Grocery,BrandB,In-Store,UPC-173933193,SKU-GRO-6406,Bread,9,9,2,393.93,207.38,186.55,56.63,12.86,0,0,2025-12-01 22:00:00,1,0,1
TXN-03-04888,STORE-010,Sports,BrandC,In-Store,UPC-668369054,SKU-SPO-3676,Yoga Mat,5,5,2,905.3,497.27,408.03,215.48,34.42,0,0,2025-12-06 18:00:00,1,0,1
TXN-03-05690,STORE-007,Apparel,BrandE,Online,UPC-961758604,SKU-APP-4897,Jacket,9,9,4,2285.55,946.76,1338.79,282.64,28.69,0,0,2025-12-27 01:00:00,0,0,1
TXN-03-00676,STORE-011,Electronics,BrandB,In-Store,UPC-994996232,SKU-ELE-1054,Laptop,9,9,1,1645.92,1115.64,530.28,250.66,67.78,0,0,2025-12-09 01:00:00,0,0,1
TXN-03-05349,STORE-007,Electronics,BrandH,In-Store,UPC-605593575,SKU-ELE-1554,Charger,4,4,0,600.64,355.85,244.79,153.8,3.64,0,0,2025-12-26 07:00:00,1,0,1
TXN-03-04241,STORE-020,Electronics,BrandA,Online,UPC-564051695,SKU-ELE-2359,Headphones,5,5,1,1539.1,984.78,554.32,329.74,21.92,0,0,2025-12-09 00:00:00,0,0,1
TXN-03-01636,STORE-007,Home & Garden,BrandD,Online,UPC-377582832,SKU-HOM-8690,Chair,1,1,3,38.73,20.36,18.37,45.93,7.2,0,0,2025-12-21 04:00:00,1,0,1
TXN-03-05653,STORE-005,Sports,BrandG,Online,UPC-310265334,SKU-SPO-8191,Running Shoes,1,1,4,321.25,182.57,138.68,333.68,12.43,0,0,2025-12-15 12:00:00,0,0,1
TXN-03-04911,STORE-020,Apparel,BrandA,Mobile,UPC-828161680,SKU-APP-9780,Jacket,8,8,2,3156.32,2061.56,1094.76,484.8,90.26,0,0,2025-12-17 04:00:00,1,0,1
TXN-03-01815,STORE-020,Grocery,BrandF,Online,UPC-873444412,SKU-GRO-6182,Snack Bar,1,1,4,428.31,309.84,118.47,480.95,52.64,0,0,2025-12-13 04:00:00,1,0,1
TXN-03-01120,STORE-010,Apparel,BrandE,Online,UPC-431613898,SKU-APP-5716,T-Shirt,4,4,0,377.0,236.76,140.24,105.39,11.14,0,0,2025-12-17 02:00:00,1,0,1
TXN-03-05160,STORE-017,Sports,BrandE,Online,UPC-220983661,SKU-SPO-4224,Backpack,9,9,4,1056.6,504.09,552.51,127.22,9.82,0,0,2025-12-22 03:00:00,0,1,1
TXN-03-00343,STORE-020,Electronics,BrandC,Online,UPC-696238522,SKU-ELE-4670,Tablet,5,5,2,1763.4,1008.78,754.62,409.1,56.42,0,0,2025-12-08 08:00:00,1,0,1
TXN-03-04861,STORE-003,Electronics,BrandH,Online,UPC-774069941,SKU-ELE-4407,Monitor,7,7,0,727.58,383.29,344.29,120.7,16.76,0,0,2025-12-09 00:00:00,0,1,1
TXN-03-01747,STORE-007,Electronics,BrandC,In-Store,UPC-988440549,SKU-ELE-6073,Headphones,4,4,4,986.92,507.02,479.9,266.44,19.71,0,0,2025-12-23 01:00:00,1,1,1
TXN-03-06385,STORE-008,Home & Garden,BrandG,In-Store,UPC-752748930,SKU-HOM-9737,Plant Pot,5,5,0,1644.25,711.27,932.98,331.03,2.18,0,0,2025-12-24 02:00:00,1,0,1
TXN-03-02015,STORE-003,Apparel,BrandH,Online,UPC-458506201,SKU-APP-4091,Dress,2,2,1,674.3,333.78,340.52,374.87,37.72,0,0,2025-12-01 06:00:00,1,0,1
TXN-03-01962,STORE-015,Apparel,BrandF,In-Store,UPC-822041581,SKU-APP-1478,Socks,8,8,3,1789.76,885.26,904.5,227.27,3.55,0,0,2025-12-29 15:00:00,0,0,1
TXN-03-06199,STORE-014,Electronics,BrandC,Online,UPC-217741853,SKU-ELE-2052,Charger,7,7,0,1712.2,954.04,758.16,346.58,101.98,0,0,2025-12-27 11:00:00,1,0,1
TXN-03-04461,STORE-011,Apparel,BrandH,Mobile,UPC-548266512,SKU-APP-7904,T-Shirt,7,7,3,1425.55,877.91,547.64,219.04,15.39,1,1,2025-12-21 20:00:00,1,1,1
TXN-03-00083,STORE-008,Electronics,BrandB,In-Store,UPC-789147438,SKU-ELE-3389,Headphones,4,4,2,895.68,586.06,309.62,310.85,86.93,0,0,2025-12-22 02:00:00,1,0,1
TXN-03-00645,STORE-018,Electronics,BrandH,In-Store,UPC-356181963,SKU-ELE-1248,Tablet,9,9,0,2539.26,1852.25,687.01,304.2,22.06,0,0,2025-12-30 12:00:00,1,0,1
TXN-03-00246,STORE-015,Electronics,BrandD,In-Store,UPC-676014612,SKU-ELE-7642,Speaker,8,8,1,2024.24,954.43,1069.81,326.08,73.05,0,0,2025-12-09 22:00:00,1,0,1
TXN-03-04366,STORE-011,Apparel,BrandB,Mobile,UPC-877626619,SKU-APP-3784,Jeans,2,2,2,466.16,213.27,252.89,248.25,15.17,0,0,2025-12-09 02:00:00,1,0,1
TXN-03-04439,STORE-011,Home & Garden,BrandB,In-Store,UPC-947850285,SKU-HOM-8092,Cushion,3,3,2,975.96,618.63,357.33,327.6,2.28,0,0,2025-12-05 10:00:00,1,0,1
TXN-03-03278,STORE-007,Grocery,BrandB,In-Store,UPC-596909703,SKU-GRO-7755,Coffee,5,5,1,1143.35,528.8,614.55,316.18,87.51,0,0,2025-12-25 06:00:00,1,0,1
TXN-03-05041,STORE-015,Grocery,BrandC,Mobile,UPC-786850998,SKU-GRO-8575,Cereal,6,6,4,1088.7,678.46,410.24,230.5,49.05,0,0,2025-12-13 02:00:00,1,0,1
TXN-03-01420,STORE-014,Grocery,BrandA,In-Store,UPC-855987412,SKU-GRO-5600,Snack Bar,1,1,3,166.46,81.31,85.15,214.02,47.56,0,0,2025-12-03 13:00:00,0,1,1
TXN-03-06007,STORE-020,Electronics,BrandB,In-Store,UPC-329544192,SKU-ELE-2445,Camera,3,3,1,1363.86,630.98,732.88,475.96,21.34,0,0,2025-12-16 12:00:00,1,0,1
TXN-03-04799,STORE-007,Home & Garden,BrandG,In-Store,UPC-432841134,SKU-HOM-7933,Hose,5,5,3,1641.0,1130.64,510.36,366.87,38.67,0,0,2025-12-19 02:00:00,1,1,1
TXN-03-05216,STORE-014,Electronics,BrandC,Mobile,UPC-714791041,SKU-ELE-8179,Speaker,8,8,0,234.64,118.87,115.77,37.33,8.0,0,0,2025-12-22 18:00:00,1,1,1
TXN-03-01242,STORE-016,Home & Garden,BrandB,In-Store,UPC-583482451,SKU-HOM-2959,Rug,5,5,4,1129.5,755.08,374.42,269.35,43.45,0,0,2025-12-06 11:00:00,1,0,1
TXN-03-01519,STORE-003,Electronics,BrandB,Online,UPC-316615880,SKU-ELE-8491,Headphones,6,6,4,1864.5,969.48,895.02,322.31,11.56,0,0,2025-12-07 13:00:00,0,0,1
TXN-03-04008,STORE-017,Electronics,BrandA,In-Store,UPC-604005320,SKU-ELE-7157,Headphones,4,4,0,1346.16,673.77,672.39,439.0,102.46,0,0,2025-12-17 09:00:00,0,0,1
TXN-03-00844,STORE-006,Sports,BrandE,Online,UPC-825650938,SKU-SPO-7561,Water Bottle,6,6,1,495.48,291.52,203.96,106.63,24.05,0,0,2025-12-02 01:00:00,1,0,1
TXN-03-03905,STORE-012,Grocery,BrandD,Online,UPC-381642012,SKU-GRO-9101,Milk,9,9,3,911.88,422.73,489.15,142.29,40.97,0,0,2025-12-02 07:00:00,0,0,1
TXN-03-01850,STORE-014,Apparel,BrandG,In-Store,UPC-960020728,SKU-APP-8511,Jeans,8,8,3,1492.4,984.26,508.14,264.72,78.17,0,0,2025-12-02 10:00:00,1,0,1
TXN-03-03516,STORE-007,Sports,BrandF,In-Store,UPC-544135403,SKU-SPO-3609,Running Shoes,3,3,1,237.78,127.73,110.05,99.19,19.93,0,0,2025-12-19 00:00:00,1,0,1
TXN-03-01215,STORE-011,Grocery,BrandB,In-Store,UPC-127273002,SKU-GRO-8288,Bread,6,6,0,1491.36,683.53,807.83,278.52,29.96,0,0,2025-12-29 08:00:00,0,0,1
TXN-03-03142,STORE-013,Apparel,BrandE,Mobile,UPC-965532459,SKU-APP-2409,Dress,2,2,3,547.18,365.31,181.87,301.66,28.07,0,0,2025-12-08 16:00:00,0,1,1
TXN-03-00396,STORE-020,Apparel,BrandA,In-Store,UPC-620385306,SKU-APP-2807,Jeans,3,3,1,197.79,94.07,103.72,93.92,27.99,0,0,2025-12-30 16:00:00,1,1,1
TXN-03-04899,STORE-009,Grocery,BrandG,Online,UPC-474466279,SKU-GRO-7588,Juice,9,9,1,1184.58,662.6,521.98,139.26,7.64,0,0,2025-12-18 07:00:00,1,0,1
TXN-03-16429,STORE-007,Apparel,BrandF,Online,UPC-187257616,SKU-APP-9423,Hat,9,9,0,2286.45,1013.08,1273.37,290.74,36.69,0,0,2025-12-18 09:00:00,1,1,1
TXN-03-00836,STORE-010,Electronics,BrandA,In-Store,UPC-281907903,SKU-ELE-8909,Charger,7,7,0,623.63,462.71,160.92,101.91,12.82,0,0,2025-12-03 23:00:00,1,0,1
TXN-03-04043,STORE-003,Apparel,BrandA,Online,UPC-496778488,SKU-APP-6407,Socks,1,1,1,255.96,179.64,76.32,312.31,56.35,0,0,2025-12-09 16:00:00,1,0,1
TXN-03-04591,STORE-007,Home & Garden,BrandD,Online,UPC-992486726,SKU-HOM-3868,Rug,4,4,4,194.2,138.38,55.82,55.36,6.81,0,0,2025-12-27 08:00:00,0,0,1
TXN-03-02724,STORE-018,Home & Garden,BrandE,Online,UPC-699696135,SKU-HOM-4918,Chair,7,7,4,2371.39,1063.83,1307.56,481.58,142.81,0,0,2025-12-22 23:00:00,0,0,1
TXN-03-04570,STORE-006,Electronics,BrandA,In-Store,UPC-429480848,SKU-ELE-4951,Charger,7,7,0,1451.8,703.03,748.77,256.0,48.6,0,0,2025-12-12 21:00:00,0,1,1
TXN-03-04126,STORE-020,Apparel,BrandG,Online,UPC-720157321,SKU-APP-8801,T-Shirt,2,2,3,727.98,381.42,346.56,371.53,7.54,0,0,2025-12-08 02:00:00,1,0,1
TXN-03-03485,STORE-002,Apparel,BrandH,Mobile,UPC-557414361,SKU-APP-2479,T-Shirt,8,8,4,2867.2,2120.22,746.98,482.15,123.75,0,0,2025-12-29 05:00:00,1,1,1
TXN-03-05187,STORE-012,Electronics,BrandE,Online,UPC-567125503,SKU-ELE-1875,Tablet,6,6,1,2691.18,1741.17,950.01,481.57,33.04,0,0,2025-12-19 03:00:00,0,1,1
TXN-03-02879,STORE-010,Electronics,BrandC,In-Store,UPC-230087718,SKU-ELE-7872,Monitor,9,9,3,1663.29,1225.24,438.05,231.08,46.27,0,0,2025-12-25 05:00:00,0,0,1
TXN-03-02039,STORE-018,Home & Garden,BrandG,Online,UPC-235827030,SKU-HOM-5884,Vase,6,6,0,131.4,59.64,71.76,27.87,5.97,0,0,2025-12-27 04:00:00,1,0,1
TXN-03-03064,STORE-013,Apparel,BrandB,Online,UPC-627563311,SKU-APP-7388,Shoes,8,8,2,1409.84,732.15,677.69,222.33,46.1,0,0,2025-12-05 23:00:00,1,0,1
TXN-03-00507,STORE-015,Apparel,BrandD,Online,UPC-704320454,SKU-APP-6265,Dress,7,7,0,1133.23,489.57,643.66,203.4,41.51,1,0,2025-12-18 21:00:00,0,0,1
TXN-03-06298,STORE-001,Apparel,BrandB,In-Store,UPC-488664452,SKU-APP-9056,Shoes,5,5,0,1464.7,974.52,490.18,299.13,6.19,0,0,2025-12-13 02:00:00,1,0,1
TXN-03-05777,STORE-017,Home & Garden,BrandG,In-Store,UPC-255316710,SKU-HOM-4642,Rug,7,7,4,684.67,300.17,384.5,114.09,16.28,0,0,2025-12-19 02:00:00,1,0,1
TXN-03-16444,STORE-019,Sports,BrandD,Mobile,UPC-300119904,SKU-SPO-1998,Yoga Mat,8,8,4,1237.52,668.62,568.9,158.57,3.88,0,0,2025-12-11 03:00:00,1,1,1
TXN-03-00218,STORE-019,Apparel,BrandG,In-Store,UPC-775257749,SKU-APP-4662,Jeans,8,8,0,256.24,162.52,93.72,39.18,7.15,0,0,2025-12-12 13:00:00,1,1,1
TXN-03-05892,STORE-016,Sports,BrandA,In-Store,UPC-928487253,SKU-SPO-1410,Dumbbell,5,5,4,2121.45,924.17,1197.28,440.9,16.61,0,0,2025-12-21 04:00:00,0,0,1
TXN-03-01403,STORE-014,Home & Garden,BrandA,In-Store,UPC-330828486,SKU-HOM-5132,Hose,7,7,3,1678.88,881.9,796.98,257.56,17.72,0,0,2025-12-24 07:00:00,0,1,1
TXN-03-05348,STORE-020,Home & Garden,BrandG,In-Store,UPC-195854826,SKU-HOM-8118,Tool Set,5,5,1,414.65,167.18,247.47,87.85,4.92,0,0,2025-12-02 14:00:00,0,1,1
TXN-03-16456,STORE-019,Home & Garden,BrandC,In-Store,UPC-313509286,SKU-HOM-9409,Chair,4,4,1,251.92,141.21,110.71,65.62,2.64,0,0,2025-12-01 13:00:00,1,0,1
TXN-03-02974,STORE-002,Sports,BrandF,Online,UPC-776657362,SKU-SPO-3409,Yoga Mat,1,1,0,29.77,15.67,14.1,31.2,1.43,0,0,2025-12-02 00:00:00,0,1,1
TXN-03-02766,STORE-011,Electronics,BrandC,Online,UPC-424725973,SKU-ELE-5085,Phone,6,6,3,378.96,273.59,105.37,85.77,22.61,0,0,2025-12-07 18:00:00,0,0,1
TXN-03-02579,STORE-008,Home & Garden,BrandH,Online,UPC-331422271,SKU-HOM-1163,Cushion,9,9,3,291.87,216.18,75.69,33.81,1.38,0,0,2025-12-11 06:00:00,1,0,1
TXN-03-01538,STORE-019,Grocery,BrandD,Online,UPC-478722396,SKU-GRO-8499,Pasta,8,8,1,2252.96,1030.44,1222.52,323.12,41.5,0,0,2025-12-02 01:00:00,1,1,1
TXN-03-05360,STORE-020,Sports,BrandC,In-Store,UPC-714831639,SKU-SPO-2232,Cap,1,1,1,222.68,122.7,99.98,277.14,54.46,0,0,2025-12-27 14:00:00,1,0,1
TXN-03-00459,STORE-004,Home & Garden,BrandB,In-Store,UPC-217790987,SKU-HOM-2384,Rug,7,7,0,1321.81,891.42,430.39,223.18,34.35,0,0,2025-12-15 19:00:00,0,0,1
TXN-03-02906,STORE-018,Grocery,BrandA,Online,UPC-213283538,SKU-GRO-5921,Milk,9,9,0,3341.97,2146.24,1195.73,384.45,13.12,0,0,2025-12-01 05:00:00,0,0,1
TXN-03-04511,STORE-010,Electronics,BrandG,In-Store,UPC-167660524,SKU-ELE-8199,Monitor,1,1,0,381.42,238.38,143.04,454.76,73.34,1,0,2025-12-07 18:00:00,1,0,1
TXN-03-05058,STORE-004,Sports,BrandG,Online,UPC-653722672,SKU-SPO-6373,Jersey,4,4,4,983.8,729.72,254.08,250.8,4.85,0,0,2025-12-01 22:00:00,1,0,1
TXN-03-00115,STORE-003,Electronics,BrandD,In-Store,UPC-715558491,SKU-ELE-8915,Laptop,6,6,1,2440.56,1689.0,751.56,454.48,47.72,0,0,2025-12-09 13:00:00,1,0,1
TXN-03-01583,STORE-020,Electronics,BrandA,Online,UPC-590128382,SKU-ELE-9973,Headphones,5,5,1,518.25,361.27,156.98,141.01,37.36,1,0,2025-12-21 21:00:00,1,0,1
TXN-03-01983,STORE-009,Sports,BrandC,In-Store,UPC-131321471,SKU-SPO-5226,Running Shoes,6,6,2,162.6,105.61,56.99,35.29,8.19,0,0,2025-12-06 08:00:00,0,0,1
TXN-03-02121,STORE-006,Home & Garden,BrandH,In-Store,UPC-537848744,SKU-HOM-3302,Chair,7,7,2,713.93,379.52,334.41,133.9,31.91,0,0,2025-12-04 12:00:00,0,1,1
TXN-03-04030,STORE-005,Home & Garden,BrandA,Online,UPC-424463937,SKU-HOM-1433,Cushion,8,8,1,1756.96,1298.13,458.83,241.01,21.39,0,0,2025-12-21 11:00:00,1,0,1
TXN-03-02648,STORE-020,Apparel,BrandD,Mobile,UPC-243642842,SKU-APP-2873,Jacket,8,8,3,2174.48,1565.3,609.18,277.4,5.59,0,0,2025-12-10 22:00:00,1,0,1
TXN-03-01250,STORE-010,Home & Garden,BrandH,Mobile,UPC-705528240,SKU-HOM-8833,Plant Pot,2,2,2,40.46,29.64,10.82,27.9,7.67,0,0,2025-12-27 03:00:00,1,1,1
TXN-03-02805,STORE-003,Home & Garden,BrandB,Online,UPC-650517567,SKU-HOM-1477,Hose,4,4,4,1462.72,738.45,724.27,485.91,120.23,0,0,2025-12-10 14:00:00,1,0,1
TXN-03-04308,STORE-002,Grocery,BrandD,In-Store,UPC-461254263,SKU-GRO-9716,Pasta,3,3,4,212.28,118.91,93.37,94.33,23.57,0,0,2025-12-11 20:00:00,1,1,1
TXN-03-00895,STORE-011,Grocery,BrandD,In-Store,UPC-432145525,SKU-GRO-3875,Pasta,3,3,4,299.52,138.85,160.67,138.46,38.62,0,0,2025-12-02 17:00:00,1,0,1
TXN-03-01609,STORE-015,Grocery,BrandE,In-Store,UPC-624633033,SKU-GRO-9337,Snack Bar,4,4,3,212.0,103.01,108.99,58.61,5.61,0,0,2025-12-29 14:00:00,0,1,1
TXN-03-01925,STORE-004,Grocery,BrandB,Online,UPC-948161817,SKU-GRO-4036,Snack Bar,3,3,3,428.94,231.47,197.47,186.2,43.22,0,0,2025-12-22 17:00:00,1,0,1
TXN-03-01016,STORE-016,Electronics,BrandH,Online,UPC-753494963,SKU-ELE-9071,Headphones,5,5,2,1241.55,546.69,694.86,319.45,71.14,0,0,2025-12-24 23:00:00,0,0,1
TXN-03-05439,STORE-014,Electronics,BrandB,Online,UPC-461771384,SKU-ELE-3716,Camera,7,7,0,2667.98,1901.96,766.02,396.04,14.9,0,0,2025-12-28 19:00:00,0,0,1
TXN-03-01549,STORE-006,Grocery,BrandD,In-Store,UPC-236757614,SKU-GRO-8740,Milk,5,5,1,1757.15,1104.1,653.05,414.38,62.95,0,0,2025-12-12 18:00:00,1,1,1
TXN-03-02576,STORE-004,Apparel,BrandG,In-Store,UPC-989003117,SKU-APP-6835,T-Shirt,6,6,0,756.24,543.15,213.09,138.75,12.71,0,0,2025-12-24 02:00:00,0,1,1
TXN-03-06147,STORE-003,Sports,BrandD,Online,UPC-884567380,SKU-SPO-9402,Backpack,1,1,2,4.2,2.77,1.43,5.41,1.21,0,0,2025-12-03 08:00:00,1,0,1
TXN-03-03717,STORE-019,Electronics,BrandE,In-Store,UPC-256422396,SKU-ELE-5112,Speaker,1,1,1,421.94,284.96,136.98,432.84,10.9,0,0,2025-12-26 14:00:00,0,0,1
TXN-03-01336,STORE-008,Sports,BrandG,Online,UPC-289395490,SKU-SPO-1771,Jersey,2,2,4,780.06,558.16,221.9,436.59,46.56,0,0,2025-12-16 00:00:00,1,1,1
TXN-03-06154,STORE-012,Apparel,BrandB,In-Store,UPC-699101709,SKU-APP-1170,Jeans,9,9,0,3651.57,1617.19,2034.38,497.85,92.12,0,0,2025-12-08 09:00:00,1,0,1
TXN-03-01837,STORE-016,Electronics,BrandG,Online,UPC-106430433,SKU-ELE-4766,Laptop,2,2,4,855.62,461.3,394.32,434.39,6.58,0,0,2025-12-03 14:00:00,1,1,1
TXN-03-01027,STORE-002,Electronics,BrandF,Online,UPC-794631552,SKU-ELE-4331,Speaker,5,5,3,1365.15,750.4,614.75,342.37,69.34,0,0,2025-12-12 18:00:00,1,0,1
TXN-03-06395,STORE-004,Home & Garden,BrandH,In-Store,UPC-759155665,SKU-HOM-8596,Hose,2,2,2,582.16,266.92,315.24,403.25,112.17,0,0,2025-12-26 14:00:00,1,0,1
TXN-03-04874,STORE-012,Sports,BrandB,Mobile,UPC-661538225,SKU-SPO-1763,Running Shoes,7,7,1,997.71,416.61,581.1,153.09,10.56,0,0,2025-12-06 20:00:00,1,0,1
TXN-03-06222,STORE-019,Electronics,BrandB,Online,UPC-781541394,SKU-ELE-8475,Phone,9,9,3,3403.53,2051.22,1352.31,388.73,10.56,0,0,2025-12-16 13:00:00,1,0,1
TXN-03-01621,STORE-011,Apparel,BrandD,Online,UPC-313318056,SKU-APP-3026,Hat,7,7,3,1510.39,894.05,616.34,248.02,32.25,0,0,2025-12-03 22:00:00,0,0,1
TXN-03-03091,STORE-003,Electronics,BrandD,Online,UPC-942735668,SKU-ELE-9099,Charger,2,2,3,304.22,126.85,177.37,203.06,50.95,0,0,2025-12-21 10:00:00,1,0,1
TXN-03-05713,STORE-011,Apparel,BrandA,Online,UPC-612561981,SKU-APP-1851,Hat,5,5,2,1173.9,783.85,390.05,248.24,13.46,0,0,2025-12-05 20:00:00,0,0,1
TXN-03-05089,STORE-001,Grocery,BrandB,Online,UPC-906262075,SKU-GRO-8164,Milk,3,3,0,408.33,177.61,230.72,187.26,51.15,0,0,2025-12-17 16:00:00,1,0,1
TXN-03-04989,STORE-007,Electronics,BrandB,Online,UPC-999193678,SKU-ELE-7807,Monitor,8,8,2,2253.28,921.61,1331.67,288.13,6.47,1,0,2025-12-13 09:00:00,0,0,1
TXN-03-03634,STORE-018,Grocery,BrandC,In-Store,UPC-180077864,SKU-GRO-4183,Rice,2,2,1,480.72,249.72,231.0,309.49,69.13,0,0,2025-12-09 09:00:00,0,0,1
TXN-03-06296,STORE-017,Grocery,BrandD,In-Store,UPC-157653619,SKU-GRO-3037,Pasta,3,3,0,719.4,312.0,407.4,302.37,62.57,0,0,2025-12-12 20:00:00,1,0,1
TXN-03-05710,STORE-003,Home & Garden,BrandC,In-Store,UPC-491531947,SKU-HOM-5255,Tool Set,5,5,1,1415.75,674.32,741.43,363.25,80.1,0,0,2025-12-22 00:00:00,1,0,1
TXN-03-02793,STORE-017,Electronics,BrandC,Online,UPC-629980523,SKU-ELE-7078,Laptop,8,8,0,163.2,116.44,46.76,26.78,6.38,0,0,2025-12-04 13:00:00,0,1,1
TXN-03-03292,STORE-020,Apparel,BrandG,In-Store,UPC-615455546,SKU-APP-5812,Shoes,1,1,2,101.14,53.07,48.07,128.32,27.18,0,0,2025-12-29 01:00:00,1,0,1
TXN-03-00756,STORE-005,Electronics,BrandC,Online,UPC-983330657,SKU-ELE-9231,Monitor,6,6,2,1041.06,510.94,530.12,202.94,29.43,0,0,2025-12-08 09:00:00,1,1,1
TXN-03-03361,STORE-020,Home & Garden,BrandE,In-Store,UPC-270246009,SKU-HOM-9574,Vase,5,5,3,1448.55,797.12,651.43,395.42,105.71,0,0,2025-12-02 19:00:00,1,0,1
TXN-03-04332,STORE-004,Home & Garden,BrandC,Mobile,UPC-522703588,SKU-HOM-9403,Vase,8,8,1,3430.96,1858.71,1572.25,466.43,37.56,0,0,2025-12-05 18:00:00,1,1,1
TXN-03-04782,STORE-017,Electronics,BrandC,In-Store,UPC-966329174,SKU-ELE-9198,Laptop,7,7,2,2017.96,1017.24,1000.72,323.15,34.87,0,0,2025-12-09 02:00:00,1,0,1
TXN-03-05737,STORE-001,Electronics,BrandB,In-Store,UPC-833415740,SKU-ELE-5573,Headphones,7,7,2,2909.83,1835.77,1074.06,478.47,62.78,0,0,2025-12-06 23:00:00,1,0,1
TXN-03-05174,STORE-019,Sports,BrandD,Online,UPC-272135339,SKU-SPO-1291,Yoga Mat,4,4,0,1045.12,698.68,346.44,294.48,33.2,0,0,2025-12-23 20:00:00,1,1,1
TXN-03-05070,STORE-012,Home & Garden,BrandC,In-Store,UPC-687034782,SKU-HOM-1958,Vase,9,9,0,2768.76,1711.05,1057.71,398.22,90.58,0,0,2025-12-26 09:00:00,1,0,1
TXN-03-03251,STORE-006,Grocery,BrandG,Mobile,UPC-306815864,SKU-GRO-4559,Snack Bar,1,1,1,120.73,78.91,41.82,121.47,0.74,0,0,2025-12-21 14:00:00,1,0,1
TXN-03-04321,STORE-017,Apparel,BrandC,Online,UPC-808335008,SKU-APP-8866,Hat,7,7,2,69.09,34.13,34.96,11.36,1.49,0,0,2025-12-30 07:00:00,1,0,1
TXN-03-01159,STORE-015,Electronics,BrandD,Mobile,UPC-751768499,SKU-ELE-1144,Speaker,4,4,0,388.2,230.11,158.09,119.06,22.01,0,0,2025-12-24 07:00:00,1,1,1
TXN-03-03713,STORE-002,Grocery,BrandD,In-Store,UPC-303421378,SKU-GRO-3848,Juice,1,1,3,180.91,100.92,79.99,223.66,42.75,0,0,2025-12-13 14:00:00,1,0,1
TXN-03-03643,STORE-009,Home & Garden,BrandD,In-Store,UPC-716308659,SKU-HOM-2698,Vase,7,7,4,594.23,440.28,153.95,106.69,21.8,0,0,2025-12-21 20:00:00,1,1,1
TXN-03-06169,STORE-016,Electronics,BrandB,Mobile,UPC-604310770,SKU-ELE-8435,Charger,3,3,4,880.08,654.63,225.45,410.34,116.98,0,0,2025-12-13 10:00:00,1,0,1
TXN-03-05715,STORE-013,Grocery,BrandC,Online,UPC-722865893,SKU-GRO-5401,Juice,5,5,2,530.05,286.57,243.48,140.62,34.61,0,0,2025-12-24 00:00:00,1,0,1
TXN-03-05834,STORE-012,Grocery,BrandD,Online,UPC-466116662,SKU-GRO-8167,Bread,7,7,4,1906.73,822.91,1083.82,348.87,76.48,0,0,2025-12-24 09:00:00,1,0,1
TXN-03-04278,STORE-008,Grocery,BrandA,In-Store,UPC-131294904,SKU-GRO-5202,Bread,6,6,1,1835.7,1346.54,489.16,403.75,97.8,1,1,2025-12-12 10:00:00,0,0,1
TXN-03-05622,STORE-010,Grocery,BrandC,In-Store,UPC-835846226,SKU-GRO-6331,Coffee,1,1,0,24.69,17.06,7.63,25.1,0.41,0,0,2025-12-26 08:00:00,0,0,1
TXN-03-01416,STORE-012,Grocery,BrandC,Mobile,UPC-260623997,SKU-GRO-6365,Pasta,3,3,4,543.15,367.27,175.88,197.22,16.17,0,0,2025-12-18 13:00:00,0,1,1
TXN-03-04154,STORE-004,Apparel,BrandG,In-Store,UPC-929160044,SKU-APP-7299,T-Shirt,3,3,4,697.17,517.33,179.84,260.79,28.4,1,0,2025-12-13 08:00:00,1,1,1
TXN-03-02124,STORE-014,Grocery,BrandH,Online,UPC-160783405,SKU-GRO-3584,Bread,9,9,1,425.34,294.06,131.28,60.88,13.62,1,1,2025-12-08 05:00:00,1,0,1
TXN-03-00540,STORE-019,Home & Garden,BrandB,Online,UPC-885522005,SKU-HOM-1159,Hose,3,3,4,748.5,415.5,333.0,253.8,4.3,0,0,2025-12-06 14:00:00,0,1,1
TXN-03-16425,STORE-015,Home & Garden,BrandF,In-Store,UPC-746696058,SKU-HOM-5388,Cushion,6,6,4,1531.74,771.91,759.83,282.23,26.94,0,0,2025-12-30 14:00:00,0,0,1
TXN-03-16461,STORE-014,Apparel,BrandF,Online,UPC-827691772,SKU-APP-5328,Socks,6,6,3,2585.82,1810.01,775.81,492.41,61.44,0,0,2025-12-22 10:00:00,1,0,1
TXN-03-02560,STORE-001,Home & Garden,BrandE,In-Store,UPC-337962037,SKU-HOM-3045,Lamp,6,6,2,1146.84,802.51,344.33,192.1,0.96,0,0,2025-12-20 10:00:00,0,0,1
TXN-03-00297,STORE-009,Home & Garden,BrandH,In-Store,UPC-448610310,SKU-HOM-3315,Plant Pot,6,6,0,1677.42,1184.15,493.27,281.64,2.07,1,1,2025-12-06 12:00:00,1,0,1
TXN-03-00580,STORE-006,Sports,BrandB,Online,UPC-128780715,SKU-SPO-9492,Yoga Mat,2,2,3,533.04,337.52,195.52,301.46,34.94,0,0,2025-12-16 11:00:00,0,0,1
TXN-03-06324,STORE-011,Grocery,BrandC,Online,UPC-373426395,SKU-GRO-3065,Snack Bar,6,6,1,2289.36,1176.18,1113.18,394.33,12.77,0,0,2025-12-25 17:00:00,1,0,1
TXN-03-00594,STORE-015,Electronics,BrandA,Online,UPC-834438541,SKU-ELE-3484,Headphones,6,6,4,1749.54,1075.31,674.23,324.36,32.77,0,0,2025-12-23 12:00:00,1,1,1
TXN-03-01157,STORE-008,Grocery,BrandF,Online,UPC-372150443,SKU-GRO-8810,Pasta,9,9,3,2354.22,1527.49,826.73,305.34,43.76,0,0,2025-12-30 22:00:00,1,0,1
TXN-03-01232,STORE-004,Electronics,BrandG,Online,UPC-536854474,SKU-ELE-5254,Charger,5,5,4,1843.0,1298.41,544.59,391.46,22.86,0,0,2025-12-27 01:00:00,1,1,1
TXN-03-06270,STORE-013,Grocery,BrandC,In-Store,UPC-442283155,SKU-GRO-1784,Juice,7,7,3,1812.23,741.38,1070.85,337.79,78.9,0,0,2025-12-02 02:00:00,1,1,1
TXN-03-00946,STORE-019,Apparel,BrandA,In-Store,UPC-716084771,SKU-APP-1086,Scarf,9,9,0,1322.73,790.22,532.51,157.57,10.6,0,0,2025-12-16 14:00:00,1,0,1
TXN-03-03800,STORE-017,Apparel,BrandF,Mobile,UPC-675126201,SKU-APP-3288,Jacket,3,3,0,584.94,390.43,194.51,203.38,8.4,0,0,2025-12-11 16:00:00,1,0,1
TXN-03-01889,STORE-019,Grocery,BrandF,In-Store,UPC-392567609,SKU-GRO-5267,Snack Bar,5,5,2,1905.45,820.02,1085.43,487.19,106.1,0,0,2025-12-01 14:00:00,0,0,1
TXN-03-02067,STORE-014,Home & Garden,BrandG,Online,UPC-458020252,SKU-HOM-1804,Rug,5,5,4,1777.5,1278.19,499.31,439.36,83.86,0,0,2025-12-06 17:00:00,1,0,1
TXN-03-05884,STORE-016,Home & Garden,BrandC,In-Store,UPC-979120449,SKU-HOM-8631,Chair,1,1,3,153.74,76.09,77.65,153.9,0.16,0,0,2025-12-22 01:00:00,1,0,1
TXN-03-02324,STORE-006,Electronics,BrandC,Mobile,UPC-366273835,SKU-ELE-4308,Monitor,9,9,3,2495.97,1085.58,1410.39,371.99,94.66,0,0,2025-12-21 06:00:00,1,0,1
TXN-03-00458,STORE-009,Electronics,BrandH,In-Store,UPC-982879707,SKU-ELE-8482,Phone,7,7,4,1139.88,659.13,480.75,204.42,41.58,0,0,2025-12-03 18:00:00,0,0,1
TXN-03-04730,STORE-014,Grocery,BrandD,In-Store,UPC-973631235,SKU-GRO-3202,Milk,7,7,3,245.77,179.98,65.79,40.45,5.34,0,0,2025-12-03 02:00:00,0,0,1
TXN-03-00211,STORE-002,Grocery,BrandC,Mobile,UPC-792575166,SKU-GRO-6376,Cereal,8,8,2,2815.68,1181.41,1634.27,467.03,115.07,1,0,2025-12-16 06:00:00,1,0,1
TXN-03-04492,STORE-017,Electronics,BrandC,In-Store,UPC-987340302,SKU-ELE-5174,Camera,1,1,0,490.81,309.07,181.74,496.33,5.52,0,0,2025-12-08 06:00:00,1,1,1
TXN-03-00494,STORE-019,Electronics,BrandC,Online,UPC-309919974,SKU-ELE-1965,Laptop,4,4,0,715.64,451.86,263.78,243.21,64.3,0,0,2025-12-24 05:00:00,0,0,1
TXN-03-00721,STORE-009,Apparel,BrandF,Mobile,UPC-404371663,SKU-APP-4781,Dress,7,7,0,52.15,34.48,17.67,7.47,0.02,0,0,2025-12-13 12:00:00,1,0,1
TXN-03-02059,STORE-011,Grocery,BrandF,In-Store,UPC-765541332,SKU-GRO-8778,Pasta,1,1,0,110.87,58.35,52.52,150.5,39.63,0,0,2025-12-25 17:00:00,0,1,1
TXN-03-00416,STORE-004,Sports,BrandA,Mobile,UPC-308372694,SKU-SPO-4083,Running Shoes,6,6,4,1391.04,573.88,817.16,289.72,57.88,0,0,2025-12-06 15:00:00,1,0,1
TXN-03-00747,STORE-016,Grocery,BrandD,Mobile,UPC-217441771,SKU-GRO-1534,Snack Bar,7,7,1,2425.43,1663.25,762.18,465.72,119.23,0,0,2025-12-17 20:00:00,0,1,1
TXN-03-05309,STORE-010,Apparel,BrandC,Online,UPC-330423647,SKU-APP-5028,Jacket,1,1,3,153.78,87.12,66.66,207.07,53.29,0,0,2025-12-21 00:00:00,1,0,1
TXN-03-00964,STORE-019,Grocery,BrandA,In-Store,UPC-936435042,SKU-GRO-6601,Pasta,8,8,0,2750.88,1239.12,1511.76,470.77,126.91,0,0,2025-12-16 21:00:00,1,0,1
TXN-03-00058,STORE-005,Apparel,BrandC,Online,UPC-200302888,SKU-APP-6519,Shoes,5,5,3,2021.05,1027.14,993.91,422.26,18.05,0,0,2025-12-11 16:00:00,0,1,1
TXN-03-03416,STORE-016,Electronics,BrandE,Online,UPC-656081593,SKU-ELE-5792,Headphones,8,8,3,1292.72,632.8,659.92,213.83,52.24,0,0,2025-12-14 20:00:00,1,0,1
TXN-03-00189,STORE-002,Sports,BrandG,Online,UPC-832102670,SKU-SPO-7047,Backpack,5,5,3,1843.6,1184.55,659.05,417.61,48.89,0,0,2025-12-07 15:00:00,1,1,1
TXN-03-05630,STORE-006,Grocery,BrandH,In-Store,UPC-938436879,SKU-GRO-1968,Pasta,3,3,2,599.1,287.85,311.25,219.01,19.31,0,0,2025-12-04 03:00:00,1,0,1
TXN-03-02964,STORE-015,Apparel,BrandB,Online,UPC-500333324,SKU-APP-6825,Jacket,4,4,2,1682.24,962.31,719.93,437.81,17.25,0,0,2025-12-21 12:00:00,1,0,1
TXN-03-02659,STORE-006,Electronics,BrandB,Mobile,UPC-321757173,SKU-ELE-3106,Headphones,6,6,1,533.64,367.44,166.2,98.31,9.37,0,0,2025-12-08 02:00:00,0,0,1
TXN-03-02679,STORE-016,Home & Garden,BrandD,In-Store,UPC-586762984,SKU-HOM-9212,Plant Pot,9,9,2,545.67,238.14,307.53,70.15,9.52,0,0,2025-12-18 17:00:00,1,0,1
TXN-03-05022,STORE-009,Electronics,BrandA,In-Store,UPC-845827584,SKU-ELE-7647,Tablet,5,5,3,134.95,91.4,43.55,32.39,5.4,0,0,2025-12-06 18:00:00,0,0,1
TXN-03-06060,STORE-012,Electronics,BrandA,In-Store,UPC-921689668,SKU-ELE-2178,Headphones,9,9,0,3571.02,2482.18,1088.84,477.91,81.13,0,0,2025-12-30 11:00:00,1,0,1
TXN-03-06326,STORE-012,Apparel,BrandE,Online,UPC-648057491,SKU-APP-7606,Socks,7,7,2,2315.46,1581.89,733.57,463.31,132.53,0,0,2025-12-13 18:00:00,1,1,1
TXN-03-04727,STORE-018,Home & Garden,BrandF,Online,UPC-335101512,SKU-HOM-1294,Cushion,5,5,0,1774.95,1168.94,606.01,474.83,119.84,0,0,2025-12-20 12:00:00,1,1,1
TXN-03-02422,STORE-007,Apparel,BrandD,Mobile,UPC-703971534,SKU-APP-5137,Shoes,6,6,3,179.1,126.43,52.67,31.72,1.87,0,0,2025-12-27 09:00:00,1,0,1
TXN-03-02082,STORE-014,Grocery,BrandH,Online,UPC-129639961,SKU-GRO-6425,Bread,6,6,2,680.16,322.33,357.83,142.46,29.1,0,0,2025-12-02 10:00:00,1,1,1
TXN-03-00675,STORE-020,Home & Garden,BrandC,Online,UPC-183877102,SKU-HOM-5079,Tool Set,3,3,1,928.8,618.28,310.52,410.86,101.26,0,0,2025-12-21 10:00:00,0,1,1
TXN-03-01084,STORE-018,Sports,BrandF,Mobile,UPC-634502541,SKU-SPO-6504,Cap,7,7,0,48.51,32.37,16.14,9.13,2.2,0,0,2025-12-17 15:00:00,1,1,1
TXN-03-04418,STORE-012,Electronics,BrandB,In-Store,UPC-137937637,SKU-ELE-6175,Monitor,7,7,2,351.47,184.71,166.76,60.98,10.77,0,0,2025-12-30 21:00:00,1,0,1
TXN-03-03692,STORE-008,Electronics,BrandH,Online,UPC-944983404,SKU-ELE-9497,Camera,9,9,4,670.59,485.86,184.73,74.64,0.13,0,0,2025-12-06 19:00:00,1,0,1
TXN-03-04787,STORE-008,Home & Garden,BrandG,Mobile,UPC-321878788,SKU-HOM-2991,Plant Pot,4,4,1,1316.8,826.39,490.41,361.74,32.54,0,0,2025-12-03 07:00:00,0,0,1
TXN-03-00202,STORE-002,Apparel,BrandD,Mobile,UPC-139746115,SKU-APP-8475,Shoes,1,1,2,95.79,38.81,56.98,103.0,7.21,0,0,2025-12-22 20:00:00,1,1,1
TXN-03-00716,STORE-002,Home & Garden,BrandD,Mobile,UPC-840714511,SKU-HOM-5825,Rug,4,4,0,1252.96,678.96,574.0,371.97,58.73,0,0,2025-12-18 23:00:00,0,0,1
TXN-03-00730,STORE-018,Sports,BrandH,In-Store,UPC-421547990,SKU-SPO-2569,Dumbbell,6,6,3,1350.9,857.76,493.14,256.52,31.37,0,0,2025-12-29 11:00:00,1,0,1
TXN-03-05839,STORE-005,Apparel,BrandG,In-Store,UPC-835259348,SKU-APP-6313,Jacket,8,8,4,780.16,530.55,249.61,102.76,5.24,0,0,2025-12-05 06:00:00,1,0,1
TXN-03-02654,STORE-003,Sports,BrandD,In-Store,UPC-381908483,SKU-SPO-7379,Resistance Band,2,2,0,520.9,210.98,309.92,366.66,106.21,0,0,2025-12-24 12:00:00,1,0,1
TXN-03-00454,STORE-009,Grocery,BrandD,In-Store,UPC-445781817,SKU-GRO-1230,Snack Bar,6,6,3,2399.88,1454.23,945.65,465.58,65.6,0,0,2025-12-12 09:00:00,1,0,1
TXN-03-00790,STORE-015,Electronics,BrandB,In-Store,UPC-108331818,SKU-ELE-1300,Charger,7,7,2,223.93,134.6,89.33,36.95,4.96,0,0,2025-12-05 06:00:00,0,0,1
TXN-03-03315,STORE-008,Home & Garden,BrandH,In-Store,UPC-846767172,SKU-HOM-4709,Vase,9,9,1,2943.36,1579.05,1364.31,441.34,114.3,0,0,2025-12-30 15:00:00,1,1,1
TXN-03-06128,STORE-006,Grocery,BrandE,Mobile,UPC-506196866,SKU-GRO-3744,Coffee,4,4,4,1329.32,908.54,420.78,344.22,11.89,0,0,2025-12-09 19:00:00,1,0,1
TXN-03-00692,STORE-018,Home & Garden,BrandC,Online,UPC-731666516,SKU-HOM-3861,Chair,6,6,0,1190.22,832.65,357.57,225.84,27.47,0,0,2025-12-06 11:00:00,0,1,1
TXN-03-03677,STORE-012,Home & Garden,BrandA,Online,UPC-898307192,SKU-HOM-2387,Tool Set,5,5,2,743.2,351.99,391.21,184.08,35.44,0,0,2025-12-26 22:00:00,1,1,1
TXN-03-04600,STORE-013,Electronics,BrandH,Mobile,UPC-297339340,SKU-ELE-9235,Monitor,5,5,2,1166.05,704.14,461.91,267.51,34.3,0,0,2025-12-02 22:00:00,1,0,1
TXN-03-04624,STORE-011,Apparel,BrandA,In-Store,UPC-289069275,SKU-APP-9022,Scarf,8,8,1,2884.24,1734.88,1149.36,474.75,114.22,0,0,2025-12-12 17:00:00,1,1,1
TXN-03-03576,STORE-003,Apparel,BrandH,Online,UPC-499062097,SKU-APP-2191,Socks,6,6,4,2683.86,1977.09,706.77,458.55,11.24,0,0,2025-12-12 03:00:00,1,0,1
TXN-03-02916,STORE-007,Electronics,BrandE,Online,UPC-758483759,SKU-ELE-6309,Charger,7,7,3,1876.0,785.79,1090.21,375.7,107.7,0,0,2025-12-13 08:00:00,1,0,1
TXN-03-03414,STORE-009,Electronics,BrandB,Online,UPC-422845123,SKU-ELE-4448,Speaker,6,6,4,60.78,30.0,30.78,12.73,2.6,0,0,2025-12-22 19:00:00,1,0,1
TXN-03-04045,STORE-006,Electronics,BrandF,In-Store,UPC-369973318,SKU-ELE-8339,Camera,3,3,2,46.47,24.74,21.73,19.3,3.81,0,0,2025-12-24 00:00:00,1,0,1
TXN-03-04207,STORE-018,Home & Garden,BrandH,In-Store,UPC-391148239,SKU-HOM-1343,Lamp,5,5,2,938.45,491.34,447.11,195.5,7.81,0,0,2025-12-17 18:00:00,1,1,1
TXN-03-01092,STORE-020,Home & Garden,BrandH,In-Store,UPC-629832910,SKU-HOM-1942,Plant Pot,6,6,1,1536.24,753.72,782.52,317.31,61.27,1,0,2025-12-08 22:00:00,0,0,1
TXN-03-03410,STORE-014,Electronics,BrandE,Online,UPC-591323222,SKU-ELE-3878,Laptop,3,3,2,425.73,275.49,150.24,144.98,3.07,0,0,2025-12-11 08:00:00,1,0,1
TXN-03-00151,STORE-019,Electronics,BrandC,In-Store,UPC-753831522,SKU-ELE-4488,Charger,8,8,4,2837.6,1946.22,891.38,469.86,115.16,0,0,2025-12-09 07:00:00,1,0,1
TXN-03-01124,STORE-013,Apparel,BrandG,In-Store,UPC-754574429,SKU-APP-9712,Scarf,7,7,0,1693.86,1253.75,440.11,315.74,73.76,0,0,2025-12-13 21:00:00,1,0,1
TXN-03-02285,STORE-014,Home & Garden,BrandD,Online,UPC-938251161,SKU-HOM-3212,Plant Pot,1,1,2,330.38,176.5,153.88,406.12,75.74,0,0,2025-12-17 04:00:00,1,1,1
TXN-03-06088,STORE-001,Home & Garden,BrandB,In-Store,UPC-907402866,SKU-HOM-2015,Tool Set,4,4,2,1729.44,866.23,863.21,440.81,8.45,0,0,2025-12-14 00:00:00,0,1,1
TXN-03-04424,STORE-013,Electronics,BrandD,In-Store,UPC-605266496,SKU-ELE-4202,Speaker,3,3,4,988.41,532.55,455.86,396.62,67.15,0,0,2025-12-11 17:00:00,1,0,1
TXN-03-02626,STORE-004,Sports,BrandG,In-Store,UPC-151850627,SKU-SPO-5269,Backpack,2,2,2,12.04,8.48,3.56,6.15,0.13,0,0,2025-12-09 07:00:00,0,0,1
TXN-03-02192,STORE-012,Apparel,BrandE,Online,UPC-992453345,SKU-APP-2691,Scarf,1,1,3,317.23,163.87,153.36,443.39,126.16,0,0,2025-12-19 22:00:00,1,0,1
TXN-03-03029,STORE-006,Sports,BrandB,In-Store,UPC-713309851,SKU-SPO-5425,Resistance Band,6,6,3,2850.6,1634.54,1216.06,495.88,20.78,0,0,2025-12-18 23:00:00,1,0,1
TXN-03-02099,STORE-013,Apparel,BrandA,Online,UPC-136682211,SKU-APP-5472,Socks,9,9,3,592.92,264.11,328.81,76.93,11.05,0,0,2025-12-12 13:00:00,1,1,1
TXN-03-04028,STORE-017,Electronics,BrandG,In-Store,UPC-910507849,SKU-ELE-8576,Phone,2,2,4,714.92,355.41,359.51,412.31,54.85,0,0,2025-12-04 14:00:00,0,1,1
TXN-03-03521,STORE-018,Sports,BrandH,Mobile,UPC-868287071,SKU-SPO-8724,Cap,4,4,0,1312.96,924.96,388.0,468.22,139.98,0,0,2025-12-29 03:00:00,0,0,1
TXN-03-01274,STORE-004,Electronics,BrandB,Online,UPC-102413598,SKU-ELE-1366,Laptop,2,2,3,690.72,347.4,343.32,485.56,140.2,0,0,2025-12-11 19:00:00,0,1,1
TXN-03-04985,STORE-017,Electronics,BrandC,In-Store,UPC-652312426,SKU-ELE-7858,Camera,7,7,3,1901.83,1372.29,529.54,328.94,57.25,0,0,2025-12-12 05:00:00,0,0,1
TXN-03-00272,STORE-020,Apparel,BrandA,Mobile,UPC-409939268,SKU-APP-7016,Hat,4,4,1,315.64,225.18,90.46,91.2,12.29,0,0,2025-12-15 00:00:00,0,0,1
TXN-03-02774,STORE-001,Home & Garden,BrandH,Mobile,UPC-245857264,SKU-HOM-7352,Vase,3,3,3,780.51,322.87,457.64,296.88,36.71,0,0,2025-12-05 12:00:00,1,1,1
TXN-03-03075,STORE-009,Electronics,BrandC,Online,UPC-144973166,SKU-ELE-6821,Laptop,2,2,0,820.6,476.41,344.19,413.85,3.55,0,0,2025-12-03 00:00:00,1,0,1
TXN-03-01717,STORE-016,Home & Garden,BrandA,In-Store,UPC-837668917,SKU-HOM-8580,Plant Pot,5,5,3,128.85,63.63,65.22,36.33,10.56,0,0,2025-12-13 19:00:00,1,0,1
TXN-03-04993,STORE-009,Home & Garden,BrandH,In-Store,UPC-523423016,SKU-HOM-2045,Lamp,7,7,1,3208.17,2351.86,856.31,466.86,8.55,0,0,2025-12-01 11:00:00,1,0,1
TXN-03-00990,STORE-017,Grocery,BrandG,In-Store,UPC-197933884,SKU-GRO-1247,Juice,7,7,0,802.27,330.57,471.7,141.12,26.51,0,0,2025-12-20 06:00:00,1,0,1
TXN-03-01973,STORE-020,Electronics,BrandA,Online,UPC-595392123,SKU-ELE-1041,Laptop,2,2,2,391.68,225.44,166.24,272.08,76.24,0,0,2025-12-10 03:00:00,0,1,1
TXN-03-00007,STORE-004,Apparel,BrandA,Online,UPC-355430570,SKU-APP-6859,Shoes,6,6,1,1558.08,767.51,790.57,300.27,40.59,0,0,2025-12-18 06:00:00,0,1,1
TXN-03-01218,STORE-011,Sports,BrandD,In-Store,UPC-177733256,SKU-SPO-5457,Dumbbell,4,4,2,970.44,621.09,349.35,307.44,64.83,0,0,2025-12-28 16:00:00,0,0,1
TXN-03-03738,STORE-017,Electronics,BrandG,Mobile,UPC-528441935,SKU-ELE-3463,Laptop,2,2,0,296.42,135.31,161.11,203.6,55.39,0,0,2025-12-18 23:00:00,1,0,1
TXN-03-03483,STORE-001,Apparel,BrandD,In-Store,UPC-442186171,SKU-APP-2741,Scarf,9,9,0,2107.89,1148.87,959.02,278.34,44.13,0,0,2025-12-10 19:00:00,1,0,1
TXN-03-02234,STORE-018,Home & Garden,BrandA,Mobile,UPC-140927067,SKU-HOM-9219,Rug,2,2,3,163.1,77.68,85.42,83.88,2.33,0,0,2025-12-02 23:00:00,1,0,1
TXN-03-03818,STORE-001,Apparel,BrandA,In-Store,UPC-671285921,SKU-APP-8745,Shoes,4,4,1,594.36,369.33,225.03,158.28,9.69,0,0,2025-12-10 22:00:00,1,0,1
TXN-03-05588,STORE-014,Electronics,BrandF,In-Store,UPC-937021180,SKU-ELE-2206,Phone,8,8,2,476.0,345.38,130.62,77.51,18.01,0,0,2025-12-18 22:00:00,1,0,1
TXN-03-05255,STORE-008,Electronics,BrandC,In-Store,UPC-972144423,SKU-ELE-9686,Speaker,2,2,3,715.8,317.55,398.25,489.33,131.43,0,0,2025-12-22 12:00:00,1,0,1
TXN-03-00515,STORE-008,Electronics,BrandC,In-Store,UPC-774627083,SKU-ELE-3947,Tablet,3,3,1,227.13,125.69,101.44,105.4,29.69,0,0,2025-12-05 11:00:00,1,0,1
TXN-03-02310,STORE-006,Grocery,BrandC,Online,UPC-532352541,SKU-GRO-3981,Cereal,6,6,3,637.26,469.12,168.14,132.3,26.09,0,0,2025-12-30 15:00:00,1,0,1
TXN-03-04222,STORE-010,Home & Garden,BrandF,In-Store,UPC-643578642,SKU-HOM-7084,Cushion,6,6,0,1881.42,850.99,1030.43,405.69,92.12,0,0,2025-12-18 18:00:00,1,1,1
TXN-03-05813,STORE-002,Electronics,BrandF,In-Store,UPC-109291173,SKU-ELE-9856,Phone,7,7,4,60.83,39.74,21.09,9.15,0.46,0,0,2025-12-20 17:00:00,1,1,1
TXN-03-05621,STORE-004,Grocery,BrandG,Mobile,UPC-870740603,SKU-GRO-2555,Juice,8,8,4,1523.36,978.42,544.94,223.02,32.6,0,0,2025-12-14 06:00:00,1,0,1
TXN-03-06022,STORE-017,Home & Garden,BrandG,Online,UPC-239445033,SKU-HOM-1385,Cushion,3,3,3,1215.21,884.03,331.18,413.9,8.83,0,0,2025-12-01 23:00:00,0,0,1
TXN-03-03326,STORE-020,Apparel,BrandH,Online,UPC-179036300,SKU-APP-8393,Scarf,8,8,1,479.04,215.53,263.51,66.22,6.34,1,0,2025-12-08 03:00:00,1,0,1
TXN-03-01289,STORE-012,Home & Garden,BrandF,In-Store,UPC-681772000,SKU-HOM-7256,Lamp,4,4,3,1868.36,1031.02,837.34,467.82,0.73,0,0,2025-12-21 22:00:00,1,0,1
TXN-03-01708,STORE-016,Apparel,BrandB,In-Store,UPC-651811067,SKU-APP-4390,Jeans,1,1,2,232.06,146.1,85.96,246.95,14.89,0,0,2025-12-22 00:00:00,1,1,1
TXN-03-05530,STORE-008,Home & Garden,BrandG,In-Store,UPC-393310065,SKU-HOM-2766,Tool Set,4,4,2,437.28,267.37,169.91,116.98,7.66,0,0,2025-12-18 07:00:00,0,1,1
TXN-03-05092,STORE-020,Sports,BrandE,In-Store,UPC-948975179,SKU-SPO-6111,Running Shoes,4,4,4,1137.64,598.92,538.72,373.2,88.79,1,1,2025-12-20 03:00:00,0,1,1
TXN-03-04578,STORE-010,Electronics,BrandD,Online,UPC-528468371,SKU-ELE-8193,Tablet,9,9,2,2068.92,1433.44,635.48,320.9,91.02,0,0,2025-12-19 17:00:00,0,1,1
TXN-03-03762,STORE-009,Apparel,BrandA,Online,UPC-704037912,SKU-APP-6032,Jacket,5,5,0,2169.15,1208.25,960.9,478.21,44.38,0,0,2025-12-11 18:00:00,0,0,1
TXN-03-03000,STORE-016,Apparel,BrandD,Online,UPC-804774964,SKU-APP-4889,Scarf,2,2,3,93.7,38.54,55.16,60.76,13.91,0,0,2025-12-17 16:00:00,1,1,1
TXN-03-01265,STORE-020,Home & Garden,BrandF,Mobile,UPC-385484568,SKU-HOM-6626,Rug,7,7,0,663.88,486.94,176.94,98.69,3.85,0,0,2025-12-22 22:00:00,1,0,1
TXN-03-00240,STORE-006,Sports,BrandF,Online,UPC-306458001,SKU-SPO-3713,Dumbbell,6,6,1,919.62,537.41,382.21,170.44,17.17,0,0,2025-12-25 14:00:00,0,0,1
TXN-03-02497,STORE-008,Electronics,BrandE,Online,UPC-620347633,SKU-ELE-8836,Monitor,3,3,1,738.63,302.29,436.34,282.68,36.47,0,0,2025-12-06 13:00:00,1,1,1
TXN-03-05700,STORE-005,Grocery,BrandB,In-Store,UPC-465944809,SKU-GRO-8630,Juice,8,8,2,3442.16,1880.15,1562.01,432.37,2.1,0,0,2025-12-22 15:00:00,1,1,1
TXN-03-00697,STORE-004,Electronics,BrandA,In-Store,UPC-622852155,SKU-ELE-2230,Tablet,1,1,4,375.52,243.06,132.46,400.09,24.57,1,0,2025-12-21 06:00:00,1,1,1
TXN-03-05110,STORE-018,Sports,BrandA,Online,UPC-163123437,SKU-SPO-2013,Yoga Mat,7,7,0,2733.36,1955.53,777.83,394.1,3.62,0,0,2025-12-14 22:00:00,1,0,1
TXN-03-00440,STORE-018,Apparel,BrandF,Online,UPC-925289933,SKU-APP-7683,Jacket,2,2,4,315.6,234.39,81.21,188.5,30.7,0,0,2025-12-12 18:00:00,1,1,1
TXN-03-05162,STORE-004,Sports,BrandD,In-Store,UPC-847028439,SKU-SPO-5280,Backpack,5,5,1,750.4,370.51,379.89,210.53,60.45,0,0,2025-12-12 13:00:00,0,0,1
TXN-03-01469,STORE-012,Grocery,BrandD,In-Store,UPC-388384062,SKU-GRO-8922,Juice,9,9,3,1870.2,835.22,1034.98,295.97,88.17,0,0,2025-12-27 09:00:00,1,0,1
TXN-03-01335,STORE-005,Sports,BrandF,Online,UPC-763926392,SKU-SPO-5640,Jersey,8,8,3,2524.08,1361.63,1162.45,322.78,7.27,0,0,2025-12-03 14:00:00,1,0,1
TXN-03-00434,STORE-017,Grocery,BrandD,Online,UPC-625427701,SKU-GRO-3721,Cereal,5,5,0,858.95,429.15,429.8,232.34,60.55,0,0,2025-12-14 10:00:00,1,0,1
TXN-03-02595,STORE-008,Electronics,BrandC,Mobile,UPC-138101752,SKU-ELE-3861,Phone,8,8,3,3213.92,2134.34,1079.58,497.19,95.45,0,0,2025-12-03 20:00:00,1,0,1
TXN-03-04160,STORE-001,Grocery,BrandC,Online,UPC-795339097,SKU-GRO-5979,Milk,4,4,1,568.92,344.5,224.42,195.89,53.66,0,0,2025-12-19 16:00:00,1,0,1
TXN-03-02477,STORE-011,Home & Garden,BrandG,In-Store,UPC-577135299,SKU-HOM-1045,Rug,6,6,0,1128.54,770.94,357.6,251.44,63.35,0,0,2025-12-18 15:00:00,1,0,1
TXN-03-01439,STORE-003,Sports,BrandH,In-Store,UPC-504858437,SKU-SPO-1084,Jersey,8,8,2,344.0,152.23,191.77,52.25,9.25,0,0,2025-12-10 00:00:00,1,1,1
TXN-03-05142,STORE-004,Grocery,BrandD,In-Store,UPC-637170652,SKU-GRO-1667,Coffee,5,5,0,1005.9,416.75,589.15,239.0,37.82,0,0,2025-12-18 18:00:00,1,1,1
TXN-03-00738,STORE-006,Electronics,BrandH,Online,UPC-934837745,SKU-ELE-3803,Headphones,6,6,4,2115.18,1474.38,640.8,355.81,3.28,0,0,2025-12-27 03:00:00,0,1,1
TXN-03-03285,STORE-019,Apparel,BrandG,In-Store,UPC-325697159,SKU-APP-9500,T-Shirt,1,1,1,473.38,329.55,143.83,487.11,13.73,0,0,2025-12-03 13:00:00,1,0,1
TXN-03-04377,STORE-004,Apparel,BrandG,Online,UPC-350778905,SKU-APP-7739,Scarf,9,9,1,989.1,593.8,395.3,144.95,35.05,0,0,2025-12-15 13:00:00,0,1,1
TXN-03-00522,STORE-015,Apparel,BrandA,Mobile,UPC-594681829,SKU-APP-2873,Dress,5,5,2,1162.8,568.78,594.02,290.54,57.98,0,0,2025-12-02 01:00:00,1,0,1
TXN-03-04231,STORE-017,Grocery,BrandA,Online,UPC-916956138,SKU-GRO-4942,Cereal,1,1,2,96.15,43.2,52.95,96.53,0.38,0,0,2025-12-10 13:00:00,0,0,1
TXN-03-03462,STORE-013,Electronics,BrandB,Online,UPC-697731661,SKU-ELE-3415,Tablet,1,1,2,239.98,152.87,87.11,275.48,35.5,0,0,2025-12-02 23:00:00,1,0,1
TXN-03-03473,STORE-012,Home & Garden,BrandC,In-Store,UPC-922812599,SKU-HOM-4872,Chair,8,8,0,2251.52,1594.97,656.55,327.68,46.24,0,0,2025-12-01 04:00:00,1,0,1
TXN-03-01200,STORE-016,Sports,BrandF,In-Store,UPC-316096391,SKU-SPO-8538,Running Shoes,3,3,2,262.83,119.91,142.92,92.42,4.81,0,0,2025-12-29 12:00:00,1,0,1
TXN-03-01426,STORE-013,Home & Garden,BrandC,Online,UPC-987410968,SKU-HOM-9447,Plant Pot,7,7,1,2286.69,970.55,1316.14,383.46,56.79,0,0,2025-12-14 02:00:00,0,0,1
TXN-03-04872,STORE-015,Home & Garden,BrandF,In-Store,UPC-865568560,SKU-HOM-5076,Vase,5,5,2,1403.65,964.19,439.46,383.76,103.03,0,0,2025-12-27 05:00:00,1,0,1
TXN-03-03475,STORE-009,Sports,BrandG,In-Store,UPC-247111795,SKU-SPO-4383,Jersey,8,8,3,1355.92,603.49,752.43,198.74,29.25,1,0,2025-12-06 07:00:00,1,0,1
TXN-03-05373,STORE-015,Grocery,BrandB,Online,UPC-427991994,SKU-GRO-5389,Juice,1,1,0,16.68,11.34,5.34,18.02,1.34,0,0,2025-12-07 13:00:00,1,0,1
TXN-03-01410,STORE-007,Sports,BrandB,In-Store,UPC-588323132,SKU-SPO-1645,Jersey,4,4,4,1397.44,723.04,674.4,351.91,2.55,0,0,2025-12-07 21:00:00,0,0,1
TXN-03-16450,STORE-009,Apparel,BrandG,Mobile,UPC-282295543,SKU-APP-9650,Socks,1,1,4,364.7,197.84,166.86,463.56,98.86,1,1,2025-12-31 00:00:00,1,0,1
TXN-03-01036,STORE-009,Electronics,BrandC,Online,UPC-333943530,SKU-ELE-9927,Camera,4,4,3,1408.12,980.65,427.47,423.97,71.94,0,0,2025-12-18 09:00:00,1,0,1
TXN-03-05954,STORE-008,Grocery,BrandC,In-Store,UPC-943197411,SKU-GRO-2833,Cereal,5,5,4,1543.0,910.13,632.87,346.98,38.38,0,0,2025-12-07 12:00:00,1,0,1
TXN-03-04886,STORE-014,Grocery,BrandG,Online,UPC-492856207,SKU-GRO-4208,Coffee,7,7,1,2687.86,1931.43,756.43,445.37,61.39,0,0,2025-12-27 06:00:00,0,0,1
TXN-03-03269,STORE-015,Apparel,BrandD,Online,UPC-737806193,SKU-APP-8508,Scarf,3,3,1,244.74,105.61,139.13,85.45,3.87,0,0,2025-12-25 17:00:00,1,1,1
TXN-03-01648,STORE-015,Electronics,BrandA,Mobile,UPC-762934261,SKU-ELE-9372,Monitor,6,6,2,1347.0,696.36,650.64,275.29,50.79,0,0,2025-12-09 21:00:00,0,0,1
TXN-03-01413,STORE-010,Sports,BrandF,Online,UPC-713704062,SKU-SPO-5194,Resistance Band,3,3,2,214.98,117.98,97.0,79.35,7.69,0,0,2025-12-25 09:00:00,1,0,1
TXN-03-03440,STORE-014,Home & Garden,BrandE,In-Store,UPC-749787328,SKU-HOM-6462,Cushion,3,3,2,861.81,553.47,308.34,365.89,78.62,0,0,2025-12-04 23:00:00,1,0,1
TXN-03-06307,STORE-009,Grocery,BrandD,In-Store,UPC-400897178,SKU-GRO-2132,Rice,5,5,2,455.9,257.92,197.98,95.65,4.47,0,0,2025-12-23 06:00:00,0,0,1
TXN-03-04388,STORE-017,Apparel,BrandH,In-Store,UPC-604275538,SKU-APP-7897,Jeans,3,3,1,1406.4,1024.63,381.77,494.15,25.35,0,0,2025-12-20 14:00:00,0,0,1
TXN-03-03883,STORE-010,Electronics,BrandG,In-Store,UPC-697509808,SKU-ELE-6351,Charger,7,7,4,457.45,209.59,247.86,90.45,25.1,0,0,2025-12-23 03:00:00,1,0,1
TXN-03-02996,STORE-020,Apparel,BrandD,In-Store,UPC-437878905,SKU-APP-3145,Jacket,3,3,1,326.85,146.58,180.27,114.43,5.48,0,0,2025-12-25 22:00:00,1,0,1
TXN-03-03399,STORE-015,Sports,BrandC,In-Store,UPC-699694747,SKU-SPO-6619,Water Bottle,1,1,1,20.19,10.73,9.46,25.05,4.86,0,0,2025-12-26 11:00:00,1,0,1
TXN-03-02413,STORE-017,Sports,BrandG,Online,UPC-959629102,SKU-SPO-3488,Jersey,4,4,2,1334.28,826.22,508.06,401.18,67.61,0,0,2025-12-16 18:00:00,1,1,1
TXN-03-06272,STORE-006,Grocery,BrandA,Mobile,UPC-747071098,SKU-GRO-3833,Pasta,1,1,4,40.62,29.21,11.41,56.87,16.25,0,0,2025-12-22 14:00:00,1,0,1
TXN-03-02016,STORE-007,Apparel,BrandB,Online,UPC-965789389,SKU-APP-1377,Dress,3,3,0,1130.82,475.81,655.01,430.4,53.46,0,0,2025-12-26 08:00:00,0,0,1
TXN-03-02682,STORE-008,Grocery,BrandE,In-Store,UPC-229739243,SKU-GRO-5191,Rice,6,6,0,1274.94,938.95,335.99,269.76,57.27,0,0,2025-12-07 04:00:00,0,0,1
TXN-03-04869,STORE-015,Electronics,BrandD,In-Store,UPC-856082885,SKU-ELE-2654,Camera,8,8,1,1055.6,517.54,538.06,142.66,10.71,0,0,2025-12-08 18:00:00,1,0,1
TXN-03-04011,STORE-010,Sports,BrandE,Online,UPC-231813947,SKU-SPO-2478,Water Bottle,2,2,0,397.38,203.42,193.96,248.0,49.31,0,0,2025-12-02 08:00:00,0,1,1
TXN-03-01906,STORE-018,Grocery,BrandG,In-Store,UPC-996128934,SKU-GRO-6506,Coffee,8,8,2,401.28,201.83,199.45,68.5,18.34,0,0,2025-12-28 14:00:00,1,0,1
TXN-03-01198,STORE-018,Apparel,BrandA,In-Store,UPC-649954053,SKU-APP-5236,T-Shirt,3,3,3,320.91,136.55,184.36,116.68,9.71,0,0,2025-12-21 23:00:00,0,0,1
TXN-03-04977,STORE-020,Apparel,BrandE,In-Store,UPC-292733837,SKU-APP-4344,Jacket,1,1,3,27.7,14.83,12.87,39.02,11.32,0,0,2025-12-19 08:00:00,1,0,1
TXN-03-01664,STORE-001,Electronics,BrandH,In-Store,UPC-926148534,SKU-ELE-6160,Charger,9,9,4,2406.33,1769.21,637.12,296.49,29.12,0,0,2025-12-17 13:00:00,1,0,1
TXN-03-05608,STORE-011,Home & Garden,BrandB,Online,UPC-462461835,SKU-HOM-4607,Hose,8,8,4,672.32,460.5,211.82,106.39,22.35,0,0,2025-12-06 22:00:00,1,1,1
TXN-03-01576,STORE-017,Apparel,BrandF,In-Store,UPC-214825300,SKU-APP-9302,Hat,4,4,2,242.0,119.47,122.53,69.69,9.19,0,0,2025-12-21 17:00:00,1,0,1
TXN-03-03631,STORE-017,Home & Garden,BrandG,Online,UPC-838400658,SKU-HOM-9077,Tool Set,7,7,1,1698.34,878.67,819.67,262.44,19.82,0,0,2025-12-01 04:00:00,1,1,1
TXN-03-02844,STORE-019,Sports,BrandB,In-Store,UPC-762873039,SKU-SPO-9074,Running Shoes,1,1,3,95.73,60.7,35.03,113.06,17.33,0,0,2025-12-22 19:00:00,0,1,1
TXN-03-05540,STORE-018,Electronics,BrandC,In-Store,UPC-442567075,SKU-ELE-6858,Camera,1,1,0,325.49,204.72,120.77,326.14,0.65,0,0,2025-12-29 05:00:00,1,1,1
TXN-03-01790,STORE-005,Home & Garden,BrandG,In-Store,UPC-786514604,SKU-HOM-3235,Lamp,3,3,1,1343.67,648.04,695.63,477.85,29.96,0,0,2025-12-14 00:00:00,0,0,1
TXN-03-04759,STORE-001,Apparel,BrandE,In-Store,UPC-142689015,SKU-APP-3837,Dress,6,6,2,2589.36,1518.27,1071.09,463.67,32.11,0,0,2025-12-03 01:00:00,1,1,1
TXN-03-05707,STORE-001,Electronics,BrandF,In-Store,UPC-895004330,SKU-ELE-5475,Monitor,6,6,0,2431.08,1662.28,768.8,459.17,53.99,0,0,2025-12-29 21:00:00,1,0,1
TXN-03-00510,STORE-004,Sports,BrandG,In-Store,UPC-240272438,SKU-SPO-9286,Resistance Band,3,3,3,352.8,251.34,101.46,165.31,47.71,0,0,2025-12-12 04:00:00,1,0,1
TXN-03-00655,STORE-009,Sports,BrandD,In-Store,UPC-942043447,SKU-SPO-2006,Water Bottle,6,6,1,1948.08,1365.73,582.35,342.74,18.06,0,0,2025-12-28 05:00:00,1,0,1
TXN-03-03574,STORE-011,Electronics,BrandF,In-Store,UPC-114084388,SKU-ELE-3948,Tablet,6,6,3,1143.9,848.39,295.51,211.55,20.9,0,0,2025-12-19 18:00:00,0,0,1
TXN-03-04684,STORE-004,Grocery,BrandE,In-Store,UPC-439042630,SKU-GRO-6637,Bread,5,5,3,1450.25,855.88,594.37,304.18,14.13,0,0,2025-12-01 22:00:00,1,0,1
TXN-03-00966,STORE-001,Apparel,BrandG,In-Store,UPC-390368738,SKU-APP-9017,Jacket,7,7,1,2599.87,1711.55,888.32,396.2,24.79,0,0,2025-12-06 13:00:00,1,0,1
TXN-03-00206,STORE-010,Sports,BrandH,In-Store,UPC-405123029,SKU-SPO-8993,Yoga Mat,4,4,1,768.44,335.5,432.94,260.49,68.38,0,0,2025-12-17 05:00:00,1,1,1
TXN-03-04534,STORE-018,Grocery,BrandE,In-Store,UPC-615331836,SKU-GRO-3066,Rice,2,2,1,612.72,348.7,264.02,326.29,19.93,0,0,2025-12-19 09:00:00,1,0,1
TXN-03-04122,STORE-001,Electronics,BrandE,Mobile,UPC-578021716,SKU-ELE-5746,Speaker,7,7,0,2007.32,1078.8,928.52,350.36,63.6,0,0,2025-12-21 16:00:00,0,1,1
TXN-03-05427,STORE-005,Apparel,BrandH,In-Store,UPC-544174653,SKU-APP-5872,Jeans,1,1,3,248.02,148.17,99.85,310.24,62.22,0,0,2025-12-10 12:00:00,1,0,1
TXN-03-01827,STORE-019,Grocery,BrandA,Online,UPC-261373701,SKU-GRO-1136,Rice,2,2,0,410.34,181.43,228.91,237.49,32.32,1,0,2025-12-09 08:00:00,0,1,1
TXN-03-04914,STORE-013,Grocery,BrandH,Online,UPC-249323344,SKU-GRO-1519,Milk,8,8,0,2300.08,1348.97,951.11,329.81,42.3,0,0,2025-12-15 04:00:00,1,1,1
TXN-03-05076,STORE-011,Electronics,BrandB,Online,UPC-217341705,SKU-ELE-2888,Headphones,8,8,3,2348.56,1548.7,799.86,414.56,120.99,0,0,2025-12-25 03:00:00,1,0,1
TXN-03-02566,STORE-004,Electronics,BrandD,Online,UPC-163123298,SKU-ELE-7654,Headphones,3,3,0,143.31,73.22,70.09,59.7,11.93,0,0,2025-12-27 12:00:00,0,0,1
TXN-03-04358,STORE-010,Sports,BrandG,Online,UPC-339641650,SKU-SPO-6421,Jersey,1,1,0,303.76,198.63,105.13,396.93,93.17,1,0,2025-12-06 20:00:00,1,0,1
TXN-03-01222,STORE-019,Sports,BrandC,In-Store,UPC-187056928,SKU-SPO-5018,Running Shoes,3,3,0,797.28,320.75,476.53,271.14,5.38,0,0,2025-12-23 04:00:00,1,1,1
TXN-03-00727,STORE-010,Apparel,BrandE,Online,UPC-909329482,SKU-APP-1228,Shoes,5,5,4,878.05,541.58,336.47,191.18,15.57,0,0,2025-12-08 12:00:00,1,0,1
TXN-03-00784,STORE-015,Grocery,BrandG,In-Store,UPC-590079746,SKU-GRO-1429,Cereal,4,4,4,862.88,376.47,486.41,273.2,57.48,1,1,2025-12-23 17:00:00,0,0,1
TXN-03-05237,STORE-018,Sports,BrandF,Online,UPC-293311377,SKU-SPO-8422,Resistance Band,1,1,3,33.82,16.97,16.85,37.25,3.43,0,0,2025-12-12 18:00:00,1,0,1
TXN-03-00652,STORE-003,Sports,BrandE,In-Store,UPC-892821817,SKU-SPO-8328,Running Shoes,6,6,2,1780.2,1076.79,703.41,307.25,10.55,0,0,2025-12-27 21:00:00,1,0,1
TXN-03-03232,STORE-010,Apparel,BrandD,Mobile,UPC-203299833,SKU-APP-9921,Hat,8,8,3,467.92,199.71,268.21,75.55,17.06,0,0,2025-12-30 16:00:00,0,0,1
TXN-03-00852,STORE-017,Home & Garden,BrandF,Mobile,UPC-153710309,SKU-HOM-7174,Rug,5,5,0,983.0,418.65,564.35,248.75,52.15,0,0,2025-12-24 12:00:00,1,0,1
TXN-03-02363,STORE-007,Electronics,BrandH,Mobile,UPC-620125626,SKU-ELE-7094,Monitor,1,1,3,337.51,172.78,164.73,444.6,107.09,0,0,2025-12-12 03:00:00,1,1,1
TXN-03-06191,STORE-012,Electronics,BrandE,Online,UPC-672729151,SKU-ELE-1720,Phone,8,8,4,3698.64,2362.06,1336.58,471.5,9.17,0,0,2025-12-26 22:00:00,1,0,1
TXN-03-04026,STORE-020,Electronics,BrandA,In-Store,UPC-282209579,SKU-ELE-2130,Speaker,5,5,4,230.7,106.97,123.73,52.97,6.83,0,0,2025-12-22 22:00:00,0,0,1
TXN-03-05224,STORE-019,Sports,BrandA,In-Store,UPC-679871331,SKU-SPO-9747,Yoga Mat,9,9,0,1755.45,859.03,896.42,236.72,41.67,0,0,2025-12-04 21:00:00,1,1,1
TXN-03-02195,STORE-009,Sports,BrandE,In-Store,UPC-976476363,SKU-SPO-3824,Dumbbell,1,1,1,348.24,179.92,168.32,393.61,45.37,0,0,2025-12-16 14:00:00,1,0,1
TXN-03-16454,STORE-018,Sports,BrandA,Online,UPC-163123437,SKU-SPO-2013,Yoga Mat,7,7,0,2733.36,1955.53,777.83,394.1,3.62,0,0,2025-12-14 22:00:00,1,0,1
TXN-03-03339,STORE-011,Sports,BrandA,In-Store,UPC-905175635,SKU-SPO-8970,Jersey,6,6,4,1582.92,902.46,680.46,344.56,80.74,0,0,2025-12-28 11:00:00,1,0,1
TXN-03-00881,STORE-017,Grocery,BrandB,Mobile,UPC-561530080,SKU-GRO-6708,Coffee,7,7,1,768.81,320.34,448.47,114.39,4.56,0,0,2025-12-09 11:00:00,0,0,1
TXN-03-03063,STORE-013,Sports,BrandA,In-Store,UPC-811586319,SKU-SPO-5134,Running Shoes,5,5,3,1351.2,612.9,738.3,292.94,22.7,1,1,2025-12-30 11:00:00,1,1,1
TXN-03-05176,STORE-010,Home & Garden,BrandC,In-Store,UPC-986679513,SKU-HOM-3590,Vase,2,2,2,455.64,202.23,253.41,246.68,18.86,0,0,2025-12-14 07:00:00,1,1,1
TXN-03-02130,STORE-007,Home & Garden,BrandD,Online,UPC-183633980,SKU-HOM-3083,Tool Set,6,6,3,1369.02,765.82,603.2,273.6,45.43,0,0,2025-12-20 08:00:00,0,0,1
TXN-03-02116,STORE-011,Sports,BrandD,In-Store,UPC-685672455,SKU-SPO-1693,Backpack,5,5,3,236.85,140.68,96.17,50.57,3.2,0,0,2025-12-26 14:00:00,0,1,1
TXN-03-02291,STORE-013,Home & Garden,BrandG,Online,UPC-771075819,SKU-HOM-1278,Hose,5,5,0,1974.65,872.38,1102.27,441.62,46.69,0,0,2025-12-17 19:00:00,0,1,1
TXN-03-02662,STORE-018,Grocery,BrandA,In-Store,UPC-236239109,SKU-GRO-1313,Pasta,8,8,0,1565.28,876.81,688.47,199.09,3.43,0,0,2025-12-15 23:00:00,1,0,1
TXN-03-01296,STORE-002,Home & Garden,BrandB,In-Store,UPC-510228958,SKU-HOM-3662,Rug,2,2,0,451.4,231.08,220.32,237.41,11.71,0,0,2025-12-08 04:00:00,1,1,1
TXN-03-06277,STORE-009,Apparel,BrandF,In-Store,UPC-317076191,SKU-APP-3659,Scarf,3,3,0,579.18,367.41,211.77,193.18,0.12,0,0,2025-12-08 08:00:00,0,0,1
TXN-03-00350,STORE-002,Sports,BrandG,Online,UPC-148823934,SKU-SPO-1914,Water Bottle,6,6,3,1482.18,894.67,587.51,304.86,57.83,0,0,2025-12-01 03:00:00,0,0,1
TXN-03-04281,STORE-020,Grocery,BrandC,In-Store,UPC-134698028,SKU-GRO-9152,Bread,9,9,3,792.63,338.94,453.69,99.79,11.72,0,0,2025-12-01 18:00:00,1,1,1
TXN-03-01646,STORE-012,Home & Garden,BrandG,In-Store,UPC-838542441,SKU-HOM-9063,Hose,8,8,1,2723.68,1857.66,866.02,448.0,107.54,0,0,2025-12-15 07:00:00,1,0,1
TXN-03-00922,STORE-017,Home & Garden,BrandH,In-Store,UPC-721342113,SKU-HOM-3077,Cushion,3,3,0,519.69,215.53,304.16,246.15,72.92,0,0,2025-12-29 03:00:00,0,0,1
TXN-03-01864,STORE-003,Sports,BrandE,In-Store,UPC-982264913,SKU-SPO-6564,Dumbbell,2,2,1,140.28,67.43,72.85,88.65,18.51,0,0,2025-12-07 09:00:00,1,0,1
TXN-03-05337,STORE-005,Sports,BrandF,In-Store,UPC-960247635,SKU-SPO-8647,Jersey,1,1,3,153.09,76.07,77.02,167.77,14.68,0,0,2025-12-06 08:00:00,1,0,1
TXN-03-04974,STORE-005,Electronics,BrandD,Mobile,UPC-226805018,SKU-ELE-8572,Tablet,7,7,1,1319.78,974.18,345.6,232.29,43.75,0,0,2025-12-01 08:00:00,1,0,1
TXN-03-02798,STORE-015,Grocery,BrandF,In-Store,UPC-686485364,SKU-GRO-2871,Coffee,7,7,2,441.49,189.01,252.48,77.09,14.02,0,0,2025-12-05 10:00:00,1,0,1
TXN-03-02258,STORE-004,Home & Garden,BrandG,Online,UPC-547485831,SKU-HOM-8278,Cushion,3,3,4,1383.51,657.43,726.08,487.82,26.65,0,0,2025-12-20 02:00:00,1,0,1
TXN-03-05831,STORE-007,Apparel,BrandE,In-Store,UPC-528789719,SKU-APP-6563,Socks,3,3,1,655.8,415.4,240.4,260.91,42.31,1,0,2025-12-03 03:00:00,1,0,1
TXN-03-01440,STORE-006,Sports,BrandF,Mobile,UPC-713688839,SKU-SPO-4073,Resistance Band,4,4,0,1459.08,604.3,854.78,496.52,131.75,1,0,2025-12-04 17:00:00,1,1,1
TXN-03-01846,STORE-014,Electronics,BrandH,Online,UPC-686813438,SKU-ELE-9941,Speaker,2,2,2,10.86,4.78,6.08,6.01,0.58,1,0,2025-12-19 07:00:00,0,1,1
TXN-03-04261,STORE-012,Electronics,BrandC,Online,UPC-188459367,SKU-ELE-8135,Phone,3,3,0,1100.1,814.02,286.08,486.61,119.91,0,0,2025-12-09 07:00:00,0,1,1
TXN-03-01151,STORE-007,Apparel,BrandA,In-Store,UPC-403737372,SKU-APP-4474,Scarf,9,9,0,3168.27,2258.3,909.97,384.08,32.05,0,0,2025-12-22 02:00:00,0,0,1
TXN-03-01446,STORE-017,Apparel,BrandA,Online,UPC-902506003,SKU-APP-5677,Jacket,4,4,2,1359.32,689.8,669.52,431.13,91.3,0,0,2025-12-19 03:00:00,1,0,1
TXN-03-04817,STORE-002,Electronics,BrandH,In-Store,UPC-130277088,SKU-ELE-1346,Laptop,7,7,0,818.93,596.3,222.63,154.8,37.81,0,0,2025-12-23 08:00:00,0,1,1
TXN-03-06015,STORE-004,Grocery,BrandD,In-Store,UPC-824750819,SKU-GRO-8438,Milk,7,7,1,2615.2,1359.6,1255.6,399.21,25.61,1,0,2025-12-15 16:00:00,1,0,1
TXN-03-03518,STORE-007,Grocery,BrandE,Online,UPC-776658615,SKU-GRO-9181,Bread,3,3,0,609.84,318.28,291.56,285.17,81.89,0,0,2025-12-14 20:00:00,0,1,1
TXN-03-06041,STORE-007,Grocery,BrandB,In-Store,UPC-810021854,SKU-GRO-3943,Snack Bar,2,2,0,64.5,26.45,38.05,40.89,8.64,0,0,2025-12-19 19:00:00,0,0,1
TXN-03-02522,STORE-012,Home & Garden,BrandC,Online,UPC-278644942,SKU-HOM-2570,Lamp,1,1,2,284.04,152.18,131.86,371.06,87.02,0,0,2025-12-13 22:00:00,1,0,1
TXN-03-03663,STORE-009,Apparel,BrandE,In-Store,UPC-598735360,SKU-APP-8140,Hat,8,8,2,568.32,245.57,322.75,85.09,14.05,1,0,2025-12-24 05:00:00,1,1,1
TXN-03-01840,STORE-006,Sports,BrandD,Online,UPC-107476218,SKU-SPO-5735,Resistance Band,7,7,2,2929.22,1379.64,1549.58,489.43,70.97,0,0,2025-12-28 06:00:00,1,0,1
TXN-03-04223,STORE-014,Home & Garden,BrandF,In-Store,UPC-607281821,SKU-HOM-6327,Plant Pot,1,1,2,306.77,218.22,88.55,331.16,24.39,0,0,2025-12-08 20:00:00,0,0,1
TXN-03-04870,STORE-008,Apparel,BrandG,Online,UPC-372997315,SKU-APP-2938,Shoes,6,6,2,2096.82,1494.21,602.61,446.04,96.57,0,0,2025-12-02 19:00:00,1,1,1
TXN-03-01898,STORE-019,Apparel,BrandE,Mobile,UPC-238802891,SKU-APP-9476,Shoes,4,4,1,1031.16,610.02,421.14,331.01,73.22,0,0,2025-12-16 05:00:00,0,0,1
TXN-03-00486,STORE-013,Sports,BrandD,In-Store,UPC-767362138,SKU-SPO-6575,Running Shoes,9,9,1,2217.51,1097.05,1120.46,345.77,99.38,0,0,2025-12-01 22:00:00,1,0,1
TXN-03-05536,STORE-007,Sports,BrandF,In-Store,UPC-207383318,SKU-SPO-7061,Dumbbell,3,3,0,470.67,264.34,206.33,188.18,31.29,0,0,2025-12-11 07:00:00,0,0,1
TXN-03-03203,STORE-001,Electronics,BrandE,In-Store,UPC-290937021,SKU-ELE-8553,Charger,3,3,1,1058.64,657.51,401.13,401.37,48.49,0,0,2025-12-31 00:00:00,1,0,1
TXN-03-04856,STORE-011,Electronics,BrandF,Mobile,UPC-375342153,SKU-ELE-5740,Headphones,6,6,2,197.28,79.59,117.69,33.54,0.66,0,0,2025-12-06 16:00:00,1,0,1
TXN-03-05243,STORE-017,Sports,BrandB,In-Store,UPC-439103699,SKU-SPO-4200,Cap,4,4,1,749.24,546.09,203.15,244.95,57.64,0,0,2025-12-20 22:00:00,0,0,1
TXN-03-02638,STORE-008,Home & Garden,BrandE,In-Store,UPC-874791857,SKU-HOM-4605,Rug,3,3,2,912.24,517.02,395.22,315.08,11.0,1,0,2025-12-31 00:00:00,1,0,1
TXN-03-05882,STORE-005,Electronics,BrandH,Online,UPC-792574599,SKU-ELE-1993,Phone,7,7,1,560.98,375.18,185.8,84.32,4.18,0,0,2025-12-17 19:00:00,0,0,1
TXN-03-06236,STORE-001,Sports,BrandG,In-Store,UPC-716178992,SKU-SPO-3373,Dumbbell,6,6,4,1356.36,569.4,786.96,226.16,0.1,0,0,2025-12-11 19:00:00,0,1,1
TXN-03-00173,STORE-020,Grocery,BrandE,In-Store,UPC-787897752,SKU-GRO-1655,Pasta,4,4,0,721.64,330.13,391.51,230.3,49.89,0,0,2025-12-16 16:00:00,1,0,1
TXN-03-00386,STORE-002,Grocery,BrandF,In-Store,UPC-584639354,SKU-GRO-2622,Milk,8,8,1,2180.0,1216.33,963.67,304.14,31.64,0,0,2025-12-06 12:00:00,0,1,1
TXN-03-05847,STORE-008,Grocery,BrandA,In-Store,UPC-263610657,SKU-GRO-5238,Snack Bar,6,6,2,2302.62,1177.18,1125.44,440.22,56.45,0,0,2025-12-04 05:00:00,1,1,1
TXN-03-05620,STORE-012,Grocery,BrandE,In-Store,UPC-340964420,SKU-GRO-6625,Milk,8,8,3,2152.56,1152.67,999.89,375.02,105.95,0,0,2025-12-12 14:00:00,1,0,1
TXN-03-01094,STORE-001,Grocery,BrandC,In-Store,UPC-165815474,SKU-GRO-6582,Rice,6,6,0,1846.26,1134.32,711.94,309.64,1.93,0,0,2025-12-26 03:00:00,0,1,1
TXN-03-04146,STORE-016,Apparel,BrandH,Mobile,UPC-945651820,SKU-APP-5138,T-Shirt,8,8,2,1007.36,700.32,307.04,148.81,22.89,0,0,2025-12-08 02:00:00,1,0,1
TXN-03-04221,STORE-016,Home & Garden,BrandC,Online,UPC-843404199,SKU-HOM-2898,Lamp,2,2,2,299.38,134.43,164.95,203.2,53.51,0,0,2025-12-01 16:00:00,0,0,1
TXN-03-04107,STORE-010,Electronics,BrandF,Online,UPC-531788612,SKU-ELE-9214,Tablet,4,4,3,635.96,465.59,170.37,212.73,53.74,0,0,2025-12-29 17:00:00,1,0,1
TXN-03-01375,STORE-007,Grocery,BrandH,Mobile,UPC-746183517,SKU-GRO-4494,Bread,7,7,4,939.61,500.11,439.5,168.2,33.97,0,0,2025-12-22 13:00:00,1,0,1
TXN-03-01605,STORE-020,Sports,BrandG,Mobile,UPC-268961504,SKU-SPO-8297,Resistance Band,4,4,0,226.12,111.89,114.23,71.72,15.19,0,0,2025-12-09 15:00:00,1,1,1
TXN-03-03788,STORE-012,Sports,BrandF,Mobile,UPC-871687946,SKU-SPO-4263,Water Bottle,7,7,2,1098.86,461.39,637.47,179.36,22.38,0,0,2025-12-29 12:00:00,1,0,1
TXN-03-04559,STORE-007,Home & Garden,BrandE,Online,UPC-217284256,SKU-HOM-2948,Rug,7,7,0,455.28,321.19,134.09,80.6,15.56,0,0,2025-12-12 01:00:00,1,0,1
TXN-03-03993,STORE-017,Home & Garden,BrandB,In-Store,UPC-455921063,SKU-HOM-1781,Tool Set,4,4,0,629.76,466.33,163.43,177.83,20.39,1,0,2025-12-07 21:00:00,1,0,1
TXN-03-00389,STORE-019,Electronics,BrandF,Online,UPC-383852124,SKU-ELE-7239,Speaker,7,7,0,1484.56,856.78,627.78,267.17,55.09,0,0,2025-12-20 17:00:00,0,1,1
TXN-03-00244,STORE-014,Sports,BrandH,Online,UPC-893123496,SKU-SPO-2945,Running Shoes,1,1,0,74.05,47.02,27.03,95.51,21.46,0,0,2025-12-21 04:00:00,1,0,1
TXN-03-04908,STORE-007,Electronics,BrandB,Mobile,UPC-777092506,SKU-ELE-1456,Camera,1,1,3,169.99,72.34,97.65,177.46,7.47,0,0,2025-12-20 15:00:00,1,1,1
TXN-03-00786,STORE-011,Apparel,BrandD,Online,UPC-326162921,SKU-APP-6056,T-Shirt,4,4,3,886.76,414.14,472.62,307.49,85.8,0,0,2025-12-05 22:00:00,1,0,1
TXN-03-04032,STORE-010,Grocery,BrandE,Mobile,UPC-421368394,SKU-GRO-1447,Coffee,1,1,0,156.31,69.24,87.07,173.09,16.78,0,0,2025-12-06 04:00:00,1,0,1
TXN-03-02299,STORE-019,Apparel,BrandG,In-Store,UPC-291136374,SKU-APP-5446,Shoes,6,6,3,1884.66,770.31,1114.35,393.42,79.31,0,0,2025-12-13 14:00:00,0,0,1
TXN-03-05968,STORE-007,Grocery,BrandF,Online,UPC-312784147,SKU-GRO-3015,Pasta,3,3,4,642.6,414.85,227.75,219.32,5.12,0,0,2025-12-13 22:00:00,1,0,1
TXN-03-03786,STORE-005,Home & Garden,BrandB,Mobile,UPC-795933249,SKU-HOM-4839,Chair,8,8,1,755.28,513.67,241.61,113.39,18.98,0,0,2025-12-26 01:00:00,0,0,1
TXN-03-01135,STORE-016,Electronics,BrandG,In-Store,UPC-834192867,SKU-ELE-6155,Charger,8,8,1,2590.88,1517.12,1073.76,423.81,99.95,0,0,2025-12-27 06:00:00,1,0,1
TXN-03-05535,STORE-015,Grocery,BrandA,Online,UPC-324990514,SKU-GRO-1821,Coffee,7,7,1,2182.67,1384.41,798.26,434.25,122.44,0,0,2025-12-29 02:00:00,0,0,1
TXN-03-05984,STORE-009,Home & Garden,BrandC,In-Store,UPC-573340127,SKU-HOM-6705,Chair,4,4,1,205.84,128.65,77.19,53.04,1.58,0,0,2025-12-11 22:00:00,0,0,1
TXN-03-03575,STORE-010,Electronics,BrandF,In-Store,UPC-422931428,SKU-ELE-8060,Camera,1,1,3,417.82,196.7,221.12,464.17,46.35,0,0,2025-12-15 10:00:00,1,0,1
TXN-03-04075,STORE-009,Home & Garden,BrandC,In-Store,UPC-334099661,SKU-HOM-9062,Hose,3,3,0,49.65,25.63,24.02,23.29,6.74,0,0,2025-12-18 20:00:00,1,0,1
TXN-03-01302,STORE-007,Apparel,BrandC,Online,UPC-141507375,SKU-APP-6789,Jeans,3,3,0,476.88,225.58,251.3,168.96,10.0,1,1,2025-12-29 21:00:00,1,0,1
TXN-03-05034,STORE-012,Home & Garden,BrandC,In-Store,UPC-568352572,SKU-HOM-5660,Plant Pot,8,8,2,1561.52,1043.18,518.34,203.75,8.56,0,0,2025-12-29 09:00:00,1,0,1
TXN-03-04779,STORE-016,Electronics,BrandB,In-Store,UPC-599698591,SKU-ELE-5170,Laptop,6,6,1,1880.34,870.11,1010.23,358.23,44.84,0,0,2025-12-13 16:00:00,1,1,1
TXN-03-00933,STORE-012,Home & Garden,BrandC,Mobile,UPC-681305512,SKU-HOM-9083,Cushion,3,3,2,95.37,67.21,28.16,38.77,6.98,0,0,2025-12-03 04:00:00,1,0,1
TXN-03-05131,STORE-017,Sports,BrandF,Online,UPC-238575585,SKU-SPO-7949,Water Bottle,9,9,3,3213.36,1560.77,1652.59,446.13,89.09,0,0,2025-12-11 07:00:00,1,0,1
TXN-03-00602,STORE-010,Apparel,BrandB,In-Store,UPC-901308006,SKU-APP-1450,Jeans,1,1,1,144.98,69.81,75.17,153.34,8.36,0,0,2025-12-20 04:00:00,1,0,1
TXN-03-04555,STORE-020,Home & Garden,BrandD,In-Store,UPC-963017261,SKU-HOM-3295,Plant Pot,4,4,4,75.2,37.15,38.05,19.62,0.82,0,0,2025-12-13 09:00:00,1,0,1
TXN-03-01608,STORE-016,Sports,BrandA,Online,UPC-566273193,SKU-SPO-4749,Water Bottle,3,3,1,346.5,184.97,161.53,130.09,14.59,0,0,2025-12-18 06:00:00,1,1,1
TXN-03-02294,STORE-005,Grocery,BrandE,Mobile,UPC-182845083,SKU-GRO-4156,Pasta,2,2,2,734.46,309.49,424.97,419.85,52.62,0,0,2025-12-10 12:00:00,0,0,1
TXN-03-02199,STORE-020,Grocery,BrandH,Online,UPC-376428965,SKU-GRO-3526,Bread,8,8,1,2548.72,1604.53,944.19,319.6,1.01,0,0,2025-12-11 22:00:00,1,0,1
TXN-03-02750,STORE-008,Electronics,BrandB,In-Store,UPC-129188487,SKU-ELE-9903,Laptop,3,3,4,162.84,112.33,50.51,68.21,13.93,0,0,2025-12-14 07:00:00,1,0,1
TXN-03-04867,STORE-019,Sports,BrandD,In-Store,UPC-909065213,SKU-SPO-1884,Cap,2,2,4,215.02,147.82,67.2,118.46,10.95,0,0,2025-12-18 06:00:00,1,0,1
TXN-03-03424,STORE-015,Sports,BrandF,In-Store,UPC-899123785,SKU-SPO-1278,Running Shoes,1,1,1,134.35,94.2,40.15,140.42,6.07,0,0,2025-12-17 16:00:00,1,0,1
TXN-03-02759,STORE-015,Apparel,BrandD,Mobile,UPC-859944989,SKU-APP-6238,Dress,5,5,2,939.55,658.22,281.33,202.98,15.07,0,0,2025-12-16 23:00:00,0,0,1
TXN-03-04990,STORE-019,Sports,BrandC,Online,UPC-887679462,SKU-SPO-8270,Dumbbell,2,2,0,629.86,423.99,205.87,386.32,71.39,0,0,2025-12-23 17:00:00,0,1,1
TXN-03-06042,STORE-018,Home & Garden,BrandH,In-Store,UPC-626600582,SKU-HOM-9679,Lamp,7,7,0,2169.44,1323.18,846.26,361.9,51.98,0,0,2025-12-06 05:00:00,1,1,1
TXN-03-03415,STORE-001,Home & Garden,BrandG,In-Store,UPC-237748312,SKU-HOM-4406,Plant Pot,1,1,2,386.75,191.84,194.91,496.95,110.2,0,0,2025-12-04 23:00:00,1,1,1
TXN-03-01080,STORE-009,Grocery,BrandG,Online,UPC-240314923,SKU-GRO-7419,Pasta,6,6,2,1306.8,868.8,438.0,217.81,0.01,0,0,2025-12-16 03:00:00,0,0,1
TXN-03-00463,STORE-012,Grocery,BrandB,In-Store,UPC-112166373,SKU-GRO-6735,Milk,7,7,0,1467.34,681.94,785.4,290.33,80.71,0,0,2025-12-12 00:00:00,1,0,1
TXN-03-03886,STORE-003,Sports,BrandE,In-Store,UPC-849100507,SKU-SPO-2179,Backpack,8,8,2,2156.64,1406.61,750.03,382.18,112.6,0,0,2025-12-27 07:00:00,1,0,1
TXN-03-02981,STORE-015,Home & Garden,BrandF,In-Store,UPC-766964430,SKU-HOM-2433,Tool Set,3,3,3,251.16,123.78,127.38,115.27,31.55,0,0,2025-12-09 02:00:00,0,0,1
TXN-03-03669,STORE-006,Apparel,BrandA,In-Store,UPC-701057471,SKU-APP-2498,Shoes,7,7,1,762.72,471.27,291.45,112.54,3.58,0,0,2025-12-14 09:00:00,1,1,1
TXN-03-03511,STORE-004,Apparel,BrandH,Online,UPC-430846072,SKU-APP-8473,Shoes,2,2,0,453.8,283.65,170.15,230.95,4.05,0,0,2025-12-30 19:00:00,0,0,1
TXN-03-01103,STORE-004,Grocery,BrandC,Online,UPC-401025839,SKU-GRO-5873,Juice,6,6,1,2587.68,1087.0,1500.68,465.93,34.65,0,0,2025-12-11 06:00:00,1,1,1
TXN-03-03504,STORE-005,Grocery,BrandB,In-Store,UPC-305759075,SKU-GRO-6634,Bread,3,3,1,631.98,389.24,242.74,268.83,58.17,0,0,2025-12-04 14:00:00,1,0,1
TXN-03-01566,STORE-009,Home & Garden,BrandE,In-Store,UPC-407344971,SKU-HOM-5739,Chair,1,1,0,243.33,143.73,99.6,283.24,39.91,0,0,2025-12-09 02:00:00,1,0,1
TXN-03-03470,STORE-019,Home & Garden,BrandF,In-Store,UPC-201439538,SKU-HOM-4955,Cushion,8,8,4,1121.04,465.81,655.23,157.06,16.93,0,0,2025-12-30 22:00:00,1,0,1
TXN-03-04451,STORE-007,Sports,BrandB,In-Store,UPC-768474814,SKU-SPO-6332,Backpack,9,9,4,2358.63,1232.36,1126.27,285.06,22.99,0,0,2025-12-26 13:00:00,0,1,1
TXN-03-04090,STORE-004,Grocery,BrandA,Online,UPC-933782059,SKU-GRO-4156,Coffee,2,2,1,570.54,284.36,286.18,294.41,9.14,0,0,2025-12-24 02:00:00,1,1,1
TXN-03-06248,STORE-004,Sports,BrandA,In-Store,UPC-343201468,SKU-SPO-4083,Cap,5,5,2,104.35,43.37,60.98,26.67,5.8,0,0,2025-12-30 10:00:00,1,1,1
TXN-03-06209,STORE-013,Grocery,BrandA,Mobile,UPC-878408511,SKU-GRO-5424,Snack Bar,9,9,3,1182.51,836.46,346.05,180.31,48.92,0,0,2025-12-22 10:00:00,1,1,1
TXN-03-03122,STORE-015,Electronics,BrandG,In-Store,UPC-850540521,SKU-ELE-6412,Monitor,6,6,2,2538.96,1859.05,679.91,455.91,32.75,0,0,2025-12-10 11:00:00,0,1,1
TXN-03-05221,STORE-015,Grocery,BrandE,Mobile,UPC-318473941,SKU-GRO-4179,Rice,7,7,0,1327.27,641.46,685.81,256.28,66.67,0,0,2025-12-28 15:00:00,0,0,1
TXN-03-00245,STORE-019,Grocery,BrandC,Online,UPC-401407112,SKU-GRO-2378,Cereal,9,9,0,2732.49,1357.68,1374.81,354.96,51.35,0,0,2025-12-30 13:00:00,1,0,1
TXN-03-04419,STORE-011,Electronics,BrandA,Mobile,UPC-630007901,SKU-ELE-5588,Tablet,8,8,2,2360.72,1411.65,949.07,370.07,74.98,0,0,2025-12-30 12:00:00,1,0,1
TXN-03-02360,STORE-009,Home & Garden,BrandA,In-Store,UPC-562209399,SKU-HOM-8865,Lamp,3,3,2,405.51,201.21,204.3,158.17,23.0,0,0,2025-12-16 11:00:00,1,1,1
TXN-03-04757,STORE-002,Home & Garden,BrandE,Mobile,UPC-223268084,SKU-HOM-6044,Plant Pot,4,4,0,1321.52,727.54,593.98,436.17,105.79,0,0,2025-12-11 01:00:00,1,1,1
TXN-03-06096,STORE-010,Grocery,BrandA,Mobile,UPC-301133852,SKU-GRO-3100,Bread,4,4,0,1201.2,522.16,679.04,306.31,6.01,0,0,2025-12-17 19:00:00,1,0,1
TXN-03-05675,STORE-018,Electronics,BrandH,Online,UPC-243244206,SKU-ELE-7037,Monitor,9,9,2,2030.22,1048.86,981.36,298.43,72.85,0,0,2025-12-01 18:00:00,1,0,1
TXN-03-06233,STORE-019,Apparel,BrandD,In-Store,UPC-864617464,SKU-APP-5043,Dress,3,3,2,398.16,284.22,113.94,172.21,39.49,0,0,2025-12-15 11:00:00,1,0,1
TXN-03-03878,STORE-008,Electronics,BrandE,In-Store,UPC-577203856,SKU-ELE-9114,Phone,1,1,3,258.47,160.47,98.0,298.45,39.98,0,0,2025-12-04 23:00:00,0,0,1
TXN-03-02050,STORE-009,Grocery,BrandH,Online,UPC-252638026,SKU-GRO-4708,Cereal,9,9,0,763.56,476.21,287.35,100.31,15.47,0,0,2025-12-14 01:00:00,1,0,1
TXN-03-02320,STORE-008,Apparel,BrandD,In-Store,UPC-574994397,SKU-APP-6788,Scarf,1,1,3,295.6,137.53,158.07,321.31,25.71,0,0,2025-12-05 14:00:00,1,0,1
TXN-03-01541,STORE-001,Electronics,BrandG,In-Store,UPC-719818845,SKU-ELE-2899,Headphones,9,9,3,657.45,271.1,386.35,82.94,9.89,0,0,2025-12-11 16:00:00,1,0,1
TXN-03-03522,STORE-003,Grocery,BrandA,In-Store,UPC-170595646,SKU-GRO-5392,Milk,3,3,3,1006.65,557.61,449.04,429.27,93.72,0,0,2025-12-11 17:00:00,1,0,1
TXN-03-02686,STORE-016,Apparel,BrandC,In-Store,UPC-433683150,SKU-APP-4971,Jeans,7,7,4,1763.93,1096.99,666.94,356.96,104.97,0,0,2025-12-27 21:00:00,1,0,1
TXN-03-04248,STORE-018,Home & Garden,BrandB,In-Store,UPC-536678138,SKU-HOM-4796,Tool Set,4,4,3,125.16,64.05,61.11,41.69,10.4,0,0,2025-12-19 13:00:00,0,0,1
TXN-03-00436,STORE-002,Home & Garden,BrandE,In-Store,UPC-939334633,SKU-HOM-2974,Plant Pot,2,2,2,73.28,32.3,40.98,40.47,3.83,0,0,2025-12-06 00:00:00,1,0,1
TXN-03-05512,STORE-003,Sports,BrandG,In-Store,UPC-449073231,SKU-SPO-7222,Resistance Band,3,3,2,1461.18,1043.16,418.02,489.91,2.85,0,0,2025-12-15 20:00:00,1,1,1
TXN-03-05817,STORE-012,Grocery,BrandA,In-Store,UPC-909437055,SKU-GRO-6382,Milk,1,1,2,21.79,9.55,12.24,30.23,8.44,1,0,2025-12-29 07:00:00,0,0,1
TXN-03-03977,STORE-003,Electronics,BrandE,Online,UPC-469826884,SKU-ELE-2797,Tablet,3,3,0,1046.4,522.92,523.48,377.78,28.98,0,0,2025-12-13 19:00:00,0,0,1
TXN-03-01187,STORE-010,Apparel,BrandG,In-Store,UPC-775092743,SKU-APP-8593,Shoes,1,1,3,22.36,13.15,9.21,24.33,1.97,0,0,2025-12-29 18:00:00,0,1,1
TXN-03-02335,STORE-020,Electronics,BrandF,Online,UPC-304970378,SKU-ELE-9128,Charger,3,3,4,784.59,350.39,434.2,273.42,11.89,0,0,2025-12-07 21:00:00,1,0,1
TXN-03-02147,STORE-018,Grocery,BrandF,Mobile,UPC-879346591,SKU-GRO-2356,Rice,2,2,2,557.66,242.71,314.95,328.51,49.68,0,0,2025-12-26 03:00:00,1,0,1
TXN-03-03055,STORE-008,Home & Garden,BrandD,In-Store,UPC-863479234,SKU-HOM-2078,Chair,5,5,3,2201.75,1208.93,992.82,473.54,33.19,0,0,2025-12-22 01:00:00,1,0,1
TXN-03-03138,STORE-008,Electronics,BrandF,Online,UPC-337562539,SKU-ELE-3751,Speaker,1,1,1,379.93,165.86,214.07,468.07,88.14,0,0,2025-12-02 05:00:00,1,0,1
TXN-03-04667,STORE-012,Sports,BrandB,Online,UPC-894775074,SKU-SPO-6109,Water Bottle,4,4,2,276.56,187.05,89.51,93.89,24.75,0,0,2025-12-06 22:00:00,0,0,1
TXN-03-04079,STORE-004,Home & Garden,BrandH,Online,UPC-346970342,SKU-HOM-2222,Rug,8,8,4,2803.6,1808.98,994.62,369.92,19.47,0,0,2025-12-23 20:00:00,0,1,1
TXN-03-05776,STORE-016,Apparel,BrandE,In-Store,UPC-801416613,SKU-APP-4771,Dress,6,6,0,2273.4,1088.4,1185.0,428.71,49.81,0,0,2025-12-17 02:00:00,1,0,1
TXN-03-05219,STORE-020,Home & Garden,BrandF,In-Store,UPC-278105458,SKU-HOM-4038,Cushion,5,5,0,750.0,513.54,236.46,177.51,27.51,0,0,2025-12-17 08:00:00,0,0,1
TXN-03-05426,STORE-017,Electronics,BrandC,In-Store,UPC-515332844,SKU-ELE-3776,Monitor,9,9,0,461.79,209.32,252.47,53.5,2.19,0,0,2025-12-26 13:00:00,1,0,1
TXN-03-02175,STORE-007,Electronics,BrandH,In-Store,UPC-976137082,SKU-ELE-6444,Headphones,6,6,4,364.2,224.32,139.88,80.41,19.71,1,0,2025-12-22 07:00:00,1,0,1
TXN-03-03213,STORE-015,Sports,BrandD,Online,UPC-206827048,SKU-SPO-4996,Resistance Band,7,7,0,2318.75,1186.55,1132.2,361.62,30.37,0,0,2025-12-01 11:00:00,1,0,1
TXN-03-04819,STORE-014,Sports,BrandF,In-Store,UPC-581315553,SKU-SPO-3708,Running Shoes,6,6,4,1997.94,971.71,1026.23,454.64,121.65,0,0,2025-12-02 18:00:00,0,1,1
TXN-03-03207,STORE-001,Grocery,BrandE,In-Store,UPC-987777799,SKU-GRO-4056,Rice,1,1,4,260.75,191.5,69.25,269.94,9.19,0,0,2025-12-11 00:00:00,0,0,1
TXN-03-00991,STORE-015,Grocery,BrandB,Online,UPC-886744484,SKU-GRO-9884,Cereal,2,2,0,760.06,418.53,341.53,439.26,59.23,0,0,2025-12-27 17:00:00,0,0,1
TXN-03-05462,STORE-001,Grocery,BrandF,Online,UPC-674183547,SKU-GRO-4856,Juice,2,2,0,622.14,431.29,190.85,337.35,26.28,0,0,2025-12-03 11:00:00,0,1,1
TXN-03-05057,STORE-004,Grocery,BrandC,In-Store,UPC-353407646,SKU-GRO-3381,Bread,5,5,1,801.9,502.99,298.91,172.19,11.81,0,0,2025-12-12 23:00:00,0,0,1
TXN-03-05473,STORE-003,Electronics,BrandD,Online,UPC-587323720,SKU-ELE-7016,Tablet,8,8,2,207.28,110.39,96.89,36.97,11.06,0,0,2025-12-30 14:00:00,0,0,1
TXN-03-02084,STORE-015,Electronics,BrandF,Online,UPC-261548283,SKU-ELE-1650,Headphones,7,7,4,2379.65,1337.3,1042.35,372.63,32.68,0,0,2025-12-18 02:00:00,0,1,1
TXN-03-05538,STORE-013,Electronics,BrandD,Mobile,UPC-127229574,SKU-ELE-9491,Camera,7,7,2,2240.49,1666.45,574.04,397.44,77.37,0,0,2025-12-06 05:00:00,0,0,1
TXN-03-00751,STORE-002,Grocery,BrandE,In-Store,UPC-790042946,SKU-GRO-6556,Milk,1,1,2,260.81,173.52,87.29,333.05,72.24,0,0,2025-12-23 06:00:00,1,0,1
TXN-03-06188,STORE-005,Apparel,BrandF,In-Store,UPC-211339348,SKU-APP-3122,Hat,6,6,3,1966.5,981.03,985.47,359.81,32.06,1,1,2025-12-15 23:00:00,0,0,1
TXN-03-03814,STORE-013,Apparel,BrandC,In-Store,UPC-769810921,SKU-APP-8730,Hat,5,5,4,860.65,616.19,244.46,215.52,43.39,0,0,2025-12-21 23:00:00,1,1,1
TXN-03-05140,STORE-002,Apparel,BrandA,Online,UPC-921357558,SKU-APP-2648,Jacket,9,9,3,937.8,624.73,313.07,129.66,25.46,0,0,2025-12-18 14:00:00,1,1,1
TXN-03-02117,STORE-001,Sports,BrandH,Online,UPC-108830432,SKU-SPO-4382,Backpack,2,2,4,575.46,357.45,218.01,407.64,119.91,0,0,2025-12-04 13:00:00,0,0,1
TXN-03-00847,STORE-003,Apparel,BrandH,In-Store,UPC-511639574,SKU-APP-3271,Hat,5,5,3,1675.15,932.77,742.38,429.97,94.94,0,0,2025-12-02 07:00:00,1,1,1
TXN-03-00378,STORE-013,Grocery,BrandB,In-Store,UPC-498670675,SKU-GRO-1684,Pasta,5,5,0,751.3,513.41,237.89,187.73,37.47,0,0,2025-12-15 02:00:00,1,1,1
TXN-03-04736,STORE-014,Electronics,BrandE,In-Store,UPC-195957137,SKU-ELE-3518,Monitor,2,2,2,337.54,185.89,151.65,187.91,19.14,0,0,2025-12-11 22:00:00,1,0,1
TXN-03-00912,STORE-005,Sports,BrandG,In-Store,UPC-275265993,SKU-SPO-5160,Resistance Band,7,7,4,1518.09,987.8,530.29,252.79,35.92,0,0,2025-12-29 15:00:00,0,0,1
TXN-03-03850,STORE-013,Electronics,BrandG,In-Store,UPC-640210990,SKU-ELE-7312,Camera,1,1,0,83.78,48.34,35.44,98.2,14.42,0,0,2025-12-17 14:00:00,1,0,1
TXN-03-05648,STORE-017,Apparel,BrandC,Online,UPC-264841028,SKU-APP-3270,Socks,9,9,0,3410.55,2099.69,1310.86,379.1,0.15,0,0,2025-12-25 01:00:00,0,0,1
TXN-03-06115,STORE-001,Electronics,BrandA,In-Store,UPC-490803696,SKU-ELE-7737,Headphones,4,4,1,1387.52,884.07,503.45,378.25,31.37,0,0,2025-12-17 17:00:00,1,0,1
TXN-03-00284,STORE-018,Apparel,BrandE,Online,UPC-106933304,SKU-APP-7726,Hat,6,6,0,394.44,247.77,146.67,91.45,25.71,0,0,2025-12-18 04:00:00,0,0,1
TXN-03-04031,STORE-004,Home & Garden,BrandE,Mobile,UPC-799168979,SKU-HOM-3780,Rug,1,1,4,166.84,97.39,69.45,167.82,0.98,0,0,2025-12-07 08:00:00,1,0,1
TXN-03-03836,STORE-016,Electronics,BrandF,In-Store,UPC-624305441,SKU-ELE-4440,Tablet,1,1,2,374.17,185.81,188.36,440.06,65.89,0,0,2025-12-05 17:00:00,1,0,1
TXN-03-04644,STORE-015,Apparel,BrandB,Online,UPC-280075890,SKU-APP-8446,Jacket,1,1,0,358.2,156.21,201.99,378.85,20.65,0,0,2025-12-23 17:00:00,0,0,1
TXN-03-05656,STORE-017,Electronics,BrandB,Mobile,UPC-369458412,SKU-ELE-5713,Laptop,8,8,2,2653.44,1070.41,1583.03,428.61,96.93,0,0,2025-12-07 08:00:00,1,0,1
TXN-03-04169,STORE-010,Apparel,BrandA,Mobile,UPC-113603132,SKU-APP-8998,Socks,4,4,4,93.72,57.85,35.87,28.93,5.5,0,0,2025-12-23 20:00:00,1,1,1
TXN-03-05792,STORE-005,Electronics,BrandA,In-Store,UPC-938301691,SKU-ELE-9684,Tablet,6,6,2,340.26,142.07,198.19,77.07,20.36,0,0,2025-12-25 06:00:00,1,0,1
TXN-03-03808,STORE-006,Apparel,BrandA,In-Store,UPC-606342910,SKU-APP-3792,T-Shirt,5,5,1,1454.4,614.22,840.18,291.41,0.53,0,0,2025-12-25 17:00:00,0,1,1
TXN-03-05168,STORE-008,Home & Garden,BrandE,Online,UPC-883158642,SKU-HOM-4059,Tool Set,4,4,3,695.88,386.51,309.37,208.89,34.92,0,0,2025-12-17 19:00:00,1,0,1
TXN-03-02337,STORE-001,Electronics,BrandB,Online,UPC-210540455,SKU-ELE-7629,Tablet,5,5,0,678.8,296.62,382.18,157.19,21.43,0,0,2025-12-09 05:00:00,1,1,1
TXN-03-06303,STORE-006,Sports,BrandA,Mobile,UPC-386113411,SKU-SPO-1689,Jersey,9,9,1,75.87,39.01,36.86,9.23,0.8,0,0,2025-12-10 15:00:00,1,0,1
TXN-03-02307,STORE-004,Sports,BrandB,Online,UPC-691710718,SKU-SPO-2371,Running Shoes,4,4,0,443.08,325.52,117.56,145.3,34.53,0,0,2025-12-02 23:00:00,0,0,1
TXN-03-05920,STORE-012,Grocery,BrandE,In-Store,UPC-859567198,SKU-GRO-8723,Coffee,5,5,4,1590.05,1082.23,507.82,398.32,80.31,0,0,2025-12-12 10:00:00,1,0,1
TXN-03-00233,STORE-013,Home & Garden,BrandA,Online,UPC-143985234,SKU-HOM-1160,Hose,4,4,2,630.64,338.21,292.43,194.11,36.45,0,0,2025-12-02 15:00:00,1,0,1
TXN-03-02789,STORE-001,Electronics,BrandC,Mobile,UPC-308926285,SKU-ELE-5695,Headphones,4,4,3,1544.44,1083.16,461.28,486.26,100.15,0,0,2025-12-06 15:00:00,0,0,1
TXN-03-00609,STORE-015,Grocery,BrandH,Mobile,UPC-190809443,SKU-GRO-7188,Bread,7,7,2,1572.13,677.63,894.5,263.21,38.62,1,0,2025-12-29 10:00:00,1,0,1
TXN-03-00052,STORE-004,Home & Garden,BrandC,In-Store,UPC-234968014,SKU-HOM-9121,Rug,9,9,0,1406.88,947.71,459.17,188.61,32.29,1,0,2025-12-20 07:00:00,1,0,1
TXN-03-00078,STORE-017,Electronics,BrandC,Online,UPC-549915732,SKU-ELE-6760,Speaker,6,6,4,1704.9,1113.27,591.63,391.97,107.82,0,0,2025-12-14 06:00:00,1,0,1
TXN-03-03465,STORE-015,Apparel,BrandF,Online,UPC-203387980,SKU-APP-6749,Dress,9,9,2,2293.2,1301.97,991.23,342.09,87.29,0,0,2025-12-21 06:00:00,1,1,1
TXN-03-04226,STORE-001,Sports,BrandH,Online,UPC-457221151,SKU-SPO-6006,Water Bottle,8,8,1,3181.2,1513.37,1667.83,465.63,67.98,0,0,2025-12-19 18:00:00,1,1,1
TXN-03-03318,STORE-017,Grocery,BrandC,Online,UPC-780454818,SKU-GRO-3761,Pasta,4,4,4,1720.92,947.24,773.68,475.36,45.13,0,0,2025-12-13 04:00:00,1,0,1
TXN-03-06146,STORE-007,Home & Garden,BrandB,Online,UPC-429111461,SKU-HOM-6190,Hose,3,3,1,772.95,541.73,231.22,317.06,59.41,0,0,2025-12-07 12:00:00,1,0,1
TXN-03-06216,STORE-014,Home & Garden,BrandG,Mobile,UPC-384321508,SKU-HOM-6350,Hose,3,3,2,293.07,155.7,137.37,108.5,10.81,0,0,2025-12-25 15:00:00,1,1,1
TXN-03-01707,STORE-006,Apparel,BrandD,Online,UPC-612939408,SKU-APP-7365,Hat,6,6,3,433.98,236.65,197.33,73.06,0.73,0,0,2025-12-29 16:00:00,0,1,1
TXN-03-01861,STORE-014,Grocery,BrandB,Online,UPC-238989790,SKU-GRO-7894,Rice,9,9,4,498.6,259.24,239.36,64.66,9.26,0,0,2025-12-03 13:00:00,0,0,1
TXN-03-05491,STORE-020,Electronics,BrandA,In-Store,UPC-128091610,SKU-ELE-6589,Speaker,4,4,4,687.0,309.44,377.56,184.41,12.66,0,0,2025-12-04 20:00:00,1,0,1
TXN-03-04068,STORE-009,Sports,BrandC,In-Store,UPC-781920796,SKU-SPO-2859,Backpack,9,9,1,3321.9,1647.53,1674.37,466.89,97.79,1,1,2025-12-20 06:00:00,1,0,1
TXN-03-01262,STORE-008,Home & Garden,BrandA,In-Store,UPC-938635947,SKU-HOM-9283,Cushion,8,8,0,1079.12,549.39,529.73,149.55,14.66,0,0,2025-12-12 23:00:00,1,1,1
TXN-03-05471,STORE-003,Home & Garden,BrandB,In-Store,UPC-935174259,SKU-HOM-3793,Plant Pot,9,9,2,1330.92,865.68,465.24,150.69,2.81,0,0,2025-12-13 16:00:00,1,1,1
TXN-03-03236,STORE-002,Electronics,BrandC,In-Store,UPC-243982988,SKU-ELE-6472,Phone,1,1,4,156.89,99.89,57.0,220.41,63.52,0,0,2025-12-20 04:00:00,1,0,1
TXN-03-06139,STORE-011,Grocery,BrandH,Mobile,UPC-732019299,SKU-GRO-4748,Rice,6,6,2,811.44,447.46,363.98,163.74,28.5,0,0,2025-12-15 22:00:00,1,0,1
TXN-03-00552,STORE-015,Grocery,BrandC,In-Store,UPC-170534622,SKU-GRO-6214,Rice,8,8,2,2741.04,1111.41,1629.63,462.34,119.71,0,0,2025-12-21 08:00:00,0,0,1
TXN-03-02988,STORE-013,Electronics,BrandH,In-Store,UPC-228398996,SKU-ELE-6445,Headphones,7,7,2,1314.95,848.68,466.27,258.67,70.82,1,0,2025-12-20 19:00:00,1,1,1
TXN-03-05351,STORE-002,Sports,BrandC,Online,UPC-546467359,SKU-SPO-2027,Resistance Band,4,4,1,1658.28,1096.74,561.54,488.92,74.35,0,0,2025-12-08 01:00:00,1,0,1
TXN-03-00787,STORE-008,Electronics,BrandE,Online,UPC-532403984,SKU-ELE-6141,Laptop,1,1,2,215.44,142.13,73.31,227.73,12.29,0,0,2025-12-07 07:00:00,1,1,1
TXN-03-03240,STORE-016,Sports,BrandC,Online,UPC-485823745,SKU-SPO-6506,Backpack,1,1,4,208.12,136.64,71.48,260.59,52.47,0,0,2025-12-20 03:00:00,1,1,1
TXN-03-02853,STORE-002,Home & Garden,BrandC,Mobile,UPC-263011434,SKU-HOM-3405,Lamp,8,8,1,1556.32,1138.05,418.27,251.31,56.77,0,0,2025-12-25 12:00:00,1,0,1
TXN-03-05699,STORE-007,Home & Garden,BrandD,Online,UPC-217104835,SKU-HOM-4948,Plant Pot,5,5,0,101.85,67.77,34.08,21.54,1.17,0,0,2025-12-23 17:00:00,1,1,1
TXN-03-02597,STORE-018,Grocery,BrandD,In-Store,UPC-151768461,SKU-GRO-8074,Bread,9,9,4,671.4,401.29,270.11,106.16,31.56,0,0,2025-12-25 10:00:00,1,1,1
TXN-03-02420,STORE-010,Apparel,BrandD,In-Store,UPC-136534179,SKU-APP-8161,Jacket,9,9,0,3626.01,2442.67,1183.34,434.98,32.09,0,0,2025-12-30 08:00:00,1,0,1
TXN-03-05513,STORE-005,Sports,BrandC,In-Store,UPC-127696371,SKU-SPO-6561,Jersey,6,6,0,931.26,412.16,519.1,181.01,25.8,1,0,2025-12-12 06:00:00,0,0,1
TXN-03-04425,STORE-018,Grocery,BrandB,Mobile,UPC-235642657,SKU-GRO-6447,Cereal,5,5,4,460.55,316.25,144.3,114.86,22.75,0,0,2025-12-18 04:00:00,1,1,1
TXN-03-04726,STORE-008,Electronics,BrandH,Mobile,UPC-265168883,SKU-ELE-6795,Speaker,5,5,3,662.5,395.09,267.41,146.61,14.11,0,0,2025-12-21 16:00:00,1,0,1
TXN-03-03435,STORE-011,Apparel,BrandB,Mobile,UPC-604819761,SKU-APP-2335,Hat,7,7,4,2459.66,1184.55,1275.11,378.34,26.96,0,0,2025-12-10 22:00:00,1,1,1
TXN-03-05976,STORE-011,Electronics,BrandG,Online,UPC-664331321,SKU-ELE-5309,Camera,5,5,3,871.4,649.35,222.05,191.67,17.39,0,0,2025-12-04 21:00:00,1,1,1
TXN-03-02440,STORE-013,Apparel,BrandE,Online,UPC-594652629,SKU-APP-9843,Dress,8,8,4,2238.88,1210.1,1028.78,323.01,43.15,0,0,2025-12-16 15:00:00,1,0,1
TXN-03-00227,STORE-014,Sports,BrandD,In-Store,UPC-691836864,SKU-SPO-5176,Cap,2,2,0,86.9,45.1,41.8,48.41,4.96,0,0,2025-12-03 06:00:00,0,0,1
TXN-03-02469,STORE-020,Apparel,BrandD,In-Store,UPC-292887076,SKU-APP-3008,T-Shirt,1,1,1,5.09,2.37,2.72,5.14,0.05,0,0,2025-12-03 01:00:00,0,0,1
TXN-03-04368,STORE-008,Electronics,BrandC,Online,UPC-332919438,SKU-ELE-6812,Tablet,3,3,0,496.11,294.81,201.3,233.21,67.84,0,0,2025-12-16 02:00:00,0,0,1
TXN-03-04007,STORE-006,Apparel,BrandG,Mobile,UPC-162354322,SKU-APP-4982,T-Shirt,4,4,3,791.04,386.62,404.42,256.84,59.08,1,0,2025-12-10 12:00:00,0,1,1
TXN-03-16458,STORE-010,Grocery,BrandC,Online,UPC-786267917,SKU-GRO-3185,Snack Bar,3,3,3,247.41,130.1,117.31,94.58,12.11,0,0,2025-12-20 06:00:00,0,0,1
TXN-03-01323,STORE-002,Home & Garden,BrandH,Online,UPC-635208844,SKU-HOM-3780,Chair,8,8,4,2196.24,1348.25,847.99,374.06,99.53,0,0,2025-12-23 03:00:00,1,0,1
TXN-03-06320,STORE-017,Electronics,BrandA,Online,UPC-188305534,SKU-ELE-9810,Phone,9,9,3,847.44,390.93,456.51,124.7,30.54,0,0,2025-12-18 10:00:00,0,0,1
TXN-03-04052,STORE-013,Electronics,BrandB,Mobile,UPC-129780513,SKU-ELE-4616,Monitor,2,2,2,911.56,576.45,335.11,496.67,40.89,0,0,2025-12-02 13:00:00,0,1,1
TXN-03-01150,STORE-011,Apparel,BrandG,In-Store,UPC-351702239,SKU-APP-2549,Shoes,6,6,0,774.3,561.24,213.06,169.87,40.82,0,0,2025-12-17 17:00:00,1,0,1
TXN-03-02055,STORE-006,Apparel,BrandG,In-Store,UPC-355517207,SKU-APP-7881,T-Shirt,1,1,4,162.05,106.64,55.41,168.94,6.89,0,0,2025-12-02 22:00:00,1,0,1
TXN-03-05390,STORE-012,Apparel,BrandG,Online,UPC-330927559,SKU-APP-7668,Socks,7,7,1,1919.12,1185.54,733.58,364.79,90.63,0,0,2025-12-28 22:00:00,1,1,1
TXN-03-06054,STORE-016,Apparel,BrandF,In-Store,UPC-932705176,SKU-APP-7048,T-Shirt,8,8,1,1931.28,1349.02,582.26,278.47,37.06,0,0,2025-12-29 00:00:00,0,0,1
TXN-03-03523,STORE-006,Home & Garden,BrandC,Mobile,UPC-685166129,SKU-HOM-2184,Chair,8,8,1,3726.88,2595.75,1131.13,476.5,10.64,0,0,2025-12-03 12:00:00,0,0,1
TXN-03-04437,STORE-016,Home & Garden,BrandD,Online,UPC-475369355,SKU-HOM-4792,Lamp,7,7,4,2503.27,1451.22,1052.05,480.0,122.39,0,0,2025-12-28 18:00:00,1,0,1
TXN-03-03561,STORE-010,Electronics,BrandB,In-Store,UPC-639704818,SKU-ELE-9275,Charger,7,7,1,1278.9,689.36,589.54,218.95,36.25,0,0,2025-12-08 18:00:00,0,0,1
TXN-03-02745,STORE-017,Electronics,BrandG,In-Store,UPC-432446002,SKU-ELE-9634,Charger,8,8,2,572.24,267.35,304.89,96.41,24.88,0,0,2025-12-27 21:00:00,1,0,1
TXN-03-05748,STORE-010,Electronics,BrandA,In-Store,UPC-119514587,SKU-ELE-6477,Charger,6,6,4,2292.06,977.2,1314.86,400.84,18.83,0,0,2025-12-28 11:00:00,1,1,1
TXN-03-05956,STORE-009,Home & Garden,BrandG,In-Store,UPC-896567495,SKU-HOM-5631,Plant Pot,7,7,3,2604.98,1709.5,895.48,443.43,71.29,0,0,2025-12-13 10:00:00,1,0,1
TXN-03-05180,STORE-015,Electronics,BrandH,In-Store,UPC-671675974,SKU-ELE-1251,Monitor,4,4,3,1033.36,449.16,584.2,273.35,15.01,0,0,2025-12-03 02:00:00,1,0,1
TXN-03-03979,STORE-009,Grocery,BrandD,Mobile,UPC-789507104,SKU-GRO-3257,Rice,9,9,0,278.82,173.43,105.39,31.02,0.04,0,0,2025-12-26 08:00:00,1,1,1
TXN-03-00433,STORE-001,Home & Garden,BrandG,In-Store,UPC-945059425,SKU-HOM-6231,Rug,8,8,0,800.24,333.33,466.91,101.65,1.62,0,0,2025-12-17 09:00:00,1,0,1
TXN-03-00968,STORE-001,Grocery,BrandE,Online,UPC-718190044,SKU-GRO-9813,Cereal,2,2,1,615.8,280.1,335.7,345.87,37.97,1,1,2025-12-03 15:00:00,0,0,1
TXN-03-00277,STORE-005,Grocery,BrandH,In-Store,UPC-518319577,SKU-GRO-5264,Snack Bar,4,4,4,434.76,202.87,231.89,152.72,44.03,1,0,2025-12-08 04:00:00,0,0,1
TXN-03-01251,STORE-004,Electronics,BrandB,Online,UPC-919998683,SKU-ELE-3401,Speaker,3,3,1,109.14,55.44,53.7,49.83,13.45,0,0,2025-12-23 00:00:00,0,0,1
TXN-03-01915,STORE-011,Electronics,BrandF,Mobile,UPC-961511202,SKU-ELE-4938,Phone,1,1,1,109.38,49.99,59.39,142.07,32.69,0,0,2025-12-20 06:00:00,0,1,1
TXN-03-03343,STORE-011,Home & Garden,BrandD,In-Store,UPC-398901838,SKU-HOM-9678,Plant Pot,7,7,0,1420.09,638.99,781.1,214.46,11.59,0,0,2025-12-15 19:00:00,1,0,1
TXN-03-00212,STORE-010,Apparel,BrandC,In-Store,UPC-927819396,SKU-APP-1912,Dress,1,1,1,293.17,203.16,90.01,342.56,49.39,0,0,2025-12-25 18:00:00,1,1,1
TXN-03-00382,STORE-018,Home & Garden,BrandB,Mobile,UPC-934141195,SKU-HOM-9763,Tool Set,8,8,3,1490.32,1071.51,418.81,214.81,28.52,1,0,2025-12-10 20:00:00,1,0,1
TXN-03-05277,STORE-009,Sports,BrandC,In-Store,UPC-226184139,SKU-SPO-8054,Yoga Mat,4,4,2,423.16,172.21,250.95,132.98,27.19,0,0,2025-12-19 08:00:00,0,1,1
TXN-03-00825,STORE-002,Sports,BrandE,In-Store,UPC-408998444,SKU-SPO-2141,Cap,4,4,2,1267.12,686.66,580.46,362.98,46.2,0,0,2025-12-09 02:00:00,1,0,1
TXN-03-01987,STORE-008,Apparel,BrandC,In-Store,UPC-429059284,SKU-APP-3311,Jacket,1,1,3,89.96,42.89,47.07,94.62,4.66,0,0,2025-12-28 16:00:00,1,1,1
TXN-03-05059,STORE-003,Home & Garden,BrandF,In-Store,UPC-805566519,SKU-HOM-5902,Rug,7,7,1,2832.76,1613.72,1219.04,488.77,84.09,0,0,2025-12-16 04:00:00,1,1,1
TXN-03-00134,STORE-007,Grocery,BrandD,Online,UPC-425023400,SKU-GRO-3681,Rice,2,2,0,875.32,429.85,445.47,471.41,33.75,0,0,2025-12-03 15:00:00,0,0,1
TXN-03-16443,STORE-018,Home & Garden,BrandC,In-Store,UPC-682702455,SKU-HOM-7794,Rug,9,9,4,297.27,210.18,87.09,43.81,10.78,0,0,2025-12-06 22:00:00,1,1,1
TXN-03-05979,STORE-016,Apparel,BrandA,In-Store,UPC-668382471,SKU-APP-9385,Dress,5,5,2,268.2,148.68,119.52,56.36,2.72,0,0,2025-12-28 07:00:00,1,0,1
TXN-03-02503,STORE-003,Home & Garden,BrandC,Online,UPC-142138048,SKU-HOM-1648,Chair,8,8,2,518.0,214.66,303.34,73.55,8.8,0,0,2025-12-07 15:00:00,1,0,1
TXN-03-00743,STORE-009,Sports,BrandG,In-Store,UPC-998135453,SKU-SPO-4965,Jersey,4,4,2,316.88,191.35,125.53,83.43,4.21,0,0,2025-12-17 12:00:00,1,1,1
TXN-03-06377,STORE-003,Home & Garden,BrandG,Online,UPC-482418256,SKU-HOM-1630,Lamp,6,6,3,1429.2,932.35,496.85,294.03,55.83,0,0,2025-12-09 05:00:00,1,0,1
TXN-03-05097,STORE-014,Sports,BrandA,In-Store,UPC-416981347,SKU-SPO-9650,Cap,2,2,4,417.36,168.66,248.7,243.98,35.3,0,0,2025-12-03 13:00:00,1,1,1
TXN-03-03706,STORE-011,Electronics,BrandC,In-Store,UPC-160384505,SKU-ELE-4802,Phone,2,2,0,418.02,167.34,250.68,292.85,83.84,0,0,2025-12-14 11:00:00,0,0,1
TXN-03-05212,STORE-010,Electronics,BrandD,In-Store,UPC-771700089,SKU-ELE-4132,Monitor,9,9,3,878.04,483.65,394.39,106.8,9.24,0,0,2025-12-10 12:00:00,1,0,1
TXN-03-04743,STORE-011,Home & Garden,BrandC,Online,UPC-458616770,SKU-HOM-9614,Rug,9,9,2,2123.55,1333.03,790.52,317.49,81.54,0,0,2025-12-11 10:00:00,0,1,1
TXN-03-02030,STORE-017,Grocery,BrandE,Online,UPC-126684493,SKU-GRO-6006,Bread,1,1,2,375.05,169.86,205.19,432.23,57.18,0,0,2025-12-22 17:00:00,0,0,1
TXN-03-01020,STORE-019,Home & Garden,BrandA,In-Store,UPC-676058631,SKU-HOM-4913,Cushion,7,7,0,1285.48,721.67,563.81,228.01,44.37,0,0,2025-12-13 21:00:00,1,0,1
TXN-03-00311,STORE-005,Home & Garden,BrandA,Online,UPC-909130956,SKU-HOM-5270,Lamp,2,2,3,161.44,119.03,42.41,97.04,16.32,0,0,2025-12-24 08:00:00,1,1,1
TXN-03-05355,STORE-019,Apparel,BrandF,Online,UPC-433196124,SKU-APP-9019,T-Shirt,3,3,2,1075.68,695.78,379.9,384.78,26.22,0,0,2025-12-03 11:00:00,1,1,1
TXN-03-02167,STORE-003,Grocery,BrandC,Online,UPC-451238998,SKU-GRO-6123,Bread,8,8,2,2185.76,1470.85,714.91,331.96,58.74,0,0,2025-12-20 20:00:00,1,1,1
TXN-03-01748,STORE-010,Grocery,BrandE,Online,UPC-501513477,SKU-GRO-3801,Snack Bar,7,7,0,2539.6,1438.3,1101.3,499.19,136.39,0,0,2025-12-17 19:00:00,1,0,1
TXN-03-05004,STORE-010,Sports,BrandG,Mobile,UPC-744992509,SKU-SPO-8313,Resistance Band,1,1,0,78.36,53.79,24.57,103.29,24.93,0,0,2025-12-20 07:00:00,1,0,1
TXN-03-04050,STORE-016,Apparel,BrandA,In-Store,UPC-193519146,SKU-APP-3065,Socks,5,5,3,187.9,83.04,104.86,52.31,14.73,0,0,2025-12-10 02:00:00,1,0,1
TXN-03-03173,STORE-003,Sports,BrandB,Online,UPC-864888480,SKU-SPO-1912,Jersey,4,4,4,283.88,119.69,164.19,89.47,18.5,0,0,2025-12-05 23:00:00,1,0,1
TXN-03-04001,STORE-016,Electronics,BrandA,In-Store,UPC-776350879,SKU-ELE-9454,Camera,1,1,3,5.43,2.79,2.64,5.48,0.05,0,0,2025-12-15 16:00:00,1,1,1
TXN-03-04473,STORE-003,Apparel,BrandF,In-Store,UPC-233225931,SKU-APP-2161,T-Shirt,6,6,3,1471.68,1021.58,450.1,273.62,28.34,0,0,2025-12-01 04:00:00,0,1,1
TXN-03-05711,STORE-019,Electronics,BrandE,Mobile,UPC-629581687,SKU-ELE-5431,Camera,9,9,0,1377.54,737.4,640.14,199.39,46.33,0,0,2025-12-30 07:00:00,1,1,1
TXN-03-04486,STORE-002,Home & Garden,BrandD,In-Store,UPC-837665549,SKU-HOM-8438,Chair,5,5,0,1655.45,778.89,876.56,335.41,4.32,0,0,2025-12-22 19:00:00,1,1,1
TXN-03-04443,STORE-009,Apparel,BrandH,Mobile,UPC-894680051,SKU-APP-6558,Socks,8,8,2,1052.88,562.48,490.4,142.71,11.1,0,0,2025-12-16 00:00:00,1,1,1
TXN-03-05771,STORE-002,Electronics,BrandG,Mobile,UPC-180762131,SKU-ELE-2252,Charger,8,8,4,2844.64,1242.64,1602.0,356.28,0.7,0,0,2025-12-15 05:00:00,1,0,1
TXN-03-01429,STORE-019,Home & Garden,BrandE,In-Store,UPC-289979123,SKU-HOM-9391,Chair,9,9,3,1263.69,549.89,713.8,159.1,18.69,0,0,2025-12-10 10:00:00,1,0,1
TXN-03-00069,STORE-012,Electronics,BrandB,Online,UPC-711075456,SKU-ELE-5140,Headphones,3,3,4,264.06,196.82,67.24,94.8,6.78,0,0,2025-12-20 17:00:00,0,0,1
TXN-03-03002,STORE-020,Grocery,BrandE,Online,UPC-854125281,SKU-GRO-4259,Snack Bar,3,3,2,301.5,135.01,166.49,130.4,29.9,0,0,2025-12-14 08:00:00,1,0,1
TXN-03-05192,STORE-006,Apparel,BrandD,Mobile,UPC-811335338,SKU-APP-4237,Shoes,1,1,2,161.75,99.1,62.65,165.99,4.24,0,0,2025-12-28 05:00:00,1,0,1
TXN-03-02225,STORE-018,Home & Garden,BrandH,Online,UPC-658227096,SKU-HOM-8683,Chair,4,4,0,1268.24,673.17,595.07,336.44,19.38,0,0,2025-12-01 16:00:00,0,0,1
TXN-03-01169,STORE-014,Home & Garden,BrandD,Mobile,UPC-478933524,SKU-HOM-7177,Hose,3,3,2,953.22,571.28,381.94,331.97,14.23,0,0,2025-12-08 21:00:00,1,0,1
TXN-03-02143,STORE-016,Apparel,BrandC,Mobile,UPC-477813599,SKU-APP-1515,Dress,9,9,3,116.73,54.36,62.37,15.76,2.79,0,0,2025-12-05 21:00:00,1,0,1
TXN-03-04330,STORE-012,Electronics,BrandD,In-Store,UPC-900990966,SKU-ELE-1408,Charger,7,7,0,858.83,349.54,509.29,147.79,25.1,0,0,2025-12-20 01:00:00,0,1,1
TXN-03-06135,STORE-003,Home & Garden,BrandG,In-Store,UPC-137563951,SKU-HOM-8195,Tool Set,6,6,4,565.08,401.86,163.22,122.08,27.9,0,0,2025-12-29 05:00:00,1,1,1
TXN-03-03190,STORE-002,Apparel,BrandG,In-Store,UPC-950960905,SKU-APP-9775,Jacket,6,6,1,2666.7,1961.65,705.05,499.78,55.33,0,0,2025-12-09 10:00:00,0,0,1
TXN-03-05227,STORE-015,Electronics,BrandC,In-Store,UPC-248212178,SKU-ELE-5953,Phone,2,2,2,302.22,142.24,159.98,168.32,17.21,0,0,2025-12-19 15:00:00,0,0,1
TXN-03-00773,STORE-010,Apparel,BrandG,In-Store,UPC-282301219,SKU-APP-3933,Socks,2,2,1,8.34,4.14,4.2,5.3,1.13,0,0,2025-12-01 08:00:00,0,0,1
TXN-03-03349,STORE-011,Electronics,BrandG,In-Store,UPC-157153676,SKU-ELE-7102,Laptop,1,1,1,188.21,125.38,62.83,243.89,55.68,0,0,2025-12-18 09:00:00,1,1,1
TXN-03-02606,STORE-017,Grocery,BrandA,In-Store,UPC-267971428,SKU-GRO-3266,Bread,4,4,1,847.12,566.16,280.96,251.32,39.54,0,0,2025-12-04 07:00:00,1,0,1
TXN-03-03286,STORE-002,Home & Garden,BrandG,Online,UPC-225003310,SKU-HOM-9240,Cushion,9,9,4,2812.86,2085.71,727.15,329.63,17.09,0,0,2025-12-13 02:00:00,0,0,1
TXN-03-01099,STORE-014,Electronics,BrandB,Online,UPC-882747240,SKU-ELE-3409,Charger,5,5,4,486.35,307.53,178.82,124.5,27.23,0,0,2025-12-30 23:00:00,1,0,1
TXN-03-03753,STORE-009,Home & Garden,BrandB,In-Store,UPC-979473705,SKU-HOM-3868,Vase,9,9,2,2629.62,1399.18,1230.44,413.13,120.95,0,0,2025-12-26 13:00:00,0,0,1
TXN-03-04905,STORE-013,Sports,BrandB,In-Store,UPC-507046846,SKU-SPO-8394,Water Bottle,6,6,4,1380.9,971.28,409.62,256.77,26.62,0,0,2025-12-03 12:00:00,1,0,1
TXN-03-05828,STORE-018,Home & Garden,BrandG,Online,UPC-827334642,SKU-HOM-8462,Plant Pot,1,1,0,97.51,51.2,46.31,118.31,20.8,0,0,2025-12-25 21:00:00,1,1,1
TXN-03-00658,STORE-017,Electronics,BrandH,Mobile,UPC-384421681,SKU-ELE-1148,Charger,6,6,3,2255.58,1612.85,642.73,399.82,23.89,0,0,2025-12-04 14:00:00,0,0,1
TXN-03-00263,STORE-004,Grocery,BrandA,Mobile,UPC-177747584,SKU-GRO-2280,Bread,3,3,1,1245.75,846.92,398.83,473.31,58.06,0,0,2025-12-30 09:00:00,1,0,1
TXN-03-03378,STORE-014,Home & Garden,BrandD,Mobile,UPC-141442387,SKU-HOM-7683,Rug,1,1,1,246.59,173.23,73.36,294.4,47.81,0,0,2025-12-21 12:00:00,0,0,1
TXN-03-04215,STORE-005,Home & Garden,BrandC,Online,UPC-340812150,SKU-HOM-8140,Cushion,7,7,3,1139.95,662.42,477.53,169.85,7.0,0,0,2025-12-06 09:00:00,1,0,1
TXN-03-02515,STORE-001,Grocery,BrandA,In-Store,UPC-123468640,SKU-GRO-1888,Snack Bar,3,3,1,603.42,413.07,190.35,234.11,32.97,0,0,2025-12-16 16:00:00,1,1,1
TXN-03-06359,STORE-015,Home & Garden,BrandA,In-Store,UPC-905261784,SKU-HOM-6849,Hose,1,1,3,293.18,117.89,175.29,298.05,4.87,0,0,2025-12-25 02:00:00,1,1,1
TXN-03-01241,STORE-008,Apparel,BrandD,Online,UPC-258226048,SKU-APP-6204,Jacket,3,3,3,982.29,579.16,403.13,395.81,68.38,0,0,2025-12-13 04:00:00,1,0,1
TXN-03-03583,STORE-019,Home & Garden,BrandG,Mobile,UPC-585071069,SKU-HOM-8885,Chair,7,7,2,311.43,148.01,163.42,46.94,2.45,0,0,2025-12-24 12:00:00,0,0,1
TXN-03-06192,STORE-007,Sports,BrandD,Online,UPC-885697138,SKU-SPO-4902,Water Bottle,4,4,0,561.12,249.83,311.29,187.77,47.49,0,0,2025-12-15 10:00:00,1,1,1
TXN-03-00850,STORE-016,Apparel,BrandD,Mobile,UPC-747648421,SKU-APP-9186,Jacket,3,3,4,166.62,103.75,62.87,64.53,8.99,0,0,2025-12-29 15:00:00,1,0,1
TXN-03-05853,STORE-011,Sports,BrandF,Online,UPC-718620610,SKU-SPO-6567,Jersey,8,8,2,1029.68,647.34,382.34,138.3,9.59,0,0,2025-12-26 22:00:00,0,0,1
TXN-03-06140,STORE-012,Apparel,BrandC,Online,UPC-504487661,SKU-APP-9717,Hat,5,5,4,359.4,259.94,99.46,82.15,10.27,0,0,2025-12-09 11:00:00,0,1,1
TXN-03-02878,STORE-008,Grocery,BrandD,Online,UPC-288005720,SKU-GRO-3948,Snack Bar,6,6,4,996.24,592.41,403.83,233.77,67.73,0,0,2025-12-12 22:00:00,1,0,1
TXN-03-00205,STORE-003,Apparel,BrandD,In-Store,UPC-640446740,SKU-APP-8878,Hat,4,4,0,26.56,17.23,9.33,7.57,0.93,0,0,2025-12-08 20:00:00,1,1,1
TXN-03-03864,STORE-001,Electronics,BrandA,In-Store,UPC-334815717,SKU-ELE-4527,Monitor,5,5,1,1936.3,1019.12,917.18,403.73,16.47,1,1,2025-12-23 18:00:00,1,1,1
TXN-03-06133,STORE-017,Apparel,BrandH,In-Store,UPC-598705109,SKU-APP-8509,Jacket,9,9,2,2674.71,1302.36,1372.35,370.37,73.18,0,0,2025-12-01 10:00:00,0,0,1
TXN-03-03826,STORE-008,Grocery,BrandH,Online,UPC-588172046,SKU-GRO-2976,Snack Bar,9,9,4,1336.68,789.68,547.0,181.37,32.85,0,0,2025-12-28 10:00:00,1,1,1
TXN-03-02639,STORE-014,Apparel,BrandG,Mobile,UPC-211459941,SKU-APP-9662,Jeans,1,1,2,20.61,14.22,6.39,23.8,3.19,0,0,2025-12-15 20:00:00,1,1,1
TXN-03-02410,STORE-005,Sports,BrandD,Online,UPC-995616085,SKU-SPO-5124,Jersey,9,9,4,3729.78,2438.41,1291.37,432.22,17.8,0,0,2025-12-10 17:00:00,1,0,1
TXN-03-05487,STORE-015,Grocery,BrandE,Online,UPC-421315140,SKU-GRO-9568,Milk,8,8,2,891.68,636.36,255.32,141.9,30.44,0,0,2025-12-02 21:00:00,1,0,1
TXN-03-02306,STORE-016,Sports,BrandE,Mobile,UPC-385314812,SKU-SPO-9656,Backpack,9,9,0,1660.59,958.8,701.79,205.13,20.62,0,0,2025-12-13 22:00:00,1,0,1
TXN-03-02218,STORE-004,Apparel,BrandA,Online,UPC-559229690,SKU-APP-7222,Jacket,6,6,4,2082.3,1293.99,788.31,413.27,66.22,0,0,2025-12-16 01:00:00,1,1,1
TXN-03-01529,STORE-010,Grocery,BrandA,Online,UPC-506845846,SKU-GRO-7668,Snack Bar,7,7,1,431.55,305.12,126.43,76.86,15.21,0,0,2025-12-24 07:00:00,0,0,1
TXN-03-04792,STORE-012,Grocery,BrandA,In-Store,UPC-961269643,SKU-GRO-4035,Milk,6,6,0,324.18,159.48,164.7,58.83,4.8,0,0,2025-12-06 09:00:00,1,0,1
TXN-03-03311,STORE-002,Grocery,BrandF,Online,UPC-105177216,SKU-GRO-5032,Coffee,3,3,2,76.2,38.99,37.21,31.72,6.32,0,0,2025-12-06 08:00:00,1,0,1
TXN-03-03227,STORE-008,Home & Garden,BrandH,Online,UPC-787706583,SKU-HOM-6109,Rug,9,9,1,1651.14,892.35,758.79,226.29,42.83,0,0,2025-12-30 23:00:00,0,1,1
TXN-03-00993,STORE-004,Home & Garden,BrandH,In-Store,UPC-517952250,SKU-HOM-6348,Tool Set,9,9,2,2126.07,1419.67,706.4,263.35,27.12,0,0,2025-12-30 03:00:00,0,0,1
TXN-03-01990,STORE-005,Home & Garden,BrandB,Online,UPC-268828624,SKU-HOM-4372,Plant Pot,2,2,3,43.72,22.01,21.71,29.58,7.72,0,0,2025-12-10 13:00:00,1,0,1
TXN-03-05340,STORE-018,Home & Garden,BrandE,Online,UPC-538398912,SKU-HOM-5650,Hose,4,4,3,1298.08,787.87,510.21,364.81,40.29,0,0,2025-12-26 02:00:00,0,0,1
TXN-03-03160,STORE-005,Apparel,BrandC,In-Store,UPC-217531429,SKU-APP-5366,Shoes,5,5,2,1122.25,549.34,572.91,282.62,58.17,0,0,2025-12-22 12:00:00,0,1,1
TXN-03-04194,STORE-009,Home & Garden,BrandB,Online,UPC-252031222,SKU-HOM-8405,Cushion,5,5,2,1519.65,781.02,738.63,421.31,117.38,0,0,2025-12-19 00:00:00,1,0,1
TXN-03-03834,STORE-012,Grocery,BrandD,In-Store,UPC-566058050,SKU-GRO-3524,Juice,9,9,1,655.38,341.37,314.01,78.42,5.6,0,0,2025-12-24 12:00:00,1,1,1
TXN-03-01928,STORE-017,Home & Garden,BrandC,Online,UPC-906107852,SKU-HOM-2089,Hose,4,4,3,1018.72,557.03,461.69,291.51,36.83,0,0,2025-12-13 08:00:00,1,1,1
TXN-03-01610,STORE-005,Grocery,BrandG,Online,UPC-711159614,SKU-GRO-1804,Bread,8,8,2,695.04,328.29,366.75,123.24,36.36,0,0,2025-12-13 02:00:00,0,0,1
TXN-03-05948,STORE-003,Home & Garden,BrandB,Online,UPC-249824989,SKU-HOM-3010,Tool Set,8,8,4,1474.48,1017.19,457.29,207.1,22.79,0,0,2025-12-09 06:00:00,1,0,1
TXN-03-04459,STORE-016,Grocery,BrandD,In-Store,UPC-895479028,SKU-GRO-3080,Bread,7,7,4,2695.63,1309.29,1386.34,452.95,67.86,0,0,2025-12-04 20:00:00,1,0,1
TXN-03-04524,STORE-016,Sports,BrandA,In-Store,UPC-351435649,SKU-SPO-3336,Backpack,4,4,4,706.16,434.43,271.73,218.88,42.34,0,0,2025-12-30 07:00:00,0,1,1
TXN-03-06225,STORE-016,Sports,BrandD,In-Store,UPC-443509027,SKU-SPO-5444,Backpack,2,2,4,569.58,320.71,248.87,377.49,92.7,0,0,2025-12-15 23:00:00,1,0,1
TXN-03-01832,STORE-006,Home & Garden,BrandB,In-Store,UPC-817271829,SKU-HOM-4369,Lamp,5,5,2,1658.8,1089.43,569.37,438.06,106.3,0,0,2025-12-28 12:00:00,1,0,1
TXN-03-01447,STORE-001,Sports,BrandH,Online,UPC-745545797,SKU-SPO-5857,Cap,6,6,4,632.94,292.41,340.53,146.93,41.44,0,0,2025-12-26 09:00:00,0,1,1
TXN-03-00842,STORE-002,Sports,BrandF,In-Store,UPC-603685942,SKU-SPO-3765,Resistance Band,4,4,1,615.68,419.87,195.81,209.16,55.24,0,0,2025-12-28 20:00:00,1,1,1
TXN-03-04401,STORE-012,Home & Garden,BrandD,In-Store,UPC-867533188,SKU-HOM-1639,Rug,7,7,3,3057.95,1612.39,1445.56,497.71,60.86,0,0,2025-12-08 15:00:00,1,0,1
TXN-03-01479,STORE-016,Sports,BrandF,Online,UPC-143380700,SKU-SPO-3828,Cap,6,6,1,2578.5,1606.92,971.58,442.74,12.99,0,0,2025-12-22 21:00:00,1,0,1
TXN-03-04640,STORE-001,Sports,BrandA,Online,UPC-223701953,SKU-SPO-5361,Yoga Mat,6,6,4,2240.52,1603.16,637.36,400.73,27.31,0,0,2025-12-06 17:00:00,1,0,1
TXN-03-03641,STORE-007,Apparel,BrandH,In-Store,UPC-260180033,SKU-APP-7695,Hat,5,5,4,422.2,253.85,168.35,106.49,22.05,1,1,2025-12-16 11:00:00,0,0,1
TXN-03-01290,STORE-011,Apparel,BrandE,Online,UPC-973735417,SKU-APP-5266,T-Shirt,2,2,2,391.78,234.11,157.67,279.69,83.8,1,0,2025-12-18 17:00:00,1,0,1
TXN-03-03477,STORE-014,Sports,BrandF,Mobile,UPC-511198450,SKU-SPO-8291,Water Bottle,9,9,0,650.61,453.74,196.87,93.18,20.89,0,0,2025-12-06 09:00:00,1,0,1
TXN-03-02322,STORE-016,Apparel,BrandB,Mobile,UPC-995068226,SKU-APP-7222,Hat,5,5,4,883.75,617.19,266.56,246.71,69.96,0,0,2025-12-09 23:00:00,1,1,1
TXN-03-02476,STORE-015,Electronics,BrandF,In-Store,UPC-496183711,SKU-ELE-4955,Camera,6,6,0,1564.8,1050.43,514.37,334.14,73.34,0,0,2025-12-27 23:00:00,0,0,1
TXN-03-06394,STORE-001,Sports,BrandA,In-Store,UPC-744149100,SKU-SPO-1400,Yoga Mat,6,6,4,1532.82,972.14,560.68,322.33,66.86,0,0,2025-12-16 01:00:00,0,0,1
TXN-03-04203,STORE-012,Sports,BrandC,Mobile,UPC-883979430,SKU-SPO-8660,Resistance Band,5,5,2,579.3,258.82,320.48,158.81,42.95,0,0,2025-12-13 10:00:00,1,0,1
TXN-03-02409,STORE-018,Sports,BrandG,Mobile,UPC-170735416,SKU-SPO-2691,Jersey,7,7,4,1635.48,1179.72,455.76,317.45,83.81,1,0,2025-12-13 14:00:00,1,0,1
TXN-03-02104,STORE-010,Home & Garden,BrandH,In-Store,UPC-400913017,SKU-HOM-8991,Hose,3,3,1,124.86,83.43,41.43,57.41,15.79,0,0,2025-12-06 18:00:00,1,0,1
TXN-03-03760,STORE-019,Grocery,BrandG,In-Store,UPC-730112649,SKU-GRO-2482,Juice,8,8,2,353.44,214.82,138.62,62.5,18.32,0,0,2025-12-28 05:00:00,0,0,1
TXN-03-01718,STORE-007,Electronics,BrandF,In-Store,UPC-369600874,SKU-ELE-5417,Monitor,9,9,2,3035.16,1491.41,1543.75,340.42,3.18,0,0,2025-12-25 07:00:00,1,0,1
TXN-03-04475,STORE-015,Home & Garden,BrandB,In-Store,UPC-959384165,SKU-HOM-2477,Vase,6,6,3,115.5,63.7,51.8,21.86,2.61,0,0,2025-12-03 13:00:00,1,1,1
TXN-03-02062,STORE-016,Electronics,BrandD,Mobile,UPC-717686385,SKU-ELE-7096,Camera,5,5,4,1968.95,929.64,1039.31,429.06,35.27,0,0,2025-12-08 06:00:00,1,1,1
TXN-03-01653,STORE-005,Apparel,BrandC,In-Store,UPC-771795437,SKU-APP-2877,Hat,9,9,1,3421.17,1658.13,1763.04,391.22,11.09,0,0,2025-12-04 10:00:00,1,1,1
TXN-03-03996,STORE-005,Apparel,BrandH,In-Store,UPC-252342618,SKU-APP-7361,Hat,1,1,3,324.78,134.79,189.99,374.73,49.95,0,0,2025-12-06 10:00:00,1,0,1
TXN-03-06086,STORE-007,Electronics,BrandA,In-Store,UPC-882762790,SKU-ELE-4560,Laptop,5,5,3,333.5,176.85,156.65,82.27,15.57,1,0,2025-12-26 14:00:00,1,1,1
TXN-03-06317,STORE-014,Grocery,BrandH,Online,UPC-446059167,SKU-GRO-5489,Snack Bar,4,4,4,286.64,125.61,161.03,96.54,24.88,0,0,2025-12-05 21:00:00,1,0,1
TXN-03-01174,STORE-006,Grocery,BrandC,In-Store,UPC-712531087,SKU-GRO-2210,Juice,3,3,1,308.19,220.6,87.59,120.17,17.44,0,0,2025-12-05 01:00:00,0,1,1
TXN-03-02398,STORE-003,Home & Garden,BrandD,Online,UPC-366864775,SKU-HOM-5544,Cushion,4,4,3,593.48,325.01,268.47,178.31,29.94,0,0,2025-12-21 04:00:00,1,0,1
TXN-03-05799,STORE-016,Electronics,BrandD,Online,UPC-739097180,SKU-ELE-3970,Charger,9,9,3,2724.57,1694.06,1030.51,332.91,30.18,0,0,2025-12-25 11:00:00,0,0,1
TXN-03-02738,STORE-019,Electronics,BrandE,In-Store,UPC-360710865,SKU-ELE-7102,Camera,2,2,3,575.04,382.5,192.54,326.02,38.5,0,0,2025-12-22 19:00:00,1,1,1
TXN-03-05116,STORE-012,Sports,BrandD,Online,UPC-270808523,SKU-SPO-1410,Jersey,2,2,3,598.88,449.12,149.76,320.07,20.63,1,0,2025-12-05 21:00:00,1,0,1
TXN-03-04428,STORE-005,Home & Garden,BrandE,Online,UPC-182142135,SKU-HOM-9532,Chair,2,2,2,416.1,237.19,178.91,238.41,30.36,0,0,2025-12-26 19:00:00,0,1,1
TXN-03-02822,STORE-016,Grocery,BrandH,In-Store,UPC-607888512,SKU-GRO-3318,Rice,4,4,4,1605.28,1087.68,517.6,477.38,76.06,0,0,2025-12-16 23:00:00,0,1,1
TXN-03-05903,STORE-018,Electronics,BrandE,In-Store,UPC-525720116,SKU-ELE-1819,Monitor,1,1,0,83.72,46.35,37.37,116.56,32.84,0,0,2025-12-15 08:00:00,0,0,1
TXN-03-01183,STORE-014,Home & Garden,BrandH,Online,UPC-456235171,SKU-HOM-5926,Cushion,5,5,1,1568.85,843.71,725.14,401.92,88.15,0,0,2025-12-11 12:00:00,1,0,1
TXN-03-02273,STORE-008,Electronics,BrandE,Online,UPC-171046251,SKU-ELE-8513,Speaker,4,4,3,989.72,544.78,444.94,296.16,48.73,0,0,2025-12-20 15:00:00,1,0,1
TXN-03-03419,STORE-008,Electronics,BrandG,Online,UPC-929083974,SKU-ELE-4651,Monitor,7,7,4,1561.84,849.58,712.26,308.73,85.61,0,0,2025-12-08 13:00:00,1,0,1
TXN-03-04410,STORE-009,Sports,BrandB,Online,UPC-177944201,SKU-SPO-5198,Resistance Band,6,6,1,2498.28,1000.04,1498.24,464.8,48.42,0,0,2025-12-25 19:00:00,0,0,1
TXN-03-04173,STORE-018,Sports,BrandC,Online,UPC-627129229,SKU-SPO-3278,Dumbbell,5,5,1,1838.75,1248.68,590.07,453.12,85.37,0,0,2025-12-26 07:00:00,1,0,1
TXN-03-02500,STORE-018,Grocery,BrandG,Online,UPC-774715878,SKU-GRO-5841,Bread,1,1,2,316.77,217.43,99.34,358.04,41.27,0,0,2025-12-01 22:00:00,1,0,1
TXN-03-04976,STORE-011,Sports,BrandC,Online,UPC-503353941,SKU-SPO-6508,Yoga Mat,5,5,4,298.0,176.42,121.58,70.58,10.98,0,0,2025-12-13 03:00:00,1,0,1
TXN-03-04481,STORE-008,Grocery,BrandG,In-Store,UPC-566109812,SKU-GRO-6817,Pasta,5,5,2,1969.55,1190.77,778.78,412.41,18.5,0,0,2025-12-21 19:00:00,1,0,1
TXN-03-01520,STORE-020,Apparel,BrandD,In-Store,UPC-886825903,SKU-APP-1129,T-Shirt,5,5,3,1457.6,594.26,863.34,292.89,1.37,0,0,2025-12-05 00:00:00,0,1,1
TXN-03-00840,STORE-004,Grocery,BrandF,Online,UPC-387560507,SKU-GRO-3349,Milk,2,2,3,361.12,237.12,124.0,188.61,8.05,0,0,2025-12-23 11:00:00,0,0,1
TXN-03-00063,STORE-007,Electronics,BrandD,Mobile,UPC-557099182,SKU-ELE-8489,Charger,6,6,0,402.96,300.62,102.34,89.56,22.4,0,0,2025-12-18 21:00:00,0,1,1
TXN-03-03633,STORE-017,Electronics,BrandC,In-Store,UPC-300120622,SKU-ELE-7938,Monitor,1,1,4,362.34,199.77,162.57,422.06,59.72,0,0,2025-12-12 16:00:00,0,0,1
TXN-03-03799,STORE-009,Electronics,BrandE,Mobile,UPC-339003357,SKU-ELE-9668,Phone,4,4,4,650.2,312.45,337.75,225.84,63.29,0,0,2025-12-02 13:00:00,1,0,1
TXN-03-02300,STORE-017,Home & Garden,BrandD,Online,UPC-136446858,SKU-HOM-9148,Cushion,9,9,3,1071.63,485.87,585.76,135.45,16.38,1,1,2025-12-15 04:00:00,1,0,1
TXN-03-03679,STORE-001,Electronics,BrandF,In-Store,UPC-141825407,SKU-ELE-9315,Tablet,8,8,0,709.44,451.49,257.95,97.1,8.42,0,0,2025-12-12 08:00:00,0,1,1
TXN-03-03658,STORE-013,Electronics,BrandE,In-Store,UPC-719473016,SKU-ELE-4743,Headphones,1,1,2,271.55,168.21,103.34,298.85,27.3,0,0,2025-12-05 18:00:00,0,0,1
TXN-03-01358,STORE-002,Sports,BrandD,In-Store,UPC-772945591,SKU-SPO-6224,Backpack,1,1,0,331.48,165.94,165.54,450.97,119.49,0,0,2025-12-26 20:00:00,1,0,1
TXN-03-03347,STORE-014,Home & Garden,BrandB,In-Store,UPC-892297796,SKU-HOM-1258,Lamp,3,3,3,777.9,468.24,309.66,334.73,75.43,1,0,2025-12-08 00:00:00,1,0,1
TXN-03-05220,STORE-019,Apparel,BrandF,Mobile,UPC-842085866,SKU-APP-3162,Jacket,1,1,4,155.88,77.95,77.93,195.42,39.54,0,0,2025-12-05 11:00:00,1,1,1
TXN-03-00269,STORE-013,Apparel,BrandH,Mobile,UPC-303755724,SKU-APP-4743,Jeans,7,7,1,382.97,216.45,166.52,71.91,17.2,0,0,2025-12-09 01:00:00,1,0,1
TXN-03-01775,STORE-001,Grocery,BrandE,In-Store,UPC-790542088,SKU-GRO-2060,Cereal,1,1,3,93.03,67.56,25.47,104.19,11.16,0,0,2025-12-04 16:00:00,1,0,1
TXN-03-02863,STORE-003,Grocery,BrandB,In-Store,UPC-400789189,SKU-GRO-3214,Snack Bar,9,9,2,2256.84,1432.54,824.3,342.01,91.25,0,0,2025-12-02 21:00:00,1,0,1
TXN-03-00806,STORE-002,Sports,BrandB,Mobile,UPC-352576098,SKU-SPO-2000,Backpack,2,2,2,254.08,113.98,140.1,131.09,4.05,0,0,2025-12-09 19:00:00,1,0,1
TXN-03-01310,STORE-020,Sports,BrandE,In-Store,UPC-788427431,SKU-SPO-4896,Running Shoes,5,5,0,1811.9,948.37,863.53,456.04,93.66,0,0,2025-12-30 06:00:00,1,1,1
TXN-03-02806,STORE-012,Home & Garden,BrandC,Online,UPC-933981119,SKU-HOM-8767,Lamp,7,7,0,2135.42,950.45,1184.97,310.72,5.66,0,0,2025-12-15 15:00:00,1,0,1
TXN-03-01445,STORE-013,Apparel,BrandF,In-Store,UPC-177634943,SKU-APP-7014,T-Shirt,9,9,2,2197.62,1429.6,768.02,280.43,36.25,0,0,2025-12-19 20:00:00,1,0,1
TXN-03-01702,STORE-011,Grocery,BrandE,Online,UPC-282255652,SKU-GRO-5146,Milk,1,1,0,242.8,121.46,121.34,310.02,67.22,0,0,2025-12-07 04:00:00,0,0,1
TXN-03-03568,STORE-018,Sports,BrandF,Online,UPC-562523693,SKU-SPO-4795,Backpack,6,6,3,1818.66,1323.66,495.0,322.48,19.37,0,0,2025-12-07 05:00:00,0,1,1
TXN-03-01004,STORE-010,Electronics,BrandA,Online,UPC-465135779,SKU-ELE-2823,Speaker,3,3,2,892.62,381.68,510.94,402.64,105.1,0,0,2025-12-13 05:00:00,0,0,1
TXN-03-04651,STORE-019,Sports,BrandD,Online,UPC-494901884,SKU-SPO-7157,Dumbbell,5,5,0,1177.6,673.45,504.15,239.7,4.18,0,0,2025-12-30 22:00:00,1,0,1
TXN-03-01740,STORE-019,Grocery,BrandH,Mobile,UPC-967440209,SKU-GRO-5389,Rice,2,2,0,175.36,73.57,101.79,115.16,27.48,0,0,2025-12-10 01:00:00,0,0,1
TXN-03-05066,STORE-011,Apparel,BrandA,Online,UPC-840822874,SKU-APP-3138,T-Shirt,6,6,1,1627.44,724.77,902.67,331.04,59.8,0,0,2025-12-14 02:00:00,1,0,1
TXN-03-02423,STORE-003,Home & Garden,BrandC,In-Store,UPC-465007257,SKU-HOM-9511,Lamp,8,8,4,2457.12,1618.74,838.38,377.5,70.36,0,0,2025-12-30 11:00:00,1,0,1
TXN-03-05854,STORE-019,Grocery,BrandD,In-Store,UPC-747356746,SKU-GRO-3421,Snack Bar,8,8,3,2968.56,1475.7,1492.86,492.12,121.05,0,0,2025-12-18 16:00:00,0,1,1
TXN-03-04271,STORE-018,Grocery,BrandF,In-Store,UPC-677309752,SKU-GRO-6020,Bread,1,1,0,94.05,59.07,34.98,113.24,19.19,0,0,2025-12-28 06:00:00,0,0,1
TXN-03-01727,STORE-002,Sports,BrandA,In-Store,UPC-481940647,SKU-SPO-2111,Resistance Band,7,7,0,611.03,427.44,183.59,96.47,9.18,0,0,2025-12-27 02:00:00,1,0,1
TXN-03-06235,STORE-018,Home & Garden,BrandD,In-Store,UPC-349132829,SKU-HOM-2115,Rug,8,8,0,883.2,578.09,305.11,111.27,0.87,0,0,2025-12-02 04:00:00,1,1,1
TXN-03-00988,STORE-006,Grocery,BrandD,Mobile,UPC-694911209,SKU-GRO-1164,Bread,4,4,4,770.32,465.36,304.96,192.59,0.01,0,0,2025-12-16 19:00:00,1,0,1
TXN-03-00695,STORE-013,Electronics,BrandB,In-Store,UPC-299153705,SKU-ELE-1875,Tablet,1,1,3,73.94,30.76,43.18,78.52,4.58,0,0,2025-12-15 08:00:00,1,0,1
TXN-03-00306,STORE-012,Home & Garden,BrandE,In-Store,UPC-380145430,SKU-HOM-7529,Plant Pot,3,3,0,585.63,256.33,329.3,245.98,50.77,0,0,2025-12-25 17:00:00,1,0,1
TXN-03-06315,STORE-020,Apparel,BrandB,Online,UPC-551364661,SKU-APP-2293,Shoes,3,3,2,523.23,282.6,240.63,229.97,55.56,0,0,2025-12-07 09:00:00,1,1,1
TXN-03-16451,STORE-010,Electronics,BrandC,In-Store,UPC-612935666,SKU-ELE-4176,Monitor,2,2,4,280.98,208.87,72.11,181.82,41.33,0,0,2025-12-29 07:00:00,0,0,1
TXN-03-02820,STORE-001,Sports,BrandG,In-Store,UPC-344396131,SKU-SPO-2163,Cap,7,7,3,710.29,367.64,342.65,124.47,23.0,0,0,2025-12-05 14:00:00,1,1,1
TXN-03-04516,STORE-008,Apparel,BrandE,In-Store,UPC-200022845,SKU-APP-6654,Hat,7,7,0,2267.86,972.16,1295.7,445.81,121.83,0,0,2025-12-13 22:00:00,0,1,1
TXN-03-01551,STORE-012,Grocery,BrandA,In-Store,UPC-349029016,SKU-GRO-1171,Snack Bar,6,6,0,579.3,258.96,320.34,117.06,20.51,0,0,2025-12-16 16:00:00,0,0,1
TXN-03-02454,STORE-002,Grocery,BrandF,Online,UPC-465925993,SKU-GRO-6687,Bread,9,9,3,823.41,351.7,471.71,126.86,35.37,0,0,2025-12-24 19:00:00,1,0,1
TXN-03-03718,STORE-017,Home & Garden,BrandH,Online,UPC-862238843,SKU-HOM-6670,Chair,4,4,1,134.92,65.55,69.37,35.21,1.48,0,0,2025-12-21 20:00:00,1,0,1
TXN-03-00364,STORE-019,Sports,BrandD,Online,UPC-404081346,SKU-SPO-7963,Resistance Band,4,4,3,103.52,71.06,32.46,30.63,4.75,0,0,2025-12-24 21:00:00,1,0,1
TXN-03-05957,STORE-001,Home & Garden,BrandB,Mobile,UPC-732862308,SKU-HOM-5401,Vase,3,3,2,510.03,219.2,290.83,185.05,15.04,1,0,2025-12-06 14:00:00,1,0,1
TXN-03-04393,STORE-009,Grocery,BrandC,In-Store,UPC-191782217,SKU-GRO-3908,Juice,6,6,0,2020.5,1045.59,974.91,454.89,118.14,0,0,2025-12-12 02:00:00,1,1,1
TXN-03-06033,STORE-016,Apparel,BrandA,Online,UPC-980171618,SKU-APP-6186,Jacket,2,2,4,367.2,244.44,122.76,247.66,64.06,0,0,2025-12-08 08:00:00,1,1,1
TXN-03-01602,STORE-014,Grocery,BrandB,In-Store,UPC-600155934,SKU-GRO-6642,Rice,6,6,2,289.5,131.99,157.51,49.32,1.07,0,0,2025-12-26 07:00:00,1,0,1
TXN-03-04165,STORE-018,Apparel,BrandG,In-Store,UPC-920871776,SKU-APP-3033,Dress,2,2,2,329.82,238.51,91.31,226.33,61.42,0,0,2025-12-06 01:00:00,1,1,1
TXN-03-05525,STORE-007,Grocery,BrandE,In-Store,UPC-682394379,SKU-GRO-4819,Pasta,6,6,0,813.3,431.82,381.48,161.96,26.41,0,0,2025-12-24 06:00:00,1,1,1
TXN-03-16400,STORE-003,Sports,BrandH,In-Store,UPC-949128163,SKU-SPO-1531,Dumbbell,6,6,0,864.66,607.37,257.29,181.39,37.28,0,0,2025-12-20 04:00:00,1,0,1
TXN-03-04574,STORE-010,Electronics,BrandA,Mobile,UPC-406778436,SKU-ELE-9390,Speaker,1,1,3,89.44,39.78,49.66,113.25,23.81,0,0,2025-12-29 23:00:00,1,1,1
TXN-03-01909,STORE-011,Apparel,BrandE,In-Store,UPC-723466416,SKU-APP-1471,Jacket,9,9,0,1835.19,914.81,920.38,262.99,59.08,0,0,2025-12-25 08:00:00,1,0,1
TXN-03-00997,STORE-017,Electronics,BrandG,Mobile,UPC-713586939,SKU-ELE-4637,Headphones,7,7,4,933.66,413.71,519.95,164.25,30.87,1,1,2025-12-27 01:00:00,0,1,1
TXN-03-01086,STORE-004,Apparel,BrandC,In-Store,UPC-193737051,SKU-APP-9648,Shoes,7,7,0,630.35,337.25,293.1,118.51,28.46,0,0,2025-12-21 16:00:00,1,0,1
TXN-03-04179,STORE-004,Home & Garden,BrandB,In-Store,UPC-914028562,SKU-HOM-1620,Chair,9,9,2,147.24,109.25,37.99,16.47,0.11,0,0,2025-12-16 23:00:00,0,0,1
TXN-03-06353,STORE-013,Apparel,BrandD,Mobile,UPC-367905604,SKU-APP-3925,T-Shirt,7,7,1,1161.02,607.9,553.12,233.19,67.33,0,0,2025-12-15 08:00:00,1,0,1
TXN-03-04217,STORE-007,Electronics,BrandD,In-Store,UPC-332400181,SKU-ELE-4666,Speaker,8,8,4,626.96,401.12,225.84,98.77,20.4,0,0,2025-12-03 04:00:00,1,0,1
TXN-03-02561,STORE-003,Grocery,BrandC,Online,UPC-614607159,SKU-GRO-4975,Juice,9,9,1,2385.63,1004.77,1380.86,324.41,59.34,0,0,2025-12-04 17:00:00,0,0,1
TXN-03-01856,STORE-005,Electronics,BrandH,In-Store,UPC-698419474,SKU-ELE-2232,Monitor,1,1,4,296.6,170.57,126.03,361.25,64.65,0,0,2025-12-20 11:00:00,0,1,1
TXN-03-05886,STORE-014,Grocery,BrandC,In-Store,UPC-226873658,SKU-GRO-8187,Juice,2,2,2,498.34,273.47,224.87,264.67,15.5,0,0,2025-12-01 15:00:00,1,1,1
TXN-03-01888,STORE-003,Apparel,BrandF,Online,UPC-946398215,SKU-APP-2344,Shoes,9,9,4,2097.99,1408.84,689.15,266.96,33.85,1,1,2025-12-14 06:00:00,1,0,1
TXN-03-01297,STORE-001,Home & Garden,BrandE,In-Store,UPC-492327273,SKU-HOM-5027,Hose,1,1,1,173.91,102.32,71.59,207.34,33.43,0,0,2025-12-14 17:00:00,1,1,1
TXN-03-03991,STORE-005,Grocery,BrandF,Online,UPC-324470121,SKU-GRO-7196,Milk,4,4,3,827.8,570.94,256.86,250.95,44.0,0,0,2025-12-20 12:00:00,1,0,1
TXN-03-02955,STORE-007,Sports,BrandF,Online,UPC-704252970,SKU-SPO-2594,Water Bottle,3,3,0,1197.39,793.49,403.9,475.26,76.13,0,0,2025-12-09 13:00:00,1,0,1
TXN-03-02001,STORE-002,Home & Garden,BrandB,In-Store,UPC-785820716,SKU-HOM-2383,Vase,8,8,3,3669.68,2326.82,1342.86,482.88,24.17,0,0,2025-12-15 22:00:00,1,0,1
TXN-03-06175,STORE-020,Electronics,BrandA,In-Store,UPC-880624349,SKU-ELE-6949,Laptop,8,8,0,3391.52,1993.61,1397.91,484.98,61.04,0,0,2025-12-05 09:00:00,1,1,1
TXN-03-01158,STORE-001,Electronics,BrandH,Online,UPC-279006848,SKU-ELE-6662,Monitor,6,6,1,2514.96,1857.2,657.76,437.8,18.64,0,0,2025-12-18 13:00:00,0,0,1
TXN-03-00848,STORE-008,Electronics,BrandG,Mobile,UPC-758919781,SKU-ELE-8019,Laptop,7,7,3,1802.36,907.63,894.73,362.43,104.95,0,0,2025-12-01 09:00:00,1,0,1
TXN-03-04480,STORE-013,Electronics,BrandA,Online,UPC-930368380,SKU-ELE-7267,Speaker,2,2,2,501.52,364.69,136.83,320.33,69.57,0,0,2025-12-18 14:00:00,1,0,1
TXN-03-05975,STORE-014,Sports,BrandH,Mobile,UPC-368354539,SKU-SPO-6082,Water Bottle,3,3,0,343.32,190.76,152.56,154.24,39.8,0,0,2025-12-14 17:00:00,0,1,1
TXN-03-03486,STORE-015,Grocery,BrandD,In-Store,UPC-398620476,SKU-GRO-8041,Milk,5,5,1,707.5,290.48,417.02,148.89,7.39,0,0,2025-12-30 09:00:00,1,0,1
TXN-03-01489,STORE-006,Home & Garden,BrandC,In-Store,UPC-933299292,SKU-HOM-2463,Hose,2,2,2,758.74,495.45,263.29,415.87,36.5,1,0,2025-12-30 21:00:00,0,1,1
TXN-03-01214,STORE-013,Home & Garden,BrandA,Online,UPC-850671209,SKU-HOM-8602,Lamp,3,3,3,750.33,372.23,378.1,333.34,83.23,1,0,2025-12-06 11:00:00,1,0,1
TXN-03-02081,STORE-005,Electronics,BrandD,Mobile,UPC-740195327,SKU-ELE-8750,Speaker,9,9,4,3545.01,1943.09,1601.92,450.11,56.22,1,0,2025-12-19 06:00:00,0,0,1
TXN-03-03147,STORE-017,Grocery,BrandA,In-Store,UPC-393500892,SKU-GRO-6359,Rice,3,3,4,30.12,15.9,14.22,11.12,1.08,1,0,2025-12-09 17:00:00,1,0,1
TXN-03-05387,STORE-009,Grocery,BrandE,Mobile,UPC-962222896,SKU-GRO-6430,Pasta,6,6,4,679.14,404.98,274.16,122.19,9.0,0,0,2025-12-11 20:00:00,1,1,1
TXN-03-02245,STORE-009,Grocery,BrandE,Online,UPC-336557117,SKU-GRO-8979,Juice,2,2,1,674.48,408.7,265.78,462.14,124.9,1,1,2025-12-22 03:00:00,1,1,1
TXN-03-05830,STORE-007,Electronics,BrandB,Online,UPC-119665908,SKU-ELE-5619,Headphones,8,8,4,2028.08,1235.86,792.22,270.4,16.89,0,0,2025-12-25 16:00:00,1,1,1
TXN-03-00948,STORE-012,Apparel,BrandF,In-Store,UPC-482034685,SKU-APP-1834,Dress,7,7,0,628.46,411.2,217.26,128.0,38.22,0,0,2025-12-25 15:00:00,1,1,1
TXN-03-01077,STORE-011,Electronics,BrandC,Online,UPC-951537609,SKU-ELE-3947,Camera,9,9,4,3678.93,2150.34,1528.59,432.26,23.49,1,0,2025-12-10 15:00:00,1,0,1
TXN-03-02460,STORE-011,Home & Garden,BrandE,Online,UPC-383331583,SKU-HOM-4949,Plant Pot,2,2,4,146.56,101.48,45.08,85.03,11.75,0,0,2025-12-20 05:00:00,0,0,1
TXN-03-01131,STORE-011,Sports,BrandA,Online,UPC-762609887,SKU-SPO-1415,Water Bottle,5,5,3,1365.1,731.78,633.32,293.61,20.59,0,0,2025-12-30 17:00:00,1,0,1
TXN-03-02772,STORE-013,Electronics,BrandD,Online,UPC-328377674,SKU-ELE-7842,Charger,3,3,2,13.23,6.54,6.69,6.26,1.85,0,0,2025-12-03 23:00:00,0,0,1
TXN-03-02643,STORE-003,Electronics,BrandD,Online,UPC-669513722,SKU-ELE-5851,Charger,9,9,0,728.1,333.4,394.7,85.52,4.62,1,0,2025-12-10 04:00:00,0,1,1
TXN-03-05094,STORE-006,Home & Garden,BrandE,Mobile,UPC-889574294,SKU-HOM-9031,Vase,3,3,4,453.6,191.47,262.13,154.11,2.91,0,0,2025-12-29 01:00:00,1,0,1
TXN-03-16432,STORE-004,Electronics,BrandE,Online,UPC-267230855,SKU-ELE-1196,Laptop,5,5,1,947.1,410.32,536.78,258.65,69.23,1,0,2025-12-06 11:00:00,1,0,1
TXN-03-01946,STORE-014,Electronics,BrandF,In-Store,UPC-724501037,SKU-ELE-3143,Laptop,8,8,0,2514.72,1332.36,1182.36,329.14,14.8,0,0,2025-12-28 07:00:00,1,0,1
TXN-03-00513,STORE-013,Sports,BrandD,Online,UPC-599469003,SKU-SPO-1897,Yoga Mat,9,9,3,3350.97,1441.18,1909.79,436.84,64.51,0,0,2025-12-26 17:00:00,1,0,1
TXN-03-02905,STORE-010,Home & Garden,BrandE,In-Store,UPC-370893346,SKU-HOM-9887,Chair,6,6,1,1728.6,981.73,746.87,370.36,82.26,0,0,2025-12-10 14:00:00,1,0,1
TXN-03-06172,STORE-002,Home & Garden,BrandC,Online,UPC-493565922,SKU-HOM-5313,Plant Pot,7,7,2,476.07,212.36,263.71,69.95,1.94,0,0,2025-12-18 04:00:00,0,0,1
TXN-03-02384,STORE-011,Home & Garden,BrandB,In-Store,UPC-469809213,SKU-HOM-6508,Hose,9,9,4,488.52,308.83,179.69,55.61,1.33,0,0,2025-12-18 08:00:00,0,0,1
TXN-03-02127,STORE-005,Home & Garden,BrandF,Mobile,UPC-203149996,SKU-HOM-6705,Tool Set,8,8,1,763.44,340.94,422.5,122.28,26.85,0,0,2025-12-08 17:00:00,0,1,1
TXN-03-00327,STORE-016,Home & Garden,BrandC,In-Store,UPC-515166740,SKU-HOM-2147,Plant Pot,5,5,4,655.05,423.49,231.56,137.43,6.42,0,0,2025-12-28 20:00:00,1,1,1
TXN-03-05388,STORE-013,Grocery,BrandG,In-Store,UPC-845893943,SKU-GRO-8267,Pasta,9,9,1,1452.6,656.43,796.17,204.9,43.5,0,0,2025-12-23 02:00:00,1,0,1
TXN-03-04530,STORE-014,Grocery,BrandH,Online,UPC-965654199,SKU-GRO-3431,Cereal,4,4,4,923.56,682.77,240.79,310.73,79.84,0,0,2025-12-25 18:00:00,0,0,1
TXN-03-03488,STORE-020,Sports,BrandB,In-Store,UPC-154633535,SKU-SPO-7007,Jersey,5,5,2,348.95,259.67,89.28,80.54,10.75,0,0,2025-12-30 06:00:00,0,0,1
TXN-03-05745,STORE-012,Apparel,BrandG,In-Store,UPC-592315999,SKU-APP-1922,Scarf,8,8,4,309.12,140.67,168.45,52.83,14.19,0,0,2025-12-23 03:00:00,0,1,1
TXN-03-05188,STORE-010,Sports,BrandH,In-Store,UPC-211002026,SKU-SPO-3431,Yoga Mat,7,7,3,2652.72,1871.62,781.1,470.51,91.55,0,0,2025-12-03 20:00:00,1,0,1
TXN-03-05334,STORE-006,Home & Garden,BrandC,Online,UPC-381672741,SKU-HOM-4441,Tool Set,1,1,0,360.91,237.43,123.48,434.29,73.38,1,1,2025-12-20 12:00:00,0,0,1
TXN-03-01486,STORE-008,Apparel,BrandB,Mobile,UPC-755661224,SKU-APP-6805,Dress,5,5,2,1720.35,1223.87,496.48,463.68,119.61,0,0,2025-12-13 15:00:00,0,1,1
TXN-03-00837,STORE-020,Electronics,BrandH,In-Store,UPC-180286055,SKU-ELE-8389,Tablet,6,6,4,1753.2,740.33,1012.87,391.36,99.16,0,0,2025-12-03 10:00:00,1,0,1
TXN-03-05007,STORE-012,Electronics,BrandB,In-Store,UPC-926943969,SKU-ELE-2230,Laptop,2,2,3,173.82,94.71,79.11,110.83,23.92,0,0,2025-12-22 21:00:00,1,1,1
TXN-03-06396,STORE-015,Electronics,BrandH,In-Store,UPC-622279982,SKU-ELE-3958,Tablet,7,7,1,2539.39,1258.39,1281.0,480.88,118.11,0,0,2025-12-17 00:00:00,1,1,1
TXN-03-03936,STORE-012,Apparel,BrandC,In-Store,UPC-199697322,SKU-APP-2505,Jacket,9,9,2,1108.89,697.51,411.38,165.79,42.58,0,0,2025-12-15 14:00:00,0,0,1
TXN-03-00139,STORE-009,Electronics,BrandF,In-Store,UPC-283444052,SKU-ELE-5360,Camera,6,6,1,693.36,493.94,199.42,159.03,43.47,1,0,2025-12-23 19:00:00,1,0,1
TXN-03-04638,STORE-006,Home & Garden,BrandC,In-Store,UPC-428427905,SKU-HOM-4391,Chair,6,6,4,2227.98,1163.42,1064.56,470.78,99.45,0,0,2025-12-02 13:00:00,1,0,1
TXN-03-04962,STORE-005,Home & Garden,BrandH,Online,UPC-723562580,SKU-HOM-7100,Lamp,5,5,0,485.15,225.85,259.3,98.9,1.87,0,0,2025-12-06 23:00:00,1,0,1
TXN-03-01353,STORE-016,Electronics,BrandH,Mobile,UPC-907455607,SKU-ELE-7746,Headphones,5,5,3,186.2,75.9,110.3,40.6,3.36,0,0,2025-12-28 06:00:00,1,1,1
TXN-03-06056,STORE-002,Electronics,BrandD,In-Store,UPC-170600151,SKU-ELE-7400,Camera,6,6,0,64.26,38.32,25.94,11.62,0.91,0,0,2025-12-25 12:00:00,1,1,1
TXN-03-06037,STORE-004,Electronics,BrandA,Online,UPC-697044903,SKU-ELE-7264,Laptop,2,2,4,126.96,61.77,65.19,66.62,3.14,0,0,2025-12-12 14:00:00,1,0,1
TXN-03-03517,STORE-001,Sports,BrandG,In-Store,UPC-363728085,SKU-SPO-6462,Running Shoes,4,4,4,702.64,355.92,346.72,222.07,46.41,0,0,2025-12-22 07:00:00,0,1,1
TXN-03-05183,STORE-004,Apparel,BrandB,In-Store,UPC-603512786,SKU-APP-5181,Scarf,4,4,4,415.56,181.48,234.08,122.82,18.93,1,0,2025-12-13 10:00:00,0,0,1
TXN-03-02366,STORE-019,Electronics,BrandC,In-Store,UPC-979361118,SKU-ELE-8018,Charger,5,5,4,89.4,60.26,29.14,20.89,3.01,0,0,2025-12-02 12:00:00,1,1,1
TXN-03-05779,STORE-002,Electronics,BrandA,Mobile,UPC-570957470,SKU-ELE-7646,Charger,9,9,4,1200.33,612.4,587.93,168.6,35.23,0,0,2025-12-16 00:00:00,1,0,1
TXN-03-02531,STORE-012,Electronics,BrandH,In-Store,UPC-701894267,SKU-ELE-4919,Headphones,7,7,2,1961.4,1466.14,495.26,326.14,45.94,0,0,2025-12-18 18:00:00,0,1,1
TXN-03-03301,STORE-009,Electronics,BrandH,Online,UPC-442609128,SKU-ELE-8674,Charger,2,2,3,67.56,42.52,25.04,39.4,5.62,0,0,2025-12-28 21:00:00,1,0,1
TXN-03-04258,STORE-016,Apparel,BrandD,Online,UPC-137783901,SKU-APP-1818,Dress,8,8,0,88.56,55.24,33.32,14.68,3.61,0,0,2025-12-06 13:00:00,1,0,1
TXN-03-01091,STORE-012,Home & Garden,BrandA,In-Store,UPC-912272418,SKU-HOM-5546,Vase,8,8,1,2150.16,1554.42,595.74,335.5,66.73,0,0,2025-12-24 05:00:00,0,0,1
TXN-03-02683,STORE-007,Electronics,BrandB,In-Store,UPC-116107195,SKU-ELE-5540,Camera,1,1,0,414.82,286.33,128.49,421.63,6.81,0,0,2025-12-05 20:00:00,1,0,1
TXN-03-02900,STORE-011,Electronics,BrandG,Mobile,UPC-206777825,SKU-ELE-9624,Speaker,1,1,3,221.15,132.14,89.01,283.3,62.15,0,0,2025-12-10 18:00:00,1,0,1
TXN-03-05564,STORE-015,Home & Garden,BrandE,Online,UPC-547146567,SKU-HOM-8605,Cushion,2,2,1,285.78,184.85,100.93,183.68,40.79,1,0,2025-12-02 15:00:00,1,0,1
TXN-03-02483,STORE-020,Home & Garden,BrandD,In-Store,UPC-580096043,SKU-HOM-9486,Cushion,7,7,1,2180.92,1507.99,672.93,353.65,42.09,0,0,2025-12-16 06:00:00,1,0,1
TXN-03-04812,STORE-020,Electronics,BrandH,In-Store,UPC-740432803,SKU-ELE-9698,Phone,5,5,3,347.85,139.19,208.66,84.45,14.88,0,0,2025-12-16 18:00:00,1,0,1
TXN-03-01065,STORE-013,Apparel,BrandC,Online,UPC-593820070,SKU-APP-1214,Dress,5,5,0,874.85,493.35,381.5,237.65,62.68,0,0,2025-12-15 10:00:00,1,1,1
TXN-03-04507,STORE-018,Electronics,BrandC,In-Store,UPC-361283793,SKU-ELE-6437,Monitor,8,8,3,2081.2,1128.2,953.0,336.32,76.17,0,0,2025-12-12 00:00:00,1,0,1
TXN-03-02487,STORE-012,Apparel,BrandD,Online,UPC-137185646,SKU-APP-3075,Jeans,8,8,4,2302.08,1690.95,611.13,345.33,57.57,0,0,2025-12-19 05:00:00,1,1,1
TXN-03-03793,STORE-003,Sports,BrandB,In-Store,UPC-223671118,SKU-SPO-7651,Water Bottle,6,6,2,2374.14,1375.84,998.3,404.17,8.48,0,0,2025-12-10 06:00:00,0,0,1
TXN-03-05431,STORE-011,Grocery,BrandB,In-Store,UPC-768405191,SKU-GRO-3196,Snack Bar,7,7,1,292.25,185.0,107.25,46.7,4.95,0,0,2025-12-22 15:00:00,0,0,1
TXN-03-02365,STORE-015,Apparel,BrandA,Online,UPC-825323411,SKU-APP-5416,Jacket,3,3,4,321.81,212.67,109.14,146.6,39.33,0,0,2025-12-21 00:00:00,1,0,1
TXN-03-03194,STORE-017,Sports,BrandF,In-Store,UPC-484523050,SKU-SPO-8592,Dumbbell,7,7,4,2603.58,1333.14,1270.44,411.66,39.72,0,0,2025-12-16 07:00:00,1,0,1
TXN-03-05403,STORE-005,Sports,BrandG,In-Store,UPC-870573108,SKU-SPO-1455,Resistance Band,9,9,2,2751.93,1506.27,1245.66,336.01,30.24,0,0,2025-12-29 13:00:00,1,0,1
TXN-03-03189,STORE-004,Electronics,BrandB,In-Store,UPC-939862579,SKU-ELE-4918,Speaker,9,9,3,3186.45,1488.61,1697.84,497.63,143.58,0,0,2025-12-27 11:00:00,1,0,1
TXN-03-05008,STORE-011,Grocery,BrandC,In-Store,UPC-165172837,SKU-GRO-3083,Snack Bar,6,6,3,1125.3,624.17,501.13,246.98,59.43,0,0,2025-12-13 03:00:00,1,0,1
TXN-03-06099,STORE-017,Electronics,BrandA,In-Store,UPC-556218817,SKU-ELE-8420,Speaker,5,5,0,2017.65,1138.69,878.96,475.45,71.92,0,0,2025-12-20 13:00:00,0,1,1
TXN-03-05718,STORE-017,Grocery,BrandF,Mobile,UPC-954167736,SKU-GRO-5165,Pasta,9,9,4,2484.63,1427.42,1057.21,375.41,99.34,1,1,2025-12-23 04:00:00,1,1,1
TXN-03-01437,STORE-004,Home & Garden,BrandC,Online,UPC-470150071,SKU-HOM-1618,Tool Set,6,6,0,295.32,123.65,171.67,51.39,2.17,0,0,2025-12-09 22:00:00,1,0,1
TXN-03-00929,STORE-014,Electronics,BrandB,Online,UPC-282283950,SKU-ELE-7995,Tablet,2,2,0,129.94,59.96,69.98,80.02,15.05,1,0,2025-12-30 18:00:00,0,0,1
TXN-03-05175,STORE-006,Electronics,BrandC,In-Store,UPC-675672975,SKU-ELE-2357,Headphones,2,2,1,711.4,434.06,277.34,477.75,122.05,0,0,2025-12-26 04:00:00,1,0,1
TXN-03-03093,STORE-009,Grocery,BrandB,In-Store,UPC-296900168,SKU-GRO-7364,Bread,8,8,0,2248.96,1495.33,753.63,376.84,95.72,0,0,2025-12-07 05:00:00,1,1,1
TXN-03-00649,STORE-003,Grocery,BrandC,In-Store,UPC-550970336,SKU-GRO-1522,Rice,8,8,2,2730.16,1390.75,1339.41,483.74,142.47,0,0,2025-12-02 18:00:00,0,0,1
TXN-03-00191,STORE-008,Electronics,BrandC,Online,UPC-958615222,SKU-ELE-9171,Phone,7,7,4,2450.91,1146.62,1304.29,472.62,122.49,1,0,2025-12-05 15:00:00,0,0,1
TXN-03-00962,STORE-004,Electronics,BrandF,Online,UPC-308040677,SKU-ELE-8334,Camera,5,5,3,906.75,620.67,286.08,233.01,51.66,0,0,2025-12-28 02:00:00,0,0,1
TXN-03-00970,STORE-020,Electronics,BrandH,In-Store,UPC-893963073,SKU-ELE-9048,Laptop,3,3,0,150.69,103.16,47.53,68.43,18.2,0,0,2025-12-15 11:00:00,1,0,1
TXN-03-05483,STORE-004,Sports,BrandG,Online,UPC-867206223,SKU-SPO-8185,Backpack,7,7,0,1805.93,1000.62,805.31,298.66,40.67,0,0,2025-12-10 06:00:00,1,1,1
TXN-03-01301,STORE-013,Apparel,BrandE,Online,UPC-345693618,SKU-APP-1476,T-Shirt,5,5,4,2006.75,1156.33,850.42,457.47,56.12,0,0,2025-12-04 14:00:00,1,0,1
TXN-03-04218,STORE-010,Electronics,BrandE,In-Store,UPC-841927416,SKU-ELE-9647,Speaker,6,6,2,374.46,269.56,104.9,74.17,11.76,0,0,2025-12-27 11:00:00,1,0,1
TXN-03-05667,STORE-004,Grocery,BrandF,In-Store,UPC-169353408,SKU-GRO-7960,Bread,2,2,4,548.96,266.9,282.06,295.32,20.84,0,0,2025-12-22 09:00:00,1,1,1
TXN-03-01499,STORE-008,Electronics,BrandC,In-Store,UPC-831881789,SKU-ELE-1034,Tablet,6,6,1,390.54,281.6,108.94,75.83,10.74,0,0,2025-12-22 18:00:00,0,0,1
TXN-03-16403,STORE-003,Sports,BrandA,In-Store,UPC-607151226,SKU-SPO-1119,Backpack,7,7,0,1247.19,769.06,478.13,188.16,9.99,0,0,2025-12-28 17:00:00,0,0,1
TXN-03-02694,STORE-010,Home & Garden,BrandH,In-Store,UPC-320042869,SKU-HOM-2057,Rug,5,5,4,1252.25,918.12,334.13,343.48,93.03,0,0,2025-12-25 19:00:00,1,0,1
TXN-03-05191,STORE-003,Home & Garden,BrandE,Online,UPC-488240791,SKU-HOM-7749,Tool Set,9,9,1,3036.06,1571.62,1464.44,343.9,6.56,0,0,2025-12-27 18:00:00,1,0,1
TXN-03-05969,STORE-003,Apparel,BrandG,In-Store,UPC-622712876,SKU-APP-5921,Shoes,5,5,3,585.25,304.72,280.53,160.34,43.29,0,0,2025-12-03 13:00:00,1,0,1
TXN-03-04065,STORE-011,Sports,BrandF,In-Store,UPC-982182865,SKU-SPO-5472,Yoga Mat,4,4,4,1182.12,823.78,358.34,403.32,107.79,0,0,2025-12-17 02:00:00,0,1,1
TXN-03-00519,STORE-014,Grocery,BrandG,Mobile,UPC-762688209,SKU-GRO-4335,Cereal,8,8,0,2528.32,1066.24,1462.08,365.26,49.22,0,0,2025-12-29 17:00:00,0,1,1
TXN-03-02972,STORE-009,Sports,BrandF,In-Store,UPC-192220180,SKU-SPO-1899,Jersey,1,1,3,361.12,261.59,99.53,461.92,100.8,0,0,2025-12-16 08:00:00,0,0,1
TXN-03-05456,STORE-006,Apparel,BrandA,In-Store,UPC-957881165,SKU-APP-9743,Hat,9,9,4,334.17,192.93,141.24,37.67,0.54,0,0,2025-12-17 08:00:00,0,1,1
TXN-03-00967,STORE-017,Apparel,BrandE,In-Store,UPC-616155618,SKU-APP-9343,Jacket,4,4,4,1045.76,541.62,504.14,353.6,92.16,1,1,2025-12-20 17:00:00,1,0,1
TXN-03-03497,STORE-017,Grocery,BrandG,In-Store,UPC-452703190,SKU-GRO-6626,Rice,5,5,4,1669.95,1024.59,645.36,356.68,22.69,0,0,2025-12-10 23:00:00,1,0,1
TXN-03-02969,STORE-002,Home & Garden,BrandG,In-Store,UPC-857532374,SKU-HOM-9185,Lamp,1,1,0,75.72,47.74,27.98,95.91,20.19,0,0,2025-12-11 15:00:00,1,0,1
TXN-03-03007,STORE-004,Home & Garden,BrandG,In-Store,UPC-824414648,SKU-HOM-5088,Vase,6,6,1,534.42,378.54,155.88,96.03,6.96,1,1,2025-12-07 09:00:00,1,0,1
TXN-03-00862,STORE-002,Home & Garden,BrandF,Mobile,UPC-344463946,SKU-HOM-9476,Hose,3,3,3,942.54,645.45,297.09,351.36,37.18,0,0,2025-12-03 06:00:00,1,0,1
TXN-03-05996,STORE-011,Home & Garden,BrandH,In-Store,UPC-687550501,SKU-HOM-1945,Rug,5,5,3,2171.35,1322.79,848.56,437.16,2.89,0,0,2025-12-20 03:00:00,1,0,1
TXN-03-00289,STORE-015,Home & Garden,BrandB,In-Store,UPC-325119849,SKU-HOM-3781,Vase,1,1,1,332.01,193.1,138.91,440.87,108.86,0,0,2025-12-25 17:00:00,1,0,1
TXN-03-02504,STORE-016,Home & Garden,BrandG,Mobile,UPC-919270859,SKU-HOM-2008,Vase,5,5,3,800.7,422.9,377.8,182.87,22.73,0,0,2025-12-23 20:00:00,0,1,1
TXN-03-04027,STORE-018,Home & Garden,BrandF,In-Store,UPC-288617400,SKU-HOM-9073,Vase,6,6,2,1962.84,1128.31,834.53,345.48,18.34,0,0,2025-12-28 04:00:00,1,0,1
TXN-03-01705,STORE-017,Electronics,BrandH,In-Store,UPC-708738180,SKU-ELE-8317,Camera,3,3,3,1299.03,735.5,563.53,442.44,9.43,0,0,2025-12-13 06:00:00,1,0,1
TXN-03-02262,STORE-005,Sports,BrandH,In-Store,UPC-536321307,SKU-SPO-6008,Water Bottle,8,8,1,3173.6,2176.56,997.04,448.82,52.12,0,0,2025-12-02 12:00:00,1,0,1
TXN-03-02523,STORE-014,Grocery,BrandD,In-Store,UPC-737307591,SKU-GRO-4751,Cereal,3,3,3,1037.94,778.19,259.75,459.55,113.57,0,0,2025-12-01 06:00:00,0,0,1
TXN-03-00956,STORE-018,Grocery,BrandC,Online,UPC-820048664,SKU-GRO-3895,Juice,5,5,4,1490.65,636.15,854.5,395.58,97.45,0,0,2025-12-19 16:00:00,0,0,1
TXN-03-02293,STORE-007,Apparel,BrandE,Mobile,UPC-412362609,SKU-APP-3879,Jeans,1,1,0,72.67,51.88,20.79,81.36,8.69,0,0,2025-12-26 02:00:00,1,0,1
TXN-03-05161,STORE-009,Apparel,BrandA,In-Store,UPC-991782184,SKU-APP-5855,Shoes,2,2,2,406.9,191.58,215.32,267.49,64.04,0,0,2025-12-06 21:00:00,1,0,1
TXN-03-01572,STORE-010,Electronics,BrandF,In-Store,UPC-867907768,SKU-ELE-5981,Camera,4,4,1,161.76,73.93,87.83,45.93,5.49,0,0,2025-12-28 20:00:00,1,0,1
TXN-03-04937,STORE-012,Home & Garden,BrandH,In-Store,UPC-200628630,SKU-HOM-6534,Hose,1,1,3,195.16,83.71,111.45,208.03,12.87,0,0,2025-12-26 04:00:00,1,0,1
TXN-03-03934,STORE-014,Grocery,BrandG,Online,UPC-799757489,SKU-GRO-7329,Coffee,2,2,3,14.36,8.62,5.74,7.85,0.67,0,0,2025-12-26 23:00:00,1,1,1
TXN-03-03298,STORE-007,Electronics,BrandF,Mobile,UPC-661371962,SKU-ELE-3777,Laptop,4,4,2,1255.4,714.72,540.68,392.17,78.32,0,0,2025-12-02 11:00:00,1,0,1
TXN-03-00559,STORE-016,Electronics,BrandH,Online,UPC-744847918,SKU-ELE-5802,Camera,3,3,2,406.02,185.28,220.74,182.73,47.39,0,0,2025-12-11 16:00:00,0,1,1
TXN-03-02222,STORE-018,Grocery,BrandF,Online,UPC-607352514,SKU-GRO-9436,Bread,7,7,2,1039.36,516.3,523.06,179.81,31.33,0,0,2025-12-27 23:00:00,1,0,1
TXN-03-04013,STORE-008,Apparel,BrandD,In-Store,UPC-674070332,SKU-APP-3790,Socks,8,8,1,3723.84,1714.99,2008.85,469.59,4.11,0,0,2025-12-15 23:00:00,0,0,1
TXN-03-00355,STORE-014,Grocery,BrandF,Online,UPC-298782787,SKU-GRO-2026,Juice,3,3,1,719.13,498.75,220.38,316.98,77.27,0,0,2025-12-23 08:00:00,1,1,1
TXN-03-03197,STORE-013,Home & Garden,BrandG,In-Store,UPC-454028155,SKU-HOM-3416,Hose,5,5,2,1072.85,727.46,345.39,225.05,10.48,0,0,2025-12-21 02:00:00,1,0,1
TXN-03-01203,STORE-005,Sports,BrandC,Online,UPC-496885686,SKU-SPO-6264,Water Bottle,5,5,0,1246.2,734.97,511.23,283.4,34.16,0,0,2025-12-14 18:00:00,1,0,1
TXN-03-05965,STORE-013,Grocery,BrandA,Online,UPC-207491256,SKU-GRO-7297,Pasta,5,5,0,52.0,24.72,27.28,11.07,0.67,0,0,2025-12-21 18:00:00,0,1,1
TXN-03-01502,STORE-006,Grocery,BrandG,Online,UPC-436547167,SKU-GRO-1190,Coffee,5,5,4,1008.95,718.26,290.69,228.08,26.29,0,0,2025-12-06 21:00:00,1,0,1
TXN-03-02106,STORE-001,Apparel,BrandF,Mobile,UPC-616207592,SKU-APP-2515,Shoes,3,3,3,144.45,74.83,69.62,51.6,3.45,0,0,2025-12-24 06:00:00,1,1,1
TXN-03-05506,STORE-002,Home & Garden,BrandB,Online,UPC-404089219,SKU-HOM-3349,Chair,4,4,2,1410.16,650.34,759.82,478.17,125.63,0,0,2025-12-22 11:00:00,1,1,1
TXN-03-04966,STORE-020,Sports,BrandG,In-Store,UPC-165025611,SKU-SPO-1933,Yoga Mat,3,3,4,597.24,309.46,287.78,245.31,46.23,0,0,2025-12-15 13:00:00,0,0,1
TXN-03-01373,STORE-013,Grocery,BrandC,Mobile,UPC-878117633,SKU-GRO-9928,Snack Bar,8,8,0,2150.24,1207.21,943.03,365.35,96.57,0,0,2025-12-24 05:00:00,1,0,1
TXN-03-02674,STORE-001,Electronics,BrandE,In-Store,UPC-146294668,SKU-ELE-7016,Camera,6,6,0,662.58,285.46,377.12,118.04,7.61,0,0,2025-12-20 23:00:00,0,1,1
TXN-03-00778,STORE-008,Apparel,BrandB,In-Store,UPC-845164219,SKU-APP-4374,Shoes,3,3,3,758.07,463.0,295.07,338.0,85.31,0,0,2025-12-15 23:00:00,1,0,1
TXN-03-00924,STORE-015,Grocery,BrandD,In-Store,UPC-628446036,SKU-GRO-7196,Juice,2,2,0,730.8,504.4,226.4,477.06,111.66,0,0,2025-12-05 16:00:00,0,1,1
TXN-03-05541,STORE-017,Sports,BrandE,In-Store,UPC-237635156,SKU-SPO-8101,Running Shoes,2,2,1,781.76,335.04,446.72,402.49,11.61,0,0,2025-12-10 13:00:00,1,0,1
TXN-03-05624,STORE-015,Electronics,BrandC,In-Store,UPC-497146154,SKU-ELE-3437,Charger,9,9,2,150.57,62.38,88.19,21.01,4.28,0,0,2025-12-29 06:00:00,1,0,1
TXN-03-02110,STORE-013,Grocery,BrandB,Online,UPC-830137902,SKU-GRO-7348,Snack Bar,3,3,0,14.49,8.8,5.69,5.39,0.56,0,0,2025-12-12 13:00:00,0,0,1
TXN-03-05589,STORE-002,Sports,BrandB,In-Store,UPC-776546563,SKU-SPO-6327,Cap,5,5,4,1159.55,766.08,393.47,313.6,81.69,0,0,2025-12-04 02:00:00,0,0,1
TXN-03-01032,STORE-011,Grocery,BrandC,Online,UPC-830168373,SKU-GRO-2802,Cereal,1,1,0,119.92,78.26,41.66,137.32,17.4,0,0,2025-12-12 18:00:00,0,1,1
TXN-03-02298,STORE-004,Grocery,BrandC,Online,UPC-599889174,SKU-GRO-4410,Snack Bar,5,5,0,818.25,496.56,321.69,185.74,22.09,0,0,2025-12-08 15:00:00,1,0,1
TXN-03-16434,STORE-003,Apparel,BrandC,In-Store,UPC-962485576,SKU-APP-6182,Scarf,8,8,4,2645.2,1214.74,1430.46,332.99,2.34,1,0,2025-12-14 08:00:00,1,0,1
TXN-03-05619,STORE-011,Sports,BrandF,In-Store,UPC-217244820,SKU-SPO-5319,Jersey,5,5,1,587.2,365.31,221.89,149.11,31.67,0,0,2025-12-09 03:00:00,0,0,1
TXN-03-05077,STORE-019,Home & Garden,BrandA,Mobile,UPC-561201056,SKU-HOM-5902,Hose,3,3,3,269.61,191.59,78.02,114.58,24.71,0,0,2025-12-01 07:00:00,0,1,1
TXN-03-01776,STORE-009,Grocery,BrandF,In-Store,UPC-509826350,SKU-GRO-7847,Juice,4,4,4,420.76,268.92,151.84,112.02,6.83,0,0,2025-12-24 03:00:00,0,0,1
TXN-03-00112,STORE-014,Electronics,BrandB,Online,UPC-868651634,SKU-ELE-2129,Charger,5,5,4,2139.7,955.99,1183.71,436.87,8.93,0,0,2025-12-07 06:00:00,1,0,1
TXN-03-03758,STORE-013,Grocery,BrandD,Online,UPC-508356633,SKU-GRO-3061,Bread,8,8,1,1823.76,809.03,1014.73,302.89,74.92,0,0,2025-12-27 10:00:00,1,1,1
TXN-03-05811,STORE-020,Electronics,BrandB,In-Store,UPC-788240063,SKU-ELE-2152,Tablet,8,8,3,682.64,309.87,372.77,118.83,33.5,0,0,2025-12-06 19:00:00,0,1,1
TXN-03-04389,STORE-017,Electronics,BrandG,Online,UPC-297641729,SKU-ELE-5730,Headphones,6,6,3,1654.02,782.51,871.51,315.07,39.4,0,0,2025-12-13 10:00:00,0,1,1
TXN-03-05519,STORE-015,Home & Garden,BrandC,Online,UPC-582792669,SKU-HOM-1173,Plant Pot,1,1,2,137.33,56.83,80.5,180.36,43.03,0,0,2025-12-06 21:00:00,0,1,1
TXN-03-00197,STORE-006,Home & Garden,BrandB,Online,UPC-510060205,SKU-HOM-3026,Tool Set,6,6,1,985.62,410.84,574.78,179.43,15.16,0,0,2025-12-17 06:00:00,1,0,1
TXN-03-03492,STORE-011,Sports,BrandH,In-Store,UPC-636068030,SKU-SPO-9124,Running Shoes,8,8,4,631.2,390.16,241.04,87.11,8.21,1,0,2025-12-29 11:00:00,1,1,1
TXN-03-01309,STORE-005,Grocery,BrandA,Online,UPC-801744783,SKU-GRO-9361,Cereal,1,1,3,152.34,96.7,55.64,208.09,55.75,0,0,2025-12-23 21:00:00,0,0,1
TXN-03-00679,STORE-013,Home & Garden,BrandF,Online,UPC-315786414,SKU-HOM-9056,Hose,8,8,1,1957.76,1062.4,895.36,252.73,8.01,0,0,2025-12-09 12:00:00,1,0,1
TXN-03-02087,STORE-004,Electronics,BrandH,In-Store,UPC-813594059,SKU-ELE-7757,Camera,8,8,2,2313.28,1459.2,854.08,405.8,116.64,0,0,2025-12-20 00:00:00,0,0,1
TXN-03-00917,STORE-014,Apparel,BrandE,In-Store,UPC-315395238,SKU-APP-2361,Shoes,3,3,3,1309.5,705.33,604.17,464.98,28.48,0,0,2025-12-10 09:00:00,1,0,1
TXN-03-00110,STORE-017,Apparel,BrandG,In-Store,UPC-949763000,SKU-APP-1379,Socks,2,2,1,184.38,89.38,95.0,121.16,28.97,0,0,2025-12-27 03:00:00,1,0,1
TXN-03-04134,STORE-001,Grocery,BrandF,Mobile,UPC-803386982,SKU-GRO-7818,Coffee,6,6,2,803.28,512.22,291.06,190.11,56.23,0,0,2025-12-11 05:00:00,0,0,1
TXN-03-01939,STORE-018,Sports,BrandH,Online,UPC-691518671,SKU-SPO-7878,Jersey,7,7,1,1714.72,776.35,938.37,328.99,84.03,0,0,2025-12-10 09:00:00,0,1,1
TXN-03-00663,STORE-001,Home & Garden,BrandB,In-Store,UPC-986790389,SKU-HOM-3402,Plant Pot,4,4,0,1803.56,1026.35,777.21,485.76,34.87,0,0,2025-12-30 17:00:00,0,0,1
TXN-03-03487,STORE-014,Apparel,BrandG,In-Store,UPC-333925389,SKU-APP-2911,Shoes,1,1,0,191.84,76.85,114.99,233.53,41.69,0,0,2025-12-09 23:00:00,1,1,1
TXN-03-00907,STORE-004,Electronics,BrandB,Mobile,UPC-643838554,SKU-ELE-4545,Speaker,8,8,3,1526.72,847.35,679.37,233.49,42.65,0,0,2025-12-01 21:00:00,0,1,1
TXN-03-00688,STORE-013,Electronics,BrandH,In-Store,UPC-319909731,SKU-ELE-2091,Charger,9,9,4,1371.42,916.89,454.53,173.86,21.48,1,0,2025-12-27 09:00:00,1,0,1
TXN-03-00867,STORE-014,Electronics,BrandC,In-Store,UPC-880754558,SKU-ELE-4503,Phone,9,9,1,4270.86,2381.67,1889.19,496.75,22.21,1,0,2025-12-01 23:00:00,1,1,1
TXN-03-01696,STORE-008,Grocery,BrandC,Online,UPC-311400214,SKU-GRO-5379,Snack Bar,5,5,2,2079.65,1455.75,623.9,424.13,8.2,0,0,2025-12-15 03:00:00,1,1,1
TXN-03-01967,STORE-019,Sports,BrandF,In-Store,UPC-892035121,SKU-SPO-1993,Yoga Mat,5,5,4,1175.0,645.04,529.96,264.05,29.05,0,0,2025-12-26 19:00:00,1,1,1
TXN-03-01357,STORE-009,Apparel,BrandC,In-Store,UPC-588633602,SKU-APP-8827,Jeans,9,9,0,1168.56,857.7,310.86,182.6,52.76,0,0,2025-12-16 20:00:00,1,0,1
TXN-03-06267,STORE-016,Electronics,BrandB,Online,UPC-649418277,SKU-ELE-3677,Tablet,4,4,0,1070.84,788.0,282.84,352.43,84.72,0,0,2025-12-24 08:00:00,1,0,1
TXN-03-05430,STORE-020,Sports,BrandC,Mobile,UPC-910026378,SKU-SPO-5613,Dumbbell,5,5,1,1188.85,725.06,463.79,241.53,3.76,0,0,2025-12-20 12:00:00,0,0,1
TXN-03-01320,STORE-004,Apparel,BrandC,In-Store,UPC-927520203,SKU-APP-4297,Shoes,5,5,1,1513.05,950.4,562.65,411.95,109.34,0,0,2025-12-07 03:00:00,1,1,1
TXN-03-01842,STORE-009,Grocery,BrandE,Online,UPC-852363758,SKU-GRO-6198,Coffee,5,5,4,1189.9,731.08,458.82,267.7,29.72,0,0,2025-12-03 18:00:00,0,0,1
TXN-03-03208,STORE-008,Sports,BrandA,In-Store,UPC-717115677,SKU-SPO-8927,Water Bottle,5,5,3,1328.2,652.83,675.37,284.8,19.16,0,0,2025-12-19 12:00:00,1,0,1
TXN-03-05159,STORE-006,Home & Garden,BrandB,Online,UPC-704061206,SKU-HOM-7303,Chair,4,4,1,853.32,430.17,423.15,232.28,18.95,0,0,2025-12-25 17:00:00,1,1,1
TXN-03-06304,STORE-019,Apparel,BrandG,In-Store,UPC-286250047,SKU-APP-4505,Jeans,5,5,3,1485.5,1102.49,383.01,304.99,7.89,0,0,2025-12-07 13:00:00,1,0,1
TXN-03-05520,STORE-017,Grocery,BrandG,Online,UPC-170212588,SKU-GRO-6571,Pasta,9,9,4,1259.28,592.75,666.53,154.04,14.12,0,0,2025-12-16 21:00:00,1,0,1
TXN-03-03154,STORE-015,Apparel,BrandG,Online,UPC-476408879,SKU-APP-1839,Hat,7,7,2,2195.13,1002.08,1193.05,360.85,47.26,0,0,2025-12-08 00:00:00,1,1,1
TXN-03-02217,STORE-018,Apparel,BrandB,In-Store,UPC-669589223,SKU-APP-9539,T-Shirt,1,1,4,351.84,185.74,166.1,386.38,34.54,1,1,2025-12-09 19:00:00,0,1,1
TXN-03-02095,STORE-019,Home & Garden,BrandB,Online,UPC-957819205,SKU-HOM-2175,Plant Pot,4,4,3,1504.04,684.46,819.58,394.91,18.9,0,0,2025-12-08 22:00:00,1,1,1
TXN-03-04128,STORE-018,Electronics,BrandA,In-Store,UPC-380715587,SKU-ELE-4814,Laptop,5,5,2,632.55,310.85,321.7,138.43,11.92,0,0,2025-12-06 10:00:00,0,0,1
TXN-03-00187,STORE-006,Grocery,BrandD,Online,UPC-671468500,SKU-GRO-4691,Milk,3,3,4,597.48,414.75,182.73,245.86,46.7,0,0,2025-12-10 06:00:00,1,0,1
TXN-03-02376,STORE-015,Electronics,BrandH,In-Store,UPC-823170723,SKU-ELE-8974,Charger,2,2,4,486.42,356.9,129.52,307.64,64.43,0,0,2025-12-24 10:00:00,0,0,1
TXN-03-03912,STORE-002,Home & Garden,BrandF,Online,UPC-316882017,SKU-HOM-3439,Chair,2,2,0,676.32,461.9,214.42,404.56,66.4,0,0,2025-12-15 01:00:00,0,0,1
TXN-03-03698,STORE-017,Apparel,BrandA,In-Store,UPC-159829884,SKU-APP-9367,Jeans,9,9,0,1514.25,1117.38,396.87,190.61,22.36,1,0,2025-12-21 23:00:00,1,1,1
TXN-03-00216,STORE-006,Grocery,BrandC,Online,UPC-314184207,SKU-GRO-7465,Juice,4,4,1,339.32,185.72,153.6,101.61,16.78,0,0,2025-12-17 00:00:00,1,0,1
TXN-03-04831,STORE-012,Apparel,BrandC,In-Store,UPC-689122424,SKU-APP-2608,Hat,8,8,1,503.76,375.78,127.98,70.67,7.7,1,0,2025-12-01 01:00:00,1,0,1
TXN-03-00333,STORE-008,Apparel,BrandE,In-Store,UPC-634482487,SKU-APP-2130,Scarf,8,8,3,747.76,404.43,343.33,99.65,6.18,0,0,2025-12-04 08:00:00,1,0,1
TXN-03-02180,STORE-012,Electronics,BrandC,In-Store,UPC-414257529,SKU-ELE-7587,Monitor,1,1,0,329.86,247.37,82.49,398.64,68.78,0,0,2025-12-06 14:00:00,0,0,1
TXN-03-05665,STORE-016,Home & Garden,BrandE,Online,UPC-272792526,SKU-HOM-1612,Lamp,3,3,0,62.82,41.05,21.77,21.28,0.34,0,0,2025-12-05 23:00:00,1,0,1
TXN-03-04540,STORE-011,Apparel,BrandF,In-Store,UPC-510243842,SKU-APP-4771,Scarf,7,7,0,1315.37,628.28,687.09,194.24,6.33,0,0,2025-12-13 02:00:00,0,0,1
TXN-03-03466,STORE-020,Electronics,BrandA,In-Store,UPC-414797918,SKU-ELE-3485,Laptop,8,8,4,977.28,676.67,300.61,123.97,1.81,0,0,2025-12-12 17:00:00,0,1,1
TXN-03-05744,STORE-007,Home & Garden,BrandF,In-Store,UPC-316020395,SKU-HOM-5615,Vase,9,9,3,2793.51,1719.85,1073.66,422.59,112.2,0,0,2025-12-30 21:00:00,0,0,1
TXN-03-06361,STORE-006,Home & Garden,BrandC,In-Store,UPC-590063693,SKU-HOM-8682,Hose,8,8,2,1575.84,920.84,655.0,280.79,83.81,0,0,2025-12-11 11:00:00,1,1,1
TXN-03-00622,STORE-002,Home & Garden,BrandD,Online,UPC-444284073,SKU-HOM-9687,Vase,7,7,0,2761.78,1854.82,906.96,427.95,33.41,0,0,2025-12-06 14:00:00,0,0,1
TXN-03-00335,STORE-020,Sports,BrandA,In-Store,UPC-730348562,SKU-SPO-3095,Yoga Mat,6,6,4,1994.34,1492.1,502.24,380.2,47.81,0,0,2025-12-27 04:00:00,0,1,1
TXN-03-05055,STORE-008,Home & Garden,BrandF,Online,UPC-572007014,SKU-HOM-6230,Plant Pot,3,3,2,719.49,487.37,232.12,243.35,3.52,1,0,2025-12-01 19:00:00,0,0,1
TXN-03-04227,STORE-002,Electronics,BrandF,In-Store,UPC-394179904,SKU-ELE-9875,Laptop,7,7,1,2849.63,1396.52,1453.11,440.53,33.44,0,0,2025-12-21 00:00:00,1,0,1
TXN-03-00354,STORE-008,Grocery,BrandE,Mobile,UPC-348095148,SKU-GRO-1612,Milk,9,9,2,272.52,202.19,70.33,32.97,2.69,0,0,2025-12-26 13:00:00,1,0,1
TXN-03-03672,STORE-001,Electronics,BrandH,In-Store,UPC-364231579,SKU-ELE-8438,Phone,2,2,2,608.62,370.59,238.03,335.97,31.66,0,0,2025-12-11 05:00:00,0,0,1
TXN-03-01968,STORE-001,Apparel,BrandE,Mobile,UPC-454004137,SKU-APP-8154,Shoes,6,6,2,1716.96,950.06,766.9,344.5,58.34,0,0,2025-12-27 16:00:00,1,0,1
TXN-03-06107,STORE-019,Grocery,BrandC,In-Store,UPC-710457345,SKU-GRO-8151,Juice,9,9,4,798.57,400.03,398.54,98.84,10.11,0,0,2025-12-22 12:00:00,1,1,1
TXN-03-04245,STORE-019,Apparel,BrandC,Mobile,UPC-764910882,SKU-APP-4538,Scarf,3,3,2,645.06,286.93,358.13,257.31,42.29,0,0,2025-12-27 02:00:00,1,0,1
TXN-03-00600,STORE-012,Electronics,BrandF,In-Store,UPC-113244090,SKU-ELE-1416,Phone,5,5,0,1283.65,657.75,625.9,286.56,29.83,1,1,2025-12-11 10:00:00,0,1,1
TXN-03-04181,STORE-005,Home & Garden,BrandB,Mobile,UPC-788551832,SKU-HOM-2117,Vase,9,9,2,188.28,78.95,109.33,25.72,4.8,1,0,2025-12-07 15:00:00,1,1,1
TXN-03-03438,STORE-015,Grocery,BrandG,In-Store,UPC-629980384,SKU-GRO-5276,Bread,1,1,2,365.28,216.39,148.89,376.5,11.22,0,0,2025-12-04 01:00:00,0,0,1
TXN-03-02439,STORE-015,Home & Garden,BrandG,Mobile,UPC-418836223,SKU-HOM-4859,Lamp,9,9,3,3841.47,2695.2,1146.27,468.6,41.77,0,0,2025-12-26 20:00:00,0,1,1
TXN-03-03724,STORE-003,Grocery,BrandC,In-Store,UPC-192033005,SKU-GRO-4842,Milk,3,3,2,490.17,265.47,224.7,172.01,8.62,0,0,2025-12-06 09:00:00,0,0,1
TXN-03-05604,STORE-006,Apparel,BrandH,Online,UPC-143463475,SKU-APP-1063,T-Shirt,8,8,1,3031.68,1834.16,1197.52,466.92,87.96,0,0,2025-12-01 19:00:00,0,0,1
TXN-03-03503,STORE-005,Grocery,BrandE,Online,UPC-429935289,SKU-GRO-5098,Milk,3,3,3,1046.25,718.07,328.18,369.61,20.86,0,0,2025-12-19 15:00:00,1,0,1
TXN-03-04287,STORE-013,Electronics,BrandD,Mobile,UPC-229533123,SKU-ELE-8358,Headphones,9,9,3,783.81,407.09,376.72,103.64,16.55,0,0,2025-12-20 09:00:00,1,1,1
TXN-03-01053,STORE-002,Electronics,BrandB,Mobile,UPC-832288033,SKU-ELE-4616,Headphones,5,5,2,933.85,433.75,500.1,209.57,22.8,0,0,2025-12-21 14:00:00,0,1,1
TXN-03-03417,STORE-004,Electronics,BrandH,Online,UPC-842636920,SKU-ELE-6288,Headphones,6,6,1,2871.96,1273.65,1598.31,496.5,17.84,0,0,2025-12-06 00:00:00,1,0,1
TXN-03-01908,STORE-003,Apparel,BrandG,Online,UPC-707168228,SKU-APP-9820,Shoes,1,1,3,193.02,93.02,100.0,193.02,0.0,0,0,2025-12-27 19:00:00,1,0,1
TXN-03-02935,STORE-014,Electronics,BrandG,Online,UPC-552415002,SKU-ELE-2956,Phone,3,3,3,898.65,442.56,456.09,348.79,49.24,0,0,2025-12-01 16:00:00,1,1,1
TXN-03-02555,STORE-009,Apparel,BrandC,In-Store,UPC-431551208,SKU-APP-3784,Scarf,4,4,0,171.28,89.81,81.47,43.54,0.72,0,0,2025-12-15 07:00:00,1,0,1
TXN-03-01175,STORE-013,Electronics,BrandE,Online,UPC-239450114,SKU-ELE-7464,Headphones,4,4,1,703.04,411.63,291.41,233.35,57.59,0,0,2025-12-26 07:00:00,0,0,1
TXN-03-05053,STORE-011,Apparel,BrandF,In-Store,UPC-908109202,SKU-APP-1140,Scarf,1,1,2,41.02,23.16,17.86,50.27,9.25,0,0,2025-12-21 17:00:00,1,0,1
TXN-03-03723,STORE-003,Sports,BrandC,In-Store,UPC-973007816,SKU-SPO-3104,Cap,8,8,1,2227.04,1582.44,644.6,397.58,119.2,0,0,2025-12-06 13:00:00,1,0,1
TXN-03-06265,STORE-005,Apparel,BrandE,In-Store,UPC-721595430,SKU-APP-6428,Socks,8,8,4,2045.2,1063.76,981.44,260.12,4.47,0,0,2025-12-23 13:00:00,1,0,1
TXN-03-00631,STORE-018,Home & Garden,BrandD,Online,UPC-354344406,SKU-HOM-9311,Lamp,5,5,3,1598.2,1077.21,520.99,361.76,42.12,0,0,2025-12-08 19:00:00,1,0,1
TXN-03-00091,STORE-002,Grocery,BrandF,In-Store,UPC-158959903,SKU-GRO-8103,Bread,2,2,1,683.0,464.35,218.65,403.53,62.03,0,0,2025-12-08 03:00:00,0,1,1
TXN-03-05931,STORE-017,Electronics,BrandB,In-Store,UPC-536454558,SKU-ELE-3087,Laptop,9,9,3,3833.28,2026.03,1807.25,446.19,20.27,0,0,2025-12-16 14:00:00,1,0,1
TXN-03-04680,STORE-014,Home & Garden,BrandH,In-Store,UPC-578192972,SKU-HOM-1429,Lamp,8,8,4,940.0,611.87,328.13,161.08,43.58,0,0,2025-12-13 01:00:00,0,0,1
TXN-03-00308,STORE-015,Electronics,BrandB,Online,UPC-465650794,SKU-ELE-3108,Speaker,9,9,0,3671.19,1799.8,1871.39,460.27,52.36,0,0,2025-12-27 13:00:00,0,0,1
TXN-03-01048,STORE-020,Grocery,BrandE,Online,UPC-507175612,SKU-GRO-6473,Milk,1,1,4,69.86,39.37,30.49,72.35,2.49,0,0,2025-12-08 13:00:00,0,0,1
TXN-03-04681,STORE-003,Electronics,BrandF,Online,UPC-239403993,SKU-ELE-3665,Camera,7,7,4,2752.05,2063.58,688.47,436.99,43.84,0,0,2025-12-02 12:00:00,0,0,1
TXN-03-03819,STORE-020,Sports,BrandF,Online,UPC-505849885,SKU-SPO-3396,Resistance Band,1,1,1,255.02,113.16,141.86,285.03,30.01,0,0,2025-12-26 21:00:00,1,0,1
TXN-03-03962,STORE-019,Home & Garden,BrandH,In-Store,UPC-835621610,SKU-HOM-5376,Chair,8,8,4,80.56,39.72,40.84,10.59,0.52,0,0,2025-12-05 09:00:00,1,0,1
TXN-03-05259,STORE-014,Sports,BrandE,Online,UPC-321583539,SKU-SPO-9782,Jersey,3,3,1,120.15,50.95,69.2,55.25,15.2,0,0,2025-12-27 11:00:00,1,0,1
TXN-03-00420,STORE-009,Home & Garden,BrandD,Online,UPC-981477877,SKU-HOM-5316,Chair,2,2,0,419.04,175.5,243.54,239.69,30.17,1,0,2025-12-06 23:00:00,1,0,1
TXN-03-04897,STORE-015,Home & Garden,BrandH,In-Store,UPC-400014618,SKU-HOM-7537,Chair,8,8,1,1106.88,507.37,599.51,152.09,13.73,0,0,2025-12-07 22:00:00,1,0,1
TXN-03-05115,STORE-011,Grocery,BrandA,In-Store,UPC-923291028,SKU-GRO-9550,Rice,2,2,2,455.14,259.25,195.89,230.96,3.39,1,1,2025-12-25 02:00:00,1,0,1
TXN-03-04881,STORE-016,Apparel,BrandF,Online,UPC-230841708,SKU-APP-2828,Jeans,1,1,0,69.85,45.49,24.36,79.22,9.37,0,0,2025-12-08 18:00:00,1,0,1
TXN-03-03103,STORE-020,Electronics,BrandE,Online,UPC-475087536,SKU-ELE-4229,Charger,3,3,0,801.69,334.86,466.83,299.87,32.64,0,0,2025-12-09 18:00:00,0,0,1
TXN-03-03171,STORE-016,Electronics,BrandA,Online,UPC-967571471,SKU-ELE-7768,Headphones,5,5,4,703.95,438.7,265.25,196.83,56.04,0,0,2025-12-25 07:00:00,1,1,1
TXN-03-03827,STORE-007,Electronics,BrandE,Online,UPC-347944053,SKU-ELE-7096,Laptop,7,7,4,201.95,124.58,77.37,36.26,7.41,0,0,2025-12-25 07:00:00,1,0,1
TXN-03-05893,STORE-002,Apparel,BrandE,In-Store,UPC-683371518,SKU-APP-2221,Jacket,2,2,0,533.42,330.27,203.15,284.27,17.56,0,0,2025-12-19 15:00:00,1,1,1
TXN-03-00485,STORE-017,Electronics,BrandC,Online,UPC-476603852,SKU-ELE-4393,Charger,8,8,1,604.32,387.88,216.44,102.74,27.2,0,0,2025-12-15 20:00:00,1,0,1
TXN-03-04252,STORE-014,Electronics,BrandC,Online,UPC-936056457,SKU-ELE-9463,Monitor,6,6,3,1624.8,741.46,883.34,294.26,23.46,0,0,2025-12-24 01:00:00,0,0,1
TXN-03-01102,STORE-017,Home & Garden,BrandH,In-Store,UPC-886330387,SKU-HOM-8693,Rug,5,5,3,51.5,29.22,22.28,12.46,2.16,0,0,2025-12-29 01:00:00,1,0,1
TXN-03-05474,STORE-004,Apparel,BrandF,Online,UPC-438607591,SKU-APP-2436,Hat,8,8,2,2979.04,1433.38,1545.66,464.44,92.06,0,0,2025-12-06 15:00:00,1,0,1
TXN-03-02198,STORE-016,Home & Garden,BrandC,In-Store,UPC-459159820,SKU-HOM-1717,Tool Set,8,8,3,417.52,229.69,187.83,57.92,5.73,0,0,2025-12-26 04:00:00,1,1,1
TXN-03-04721,STORE-007,Grocery,BrandA,Mobile,UPC-577469160,SKU-GRO-5093,Bread,2,2,0,527.0,362.11,164.89,326.74,63.24,0,0,2025-12-11 11:00:00,1,0,1
TXN-03-06195,STORE-012,Apparel,BrandE,Online,UPC-654077879,SKU-APP-7745,Scarf,9,9,3,2909.07,1984.87,924.2,350.16,26.93,0,0,2025-12-22 21:00:00,0,0,1
TXN-03-04814,STORE-005,Home & Garden,BrandG,Online,UPC-931548778,SKU-HOM-3592,Lamp,8,8,2,1071.92,635.26,436.66,171.74,37.75,0,0,2025-12-24 23:00:00,1,0,1
TXN-03-00397,STORE-001,Sports,BrandD,In-Store,UPC-999660425,SKU-SPO-3517,Resistance Band,9,9,2,1083.69,713.07,370.62,133.24,12.83,0,0,2025-12-23 04:00:00,1,0,1
TXN-03-05080,STORE-016,Home & Garden,BrandD,Online,UPC-954909441,SKU-HOM-3145,Rug,7,7,4,1636.32,742.85,893.47,269.18,35.42,0,0,2025-12-06 06:00:00,0,0,1
TXN-03-00598,STORE-012,Electronics,BrandA,In-Store,UPC-509732079,SKU-ELE-2203,Charger,8,8,4,2655.68,1231.38,1424.3,465.14,133.18,0,0,2025-12-12 13:00:00,0,0,1
TXN-03-02538,STORE-011,Sports,BrandF,In-Store,UPC-304332721,SKU-SPO-3827,Cap,8,8,2,642.32,393.93,248.39,99.98,19.69,0,0,2025-12-15 02:00:00,1,0,1
TXN-03-00711,STORE-011,Apparel,BrandB,In-Store,UPC-482491999,SKU-APP-4513,Jacket,8,8,0,2755.2,1123.17,1632.03,405.12,60.72,0,0,2025-12-07 15:00:00,0,1,1
TXN-03-04666,STORE-017,Sports,BrandH,In-Store,UPC-104134180,SKU-SPO-1438,Dumbbell,5,5,3,421.4,303.04,118.36,86.7,2.42,0,0,2025-12-06 19:00:00,1,1,1
TXN-03-00753,STORE-011,Sports,BrandG,In-Store,UPC-575421961,SKU-SPO-1923,Water Bottle,8,8,3,2642.88,1492.23,1150.65,367.44,37.08,0,0,2025-12-08 21:00:00,0,1,1
TXN-03-04556,STORE-017,Electronics,BrandF,Online,UPC-264560854,SKU-ELE-1580,Phone,4,4,3,1262.0,717.25,544.75,386.72,71.22,0,0,2025-12-06 02:00:00,1,1,1
TXN-03-00549,STORE-005,Electronics,BrandF,In-Store,UPC-976690342,SKU-ELE-8830,Laptop,7,7,1,2256.66,1021.49,1235.17,409.62,87.24,0,0,2025-12-09 01:00:00,1,1,1
TXN-03-00116,STORE-017,Home & Garden,BrandE,In-Store,UPC-147493546,SKU-HOM-4115,Hose,4,4,4,771.16,395.42,375.74,235.83,43.04,0,0,2025-12-19 22:00:00,0,0,1
TXN-03-00723,STORE-011,Apparel,BrandG,Online,UPC-659603776,SKU-APP-6094,Jeans,9,9,1,728.1,319.02,409.08,110.95,30.05,0,0,2025-12-18 06:00:00,1,0,1
TXN-03-02371,STORE-019,Apparel,BrandE,Online,UPC-549830195,SKU-APP-1028,T-Shirt,4,4,3,866.96,487.73,379.23,287.76,71.02,0,0,2025-12-21 13:00:00,1,0,1
TXN-03-04361,STORE-017,Home & Garden,BrandC,Mobile,UPC-567964296,SKU-HOM-3592,Cushion,1,1,3,14.51,6.08,8.43,20.21,5.7,0,0,2025-12-26 03:00:00,1,0,1
TXN-03-02634,STORE-015,Sports,BrandD,In-Store,UPC-289234575,SKU-SPO-9751,Cap,7,7,3,1664.53,1069.4,595.13,328.22,90.43,0,0,2025-12-28 02:00:00,1,1,1
TXN-03-06166,STORE-019,Electronics,BrandD,Online,UPC-974655602,SKU-ELE-3760,Phone,7,7,3,1661.59,1035.61,625.98,327.09,89.72,1,1,2025-12-21 22:00:00,0,0,1
TXN-03-05251,STORE-017,Apparel,BrandD,Online,UPC-269820889,SKU-APP-6616,Scarf,3,3,3,159.99,105.36,54.63,68.83,15.5,0,0,2025-12-17 02:00:00,1,0,1
TXN-03-02017,STORE-013,Electronics,BrandB,Online,UPC-730940994,SKU-ELE-9217,Laptop,7,7,4,681.17,284.34,396.83,122.28,24.97,0,0,2025-12-14 05:00:00,1,0,1
TXN-03-04166,STORE-004,Grocery,BrandA,Online,UPC-108749236,SKU-GRO-6651,Pasta,4,4,4,168.12,89.8,78.32,51.2,9.17,0,0,2025-12-05 05:00:00,0,0,1
TXN-03-01735,STORE-008,Grocery,BrandH,In-Store,UPC-177973803,SKU-GRO-3380,Coffee,8,8,1,1451.68,663.59,788.09,219.26,37.8,0,0,2025-12-23 16:00:00,1,0,1
TXN-03-05644,STORE-011,Apparel,BrandE,Online,UPC-281454045,SKU-APP-2767,Socks,7,7,3,3069.78,1921.56,1148.22,442.64,4.1,0,0,2025-12-08 07:00:00,1,0,1
TXN-03-04113,STORE-007,Sports,BrandG,In-Store,UPC-262162721,SKU-SPO-3910,Backpack,5,5,0,1309.0,909.44,399.56,365.07,103.27,0,0,2025-12-04 21:00:00,1,0,1
TXN-03-01364,STORE-003,Apparel,BrandG,Online,UPC-921671380,SKU-APP-7331,Jacket,3,3,3,972.09,619.2,352.89,390.17,66.14,0,0,2025-12-08 12:00:00,1,1,1
TXN-03-05197,STORE-008,Electronics,BrandE,Online,UPC-116693352,SKU-ELE-4403,Charger,2,2,4,604.04,305.54,298.5,303.17,1.15,0,0,2025-12-30 02:00:00,1,0,1
TXN-03-02748,STORE-007,Electronics,BrandF,In-Store,UPC-666691242,SKU-ELE-8279,Phone,8,8,4,420.16,213.89,206.27,68.13,15.61,0,0,2025-12-05 04:00:00,0,0,1
TXN-03-01937,STORE-010,Home & Garden,BrandA,Mobile,UPC-230910925,SKU-HOM-6719,Lamp,7,7,1,632.8,368.53,264.27,112.53,22.13,0,0,2025-12-10 17:00:00,1,0,1
TXN-03-00390,STORE-015,Home & Garden,BrandC,Online,UPC-834144468,SKU-HOM-8552,Vase,4,4,1,293.72,148.05,145.67,99.1,25.67,0,0,2025-12-21 19:00:00,1,0,1
TXN-03-04755,STORE-003,Home & Garden,BrandF,Mobile,UPC-878096980,SKU-HOM-3014,Tool Set,6,6,0,1342.32,822.84,519.48,229.04,5.32,0,0,2025-12-04 11:00:00,1,0,1
TXN-03-00577,STORE-018,Sports,BrandH,In-Store,UPC-360669882,SKU-SPO-3524,Yoga Mat,1,1,4,382.38,271.14,111.24,453.58,71.2,0,0,2025-12-23 20:00:00,1,0,1
TXN-03-03476,STORE-003,Home & Garden,BrandF,Online,UPC-431247234,SKU-HOM-8886,Cushion,3,3,1,829.59,396.84,432.75,328.33,51.8,0,0,2025-12-09 06:00:00,1,1,1
TXN-03-05717,STORE-017,Apparel,BrandH,In-Store,UPC-937572237,SKU-APP-5333,Dress,2,2,1,142.76,59.36,83.4,91.21,19.83,0,0,2025-12-20 08:00:00,1,0,1
TXN-03-02753,STORE-003,Sports,BrandH,In-Store,UPC-949128163,SKU-SPO-1531,Dumbbell,6,6,0,864.66,607.37,257.29,181.39,37.28,0,0,2025-12-20 04:00:00,1,0,1
TXN-03-04012,STORE-014,Home & Garden,BrandE,In-Store,UPC-353684734,SKU-HOM-3952,Vase,4,4,0,654.76,453.29,201.47,204.52,40.83,0,0,2025-12-26 14:00:00,0,1,1
TXN-03-05989,STORE-016,Apparel,BrandF,In-Store,UPC-618721751,SKU-APP-2387,Socks,9,9,3,481.32,278.43,202.89,74.91,21.43,0,0,2025-12-12 03:00:00,1,0,1
TXN-03-03121,STORE-004,Sports,BrandE,Online,UPC-717345016,SKU-SPO-8722,Cap,1,1,0,163.47,90.58,72.89,201.77,38.3,1,0,2025-12-15 16:00:00,0,0,1
TXN-03-16433,STORE-018,Electronics,BrandC,Mobile,UPC-537200364,SKU-ELE-9995,Tablet,2,2,2,848.56,550.11,298.45,490.65,66.37,1,0,2025-12-22 17:00:00,1,1,1
TXN-03-03058,STORE-019,Electronics,BrandH,In-Store,UPC-940916781,SKU-ELE-8181,Camera,1,1,0,235.31,137.19,98.12,258.71,23.4,0,0,2025-12-20 22:00:00,1,1,1
TXN-03-06219,STORE-011,Grocery,BrandC,Online,UPC-657775559,SKU-GRO-9324,Rice,4,4,2,54.0,28.52,25.48,14.87,1.37,0,0,2025-12-08 22:00:00,1,0,1
TXN-03-06232,STORE-016,Grocery,BrandF,Mobile,UPC-760436126,SKU-GRO-3190,Milk,1,1,3,418.15,242.17,175.98,471.08,52.93,0,0,2025-12-23 12:00:00,1,0,1
TXN-03-00318,STORE-008,Home & Garden,BrandD,Online,UPC-598899741,SKU-HOM-8804,Chair,7,7,3,1923.81,1344.1,579.71,358.89,84.06,0,0,2025-12-16 17:00:00,1,0,1
TXN-03-03733,STORE-013,Grocery,BrandG,In-Store,UPC-256080576,SKU-GRO-1448,Pasta,1,1,4,363.55,197.93,165.62,454.98,91.43,0,0,2025-12-23 05:00:00,0,1,1
TXN-03-00193,STORE-009,Electronics,BrandC,Mobile,UPC-957932727,SKU-ELE-6652,Phone,6,6,1,1200.24,797.09,403.15,231.04,31.0,0,0,2025-12-12 15:00:00,1,1,1
TXN-03-01692,STORE-019,Sports,BrandA,In-Store,UPC-950960069,SKU-SPO-9925,Backpack,1,1,4,214.84,128.13,86.71,293.64,78.8,0,0,2025-12-16 12:00:00,1,0,1
TXN-03-03855,STORE-019,Sports,BrandB,In-Store,UPC-150374105,SKU-SPO-9547,Cap,3,3,2,46.14,21.6,24.54,18.27,2.89,0,0,2025-12-15 14:00:00,1,0,1
TXN-03-03464,STORE-003,Apparel,BrandE,Mobile,UPC-458264638,SKU-APP-4282,T-Shirt,6,6,2,701.7,419.15,282.55,121.59,4.64,0,0,2025-12-03 16:00:00,1,1,1
TXN-03-00166,STORE-016,Grocery,BrandE,Mobile,UPC-282179465,SKU-GRO-4530,Snack Bar,7,7,1,876.75,371.88,504.87,139.84,14.59,0,0,2025-12-08 09:00:00,0,0,1
TXN-03-05814,STORE-004,Apparel,BrandA,Online,UPC-762970686,SKU-APP-4258,Socks,6,6,0,2214.42,951.41,1263.01,398.1,29.03,0,0,2025-12-23 11:00:00,0,1,1
TXN-03-04114,STORE-011,Electronics,BrandD,In-Store,UPC-253233530,SKU-ELE-5480,Tablet,4,4,4,1010.12,600.35,409.77,308.2,55.67,0,0,2025-12-16 09:00:00,1,0,1
TXN-03-05614,STORE-002,Electronics,BrandF,In-Store,UPC-167452674,SKU-ELE-1930,Headphones,3,3,2,1121.4,776.6,344.8,494.75,120.95,0,0,2025-12-19 19:00:00,0,0,1
TXN-03-03549,STORE-014,Electronics,BrandG,Online,UPC-916016087,SKU-ELE-3388,Monitor,3,3,2,878.07,569.55,308.52,358.73,66.04,0,0,2025-12-07 20:00:00,1,1,1
TXN-03-04928,STORE-007,Electronics,BrandE,Online,UPC-468154435,SKU-ELE-9880,Headphones,3,3,1,523.44,295.75,227.69,200.44,25.96,0,0,2025-12-24 01:00:00,1,0,1
TXN-03-02794,STORE-006,Home & Garden,BrandD,Mobile,UPC-412153922,SKU-HOM-2420,Lamp,5,5,0,1743.75,879.67,864.08,484.59,135.84,0,0,2025-12-29 14:00:00,1,0,1
TXN-03-00680,STORE-012,Sports,BrandF,In-Store,UPC-690693560,SKU-SPO-7393,Yoga Mat,1,1,0,103.75,56.1,47.65,106.51,2.76,0,0,2025-12-01 02:00:00,0,0,1
TXN-03-00764,STORE-015,Electronics,BrandB,In-Store,UPC-372041856,SKU-ELE-1549,Monitor,1,1,1,24.08,13.42,10.66,33.22,9.14,0,0,2025-12-02 00:00:00,0,0,1
TXN-03-01059,STORE-013,Apparel,BrandG,In-Store,UPC-342044716,SKU-APP-2275,Dress,3,3,3,278.94,140.11,138.83,111.39,18.41,0,0,2025-12-22 22:00:00,0,1,1
TXN-03-02375,STORE-018,Apparel,BrandH,In-Store,UPC-266670443,SKU-APP-4918,Hat,5,5,0,1598.15,1197.32,400.83,327.87,8.24,1,1,2025-12-23 14:00:00,1,0,1
TXN-03-04935,STORE-008,Home & Garden,BrandA,Online,UPC-154922555,SKU-HOM-8346,Lamp,5,5,0,1777.1,773.03,1004.07,441.78,86.36,0,0,2025-12-10 05:00:00,1,0,1
TXN-03-02881,STORE-003,Sports,BrandH,Online,UPC-900279706,SKU-SPO-2316,Backpack,6,6,2,1780.92,1282.87,498.05,335.32,38.5,0,0,2025-12-27 00:00:00,1,0,1
TXN-03-05612,STORE-018,Apparel,BrandB,In-Store,UPC-873251622,SKU-APP-6735,Scarf,2,2,1,227.02,129.36,97.66,134.56,21.05,0,0,2025-12-23 23:00:00,0,1,1
TXN-03-01981,STORE-020,Apparel,BrandH,Mobile,UPC-798527656,SKU-APP-5660,Jeans,3,3,3,233.76,110.22,123.54,83.01,5.09,0,0,2025-12-27 04:00:00,0,0,1
TXN-03-16422,STORE-011,Home & Garden,BrandF,Online,UPC-987350539,SKU-HOM-9561,Cushion,2,2,0,304.86,190.56,114.3,170.02,17.59,0,0,2025-12-07 22:00:00,0,1,1
TXN-03-00973,STORE-013,Home & Garden,BrandB,In-Store,UPC-319913901,SKU-HOM-2814,Chair,5,5,3,737.15,436.59,300.56,181.31,33.88,0,0,2025-12-07 01:00:00,1,1,1
TXN-03-04138,STORE-007,Grocery,BrandF,In-Store,UPC-804877473,SKU-GRO-7818,Rice,1,1,4,262.46,176.34,86.12,285.99,23.53,1,0,2025-12-18 05:00:00,0,0,1
TXN-03-05248,STORE-012,Home & Garden,BrandG,Online,UPC-732154080,SKU-HOM-6986,Cushion,5,5,3,380.15,269.1,111.05,84.65,8.62,0,0,2025-12-09 07:00:00,1,0,1
TXN-03-05873,STORE-012,Electronics,BrandG,Online,UPC-379005418,SKU-ELE-4959,Camera,5,5,0,312.45,182.8,129.65,72.16,9.67,0,0,2025-12-01 11:00:00,0,0,1
TXN-03-02943,STORE-002,Apparel,BrandC,In-Store,UPC-353875175,SKU-APP-4793,Dress,9,9,4,2360.52,1208.88,1151.64,344.11,81.83,0,0,2025-12-20 13:00:00,1,1,1
TXN-03-01322,STORE-017,Sports,BrandF,Mobile,UPC-781668313,SKU-SPO-7622,Water Bottle,1,1,2,99.45,43.97,55.48,128.74,29.29,0,0,2025-12-14 01:00:00,1,1,1
TXN-03-02710,STORE-014,Grocery,BrandA,In-Store,UPC-297409271,SKU-GRO-3236,Juice,4,4,3,1082.88,807.61,275.27,343.31,72.59,0,0,2025-12-14 20:00:00,0,0,1
TXN-03-02323,STORE-019,Home & Garden,BrandA,Mobile,UPC-842996967,SKU-HOM-5545,Lamp,2,2,2,325.78,242.33,83.45,227.7,64.81,0,0,2025-12-13 08:00:00,1,0,1
TXN-03-06310,STORE-004,Electronics,BrandF,In-Store,UPC-250295045,SKU-ELE-7159,Laptop,8,8,2,2288.72,1066.73,1221.99,404.9,118.81,0,0,2025-12-02 11:00:00,1,0,1
TXN-03-02778,STORE-017,Grocery,BrandD,In-Store,UPC-712803639,SKU-GRO-9709,Coffee,1,1,2,239.28,168.1,71.18,249.03,9.75,0,0,2025-12-22 13:00:00,1,0,1
TXN-03-03588,STORE-020,Electronics,BrandA,Online,UPC-597563778,SKU-ELE-7649,Tablet,1,1,4,220.65,156.67,63.98,227.74,7.09,0,0,2025-12-01 11:00:00,1,0,1
TXN-03-06300,STORE-013,Grocery,BrandB,Online,UPC-733696525,SKU-GRO-3909,Rice,7,7,3,2201.78,1049.62,1152.16,386.42,71.88,0,0,2025-12-04 10:00:00,1,1,1
TXN-03-00133,STORE-014,Home & Garden,BrandE,Online,UPC-938232854,SKU-HOM-8831,Hose,9,9,1,2951.46,1237.73,1713.73,357.63,29.69,0,0,2025-12-24 10:00:00,1,1,1
TXN-03-02933,STORE-019,Apparel,BrandA,In-Store,UPC-540573295,SKU-APP-7007,Scarf,5,5,3,96.55,71.09,25.46,22.87,3.56,0,0,2025-12-03 12:00:00,0,0,1
TXN-03-01003,STORE-005,Grocery,BrandE,In-Store,UPC-433173533,SKU-GRO-6949,Bread,6,6,4,1388.64,906.71,481.93,233.52,2.08,0,0,2025-12-19 04:00:00,1,0,1
TXN-03-01141,STORE-020,Electronics,BrandD,Online,UPC-584902440,SKU-ELE-4604,Monitor,8,8,2,2519.92,1615.13,904.79,341.57,26.58,0,0,2025-12-20 17:00:00,0,1,1
TXN-03-03664,STORE-014,Electronics,BrandC,Online,UPC-972139500,SKU-ELE-4581,Laptop,1,1,0,43.91,18.47,25.44,53.99,10.08,0,0,2025-12-20 15:00:00,1,1,1
TXN-03-01884,STORE-011,Home & Garden,BrandD,In-Store,UPC-880332262,SKU-HOM-7487,Plant Pot,5,5,4,2023.9,1265.5,758.4,411.85,7.07,1,0,2025-12-03 08:00:00,1,0,1
TXN-03-01734,STORE-014,Home & Garden,BrandE,In-Store,UPC-226021082,SKU-HOM-3576,Lamp,6,6,3,2114.76,1327.85,786.91,438.45,85.99,1,0,2025-12-14 13:00:00,0,0,1
TXN-03-01571,STORE-019,Apparel,BrandH,In-Store,UPC-109453687,SKU-APP-9821,Socks,8,8,0,3076.56,1439.8,1636.76,491.44,106.87,0,0,2025-12-12 02:00:00,0,1,1
TXN-03-03595,STORE-018,Apparel,BrandE,In-Store,UPC-983663647,SKU-APP-1509,Jacket,1,1,3,47.97,28.02,19.95,64.62,16.65,0,0,2025-12-24 08:00:00,1,0,1
TXN-03-05163,STORE-005,Electronics,BrandA,In-Store,UPC-802603305,SKU-ELE-4344,Speaker,1,1,1,410.59,259.72,150.87,476.95,66.36,0,0,2025-12-12 04:00:00,1,0,1
TXN-03-03805,STORE-001,Home & Garden,BrandC,Online,UPC-902932658,SKU-HOM-2779,Plant Pot,8,8,2,1720.24,1074.48,645.76,283.05,68.02,0,0,2025-12-26 19:00:00,1,0,1
TXN-03-00400,STORE-001,Home & Garden,BrandD,Online,UPC-653163672,SKU-HOM-5185,Lamp,5,5,1,1474.05,1057.53,416.52,342.67,47.86,0,0,2025-12-28 12:00:00,1,0,1
TXN-03-04161,STORE-015,Electronics,BrandB,In-Store,UPC-663190870,SKU-ELE-2792,Monitor,2,2,0,451.68,306.32,145.36,249.19,23.35,1,0,2025-12-09 21:00:00,1,0,1
TXN-03-02871,STORE-012,Electronics,BrandF,Online,UPC-581913057,SKU-ELE-4606,Laptop,4,4,1,827.44,356.19,471.25,254.41,47.55,0,0,2025-12-14 02:00:00,0,1,1
TXN-03-00404,STORE-011,Apparel,BrandA,Online,UPC-751935105,SKU-APP-9517,Hat,2,2,1,293.26,133.29,159.97,199.4,52.77,0,0,2025-12-07 21:00:00,1,0,1
TXN-03-05045,STORE-007,Electronics,BrandH,In-Store,UPC-922117237,SKU-ELE-1233,Headphones,6,6,0,2003.58,855.23,1148.35,407.8,73.87,0,0,2025-12-02 07:00:00,0,0,1
TXN-03-02303,STORE-006,Grocery,BrandE,Mobile,UPC-312589187,SKU-GRO-1184,Juice,5,5,2,1000.55,648.19,352.36,239.48,39.37,0,0,2025-12-22 03:00:00,1,0,1
TXN-03-01780,STORE-002,Apparel,BrandG,In-Store,UPC-975904240,SKU-APP-5617,T-Shirt,5,5,4,485.85,359.76,126.09,118.19,21.02,0,0,2025-12-08 09:00:00,0,1,1
TXN-03-02604,STORE-015,Home & Garden,BrandD,Online,UPC-489434910,SKU-HOM-2125,Lamp,8,8,3,728.4,531.99,196.41,125.63,34.58,0,0,2025-12-12 21:00:00,1,1,1
TXN-03-01624,STORE-009,Apparel,BrandC,Mobile,UPC-184368980,SKU-APP-4198,Scarf,1,1,1,7.63,4.15,3.48,9.36,1.73,0,0,2025-12-18 01:00:00,0,0,1
TXN-03-03750,STORE-020,Sports,BrandB,In-Store,UPC-855431576,SKU-SPO-3435,Dumbbell,8,8,2,1784.56,831.51,953.05,227.75,4.68,0,0,2025-12-21 03:00:00,0,1,1
TXN-03-02946,STORE-007,Electronics,BrandF,In-Store,UPC-608488776,SKU-ELE-2875,Charger,9,9,3,2527.47,1444.45,1083.02,293.8,12.97,0,0,2025-12-29 04:00:00,1,1,1
TXN-03-01772,STORE-017,Home & Garden,BrandH,Online,UPC-930332840,SKU-HOM-4463,Lamp,8,8,4,1006.8,411.17,595.63,137.09,11.24,0,0,2025-12-26 04:00:00,1,0,1
TXN-03-02037,STORE-006,Electronics,BrandH,In-Store,UPC-748933131,SKU-ELE-9068,Phone,7,7,1,73.78,50.49,23.29,13.12,2.58,0,0,2025-12-10 20:00:00,1,0,1
TXN-03-03690,STORE-012,Apparel,BrandF,In-Store,UPC-960994527,SKU-APP-5048,Hat,8,8,2,173.04,112.85,60.19,25.79,4.16,0,0,2025-12-20 07:00:00,0,0,1
TXN-03-01940,STORE-002,Sports,BrandD,In-Store,UPC-589367458,SKU-SPO-9253,Dumbbell,8,8,1,568.48,389.26,179.22,89.96,18.9,0,0,2025-12-24 21:00:00,1,1,1
TXN-03-05338,STORE-001,Home & Garden,BrandC,Online,UPC-876515404,SKU-HOM-5845,Rug,6,6,4,311.94,130.98,180.96,53.05,1.06,0,0,2025-12-27 14:00:00,0,0,1
TXN-03-04652,STORE-003,Grocery,BrandF,Mobile,UPC-926015717,SKU-GRO-8331,Coffee,5,5,0,118.6,52.36,66.24,32.44,8.72,0,0,2025-12-29 06:00:00,0,0,1
TXN-03-03563,STORE-001,Electronics,BrandD,Mobile,UPC-730524320,SKU-ELE-9957,Charger,9,9,0,1980.63,1058.91,921.72,275.02,54.95,0,0,2025-12-26 10:00:00,1,0,1
TXN-03-00643,STORE-019,Grocery,BrandA,Online,UPC-188858068,SKU-GRO-3492,Snack Bar,8,8,2,297.68,211.38,86.3,41.12,3.91,0,0,2025-12-03 12:00:00,1,1,1
TXN-03-03816,STORE-019,Electronics,BrandC,In-Store,UPC-882803312,SKU-ELE-2752,Tablet,3,3,4,1134.96,458.32,676.64,386.9,8.58,0,0,2025-12-16 19:00:00,1,0,1
TXN-03-05974,STORE-019,Apparel,BrandC,Online,UPC-209530263,SKU-APP-3381,Hat,2,2,1,95.74,49.95,45.79,58.71,10.84,0,0,2025-12-19 12:00:00,1,0,1
TXN-03-04887,STORE-005,Sports,BrandB,In-Store,UPC-910802464,SKU-SPO-7669,Jersey,5,5,2,1349.6,958.9,390.7,354.74,84.82,0,0,2025-12-10 15:00:00,1,0,1
TXN-03-04193,STORE-009,Apparel,BrandH,Mobile,UPC-306585786,SKU-APP-7495,Socks,2,2,0,321.68,207.43,114.25,179.02,18.18,0,0,2025-12-16 10:00:00,1,0,1
TXN-03-01622,STORE-019,Home & Garden,BrandH,Online,UPC-398345830,SKU-HOM-2671,Tool Set,6,6,0,2779.38,1569.4,1209.98,494.43,31.2,0,0,2025-12-11 07:00:00,1,0,1
TXN-03-03252,STORE-001,Grocery,BrandD,In-Store,UPC-966959229,SKU-GRO-1965,Rice,4,4,1,971.8,441.69,530.11,320.91,77.96,0,0,2025-12-20 06:00:00,1,1,1
TXN-03-03566,STORE-011,Sports,BrandG,Online,UPC-924619799,SKU-SPO-7917,Cap,9,9,1,1861.11,932.51,928.6,258.48,51.69,0,0,2025-12-15 21:00:00,1,0,1
TXN-03-03067,STORE-002,Apparel,BrandB,In-Store,UPC-376327885,SKU-APP-9915,Scarf,4,4,4,1875.24,1365.91,509.33,496.77,27.96,0,0,2025-12-05 07:00:00,1,0,1
TXN-03-05919,STORE-006,Apparel,BrandD,In-Store,UPC-570263077,SKU-APP-5777,Hat,6,6,4,2076.12,1048.72,1027.4,472.92,126.9,0,0,2025-12-07 10:00:00,1,0,1
TXN-03-03995,STORE-020,Electronics,BrandG,In-Store,UPC-558608356,SKU-ELE-7152,Speaker,1,1,0,144.79,61.66,83.13,179.86,35.07,0,0,2025-12-09 12:00:00,1,0,1
TXN-03-04582,STORE-009,Electronics,BrandF,Mobile,UPC-211130443,SKU-ELE-5217,Monitor,8,8,1,388.4,155.72,232.68,52.05,3.5,0,0,2025-12-16 16:00:00,1,0,1
TXN-03-01428,STORE-001,Grocery,BrandD,Online,UPC-539354061,SKU-GRO-5867,Milk,2,2,3,413.6,275.94,137.66,222.5,15.7,0,0,2025-12-06 07:00:00,1,0,1
TXN-03-06215,STORE-016,Sports,BrandF,In-Store,UPC-205008650,SKU-SPO-1739,Yoga Mat,6,6,4,322.14,146.62,175.52,72.1,18.41,0,0,2025-12-07 14:00:00,0,0,1
TXN-03-02008,STORE-016,Electronics,BrandD,In-Store,UPC-986469055,SKU-ELE-8601,Headphones,9,9,0,1403.82,607.06,796.76,163.4,7.42,0,0,2025-12-21 20:00:00,0,1,1
TXN-03-04097,STORE-012,Sports,BrandB,In-Store,UPC-928371369,SKU-SPO-8384,Jersey,8,8,4,2793.04,1808.22,984.82,385.98,36.85,0,0,2025-12-12 01:00:00,1,0,1
TXN-03-02989,STORE-003,Grocery,BrandE,Online,UPC-299680839,SKU-GRO-2615,Bread,8,8,4,2897.52,1410.26,1487.26,477.25,115.06,0,0,2025-12-21 08:00:00,1,1,1
TXN-03-05356,STORE-013,Home & Garden,BrandD,In-Store,UPC-113362551,SKU-HOM-2933,Rug,3,3,2,1283.52,514.08,769.44,456.9,29.06,0,0,2025-12-06 23:00:00,0,1,1
TXN-03-02524,STORE-002,Apparel,BrandC,In-Store,UPC-613920744,SKU-APP-2053,Jacket,7,7,2,964.95,401.96,562.99,144.35,6.5,0,0,2025-12-14 10:00:00,1,0,1
TXN-03-04498,STORE-008,Electronics,BrandD,In-Store,UPC-694420499,SKU-ELE-3587,Tablet,9,9,1,213.3,87.05,126.25,27.94,4.24,0,0,2025-12-16 03:00:00,1,1,1
TXN-03-02646,STORE-013,Sports,BrandF,Mobile,UPC-708721178,SKU-SPO-7650,Yoga Mat,6,6,0,257.16,183.92,73.24,52.66,9.8,0,0,2025-12-21 12:00:00,0,0,1
TXN-03-00548,STORE-006,Apparel,BrandB,In-Store,UPC-339870351,SKU-APP-4379,Scarf,7,7,2,1151.36,805.66,345.7,223.04,58.56,0,0,2025-12-01 14:00:00,0,0,1
TXN-03-05521,STORE-008,Home & Garden,BrandG,Mobile,UPC-317660590,SKU-HOM-5101,Cushion,1,1,1,18.5,11.86,6.64,18.62,0.12,0,0,2025-12-26 03:00:00,0,0,1
TXN-03-02533,STORE-006,Electronics,BrandF,In-Store,UPC-723000370,SKU-ELE-5704,Charger,7,7,2,1005.69,652.9,352.79,146.93,3.26,0,0,2025-12-08 01:00:00,1,0,1
TXN-03-05344,STORE-003,Apparel,BrandH,Mobile,UPC-592818685,SKU-APP-1662,Hat,1,1,1,299.46,196.87,102.59,415.03,115.57,0,0,2025-12-03 15:00:00,1,0,1
TXN-03-05916,STORE-003,Home & Garden,BrandF,Online,UPC-558407002,SKU-HOM-7419,Tool Set,7,7,1,1593.83,646.07,947.76,302.21,74.52,1,0,2025-12-20 15:00:00,1,1,1
TXN-03-03294,STORE-013,Grocery,BrandC,In-Store,UPC-782212123,SKU-GRO-2458,Bread,2,2,1,460.5,266.01,194.49,295.24,64.99,0,0,2025-12-12 17:00:00,0,1,1
TXN-03-01307,STORE-012,Home & Garden,BrandB,In-Store,UPC-868133536,SKU-HOM-9156,Hose,2,2,4,48.24,22.88,25.36,29.66,5.54,0,0,2025-12-29 07:00:00,1,0,1
TXN-03-05451,STORE-008,Electronics,BrandH,Online,UPC-297435563,SKU-ELE-8095,Laptop,7,7,1,1530.76,921.78,608.98,308.82,90.14,0,0,2025-12-19 18:00:00,0,0,1
TXN-03-02279,STORE-002,Home & Garden,BrandB,Online,UPC-880370751,SKU-HOM-3932,Cushion,3,3,2,1382.07,615.41,766.66,467.63,6.94,0,0,2025-12-13 04:00:00,0,0,1
TXN-03-04738,STORE-004,Home & Garden,BrandC,Mobile,UPC-446726334,SKU-HOM-7076,Hose,8,8,2,134.56,82.54,52.02,21.44,4.62,0,0,2025-12-14 22:00:00,0,0,1
TXN-03-02854,STORE-020,Sports,BrandD,Online,UPC-774687478,SKU-SPO-8254,Backpack,6,6,1,1725.36,757.03,968.33,294.07,6.51,0,0,2025-12-10 09:00:00,0,1,1
TXN-03-03089,STORE-016,Home & Garden,BrandB,In-Store,UPC-377084228,SKU-HOM-3169,Chair,6,6,2,2431.92,1690.21,741.71,482.82,77.5,1,0,2025-12-02 18:00:00,0,1,1
TXN-03-00464,STORE-007,Grocery,BrandB,Mobile,UPC-388683530,SKU-GRO-8033,Cereal,3,3,1,682.5,331.56,350.94,276.16,48.66,0,0,2025-12-13 08:00:00,0,1,1
TXN-03-00642,STORE-016,Apparel,BrandG,Online,UPC-125458617,SKU-APP-1598,Socks,6,6,2,410.58,247.05,163.53,70.16,1.73,0,0,2025-12-10 09:00:00,0,0,1
TXN-03-05370,STORE-010,Apparel,BrandH,Online,UPC-298225804,SKU-APP-8667,Socks,3,3,4,696.24,319.95,376.29,241.57,9.49,0,0,2025-12-01 06:00:00,0,0,1
TXN-03-02744,STORE-019,Electronics,BrandF,Mobile,UPC-402007902,SKU-ELE-6959,Headphones,6,6,0,1309.74,845.36,464.38,266.79,48.5,0,0,2025-12-27 11:00:00,1,0,1
TXN-03-02270,STORE-004,Home & Garden,BrandF,Online,UPC-616230102,SKU-HOM-3803,Vase,5,5,4,1494.3,1038.33,455.97,350.47,51.61,0,0,2025-12-02 12:00:00,1,0,1
TXN-03-01662,STORE-011,Apparel,BrandG,Online,UPC-413016558,SKU-APP-3083,Hat,3,3,3,1385.04,878.03,507.01,461.87,0.19,0,0,2025-12-05 10:00:00,1,0,1
TXN-03-03729,STORE-005,Home & Garden,BrandD,Mobile,UPC-283371387,SKU-HOM-8905,Lamp,7,7,1,471.03,275.74,195.29,89.17,21.88,0,0,2025-12-03 10:00:00,0,0,1
TXN-03-00013,STORE-007,Grocery,BrandA,Online,UPC-560947563,SKU-GRO-7314,Pasta,5,5,0,1457.45,877.5,579.95,292.18,0.69,0,0,2025-12-19 22:00:00,1,0,1
TXN-03-04301,STORE-014,Sports,BrandE,Online,UPC-587379405,SKU-SPO-3563,Water Bottle,1,1,1,167.24,69.33,97.91,182.41,15.17,0,0,2025-12-08 18:00:00,1,0,1
TXN-03-04323,STORE-011,Electronics,BrandC,In-Store,UPC-666830588,SKU-ELE-3761,Speaker,3,3,3,1013.85,733.66,280.19,383.04,45.09,0,0,2025-12-28 12:00:00,0,0,1
TXN-03-02915,STORE-009,Home & Garden,BrandA,Online,UPC-697410278,SKU-HOM-1406,Lamp,1,1,2,374.28,204.27,170.01,407.98,33.7,0,0,2025-12-09 22:00:00,0,1,1
TXN-03-04036,STORE-004,Electronics,BrandC,Mobile,UPC-378239024,SKU-ELE-9830,Headphones,4,4,1,36.32,19.3,17.02,12.93,3.85,0,0,2025-12-27 14:00:00,1,0,1
TXN-03-06234,STORE-010,Sports,BrandG,Online,UPC-347018621,SKU-SPO-9289,Cap,6,6,2,2103.12,1254.97,848.15,410.49,59.97,0,0,2025-12-12 20:00:00,0,1,1
TXN-03-01495,STORE-008,Apparel,BrandF,In-Store,UPC-631652926,SKU-APP-2222,Scarf,8,8,4,1320.0,897.59,422.41,177.65,12.65,0,0,2025-12-08 00:00:00,1,1,1
TXN-03-04374,STORE-011,Electronics,BrandA,Online,UPC-495089003,SKU-ELE-9986,Camera,3,3,0,570.84,346.46,224.38,256.28,66.0,1,1,2025-12-06 18:00:00,0,0,1
TXN-03-05801,STORE-013,Grocery,BrandA,In-Store,UPC-409606093,SKU-GRO-7479,Rice,9,9,4,1966.23,942.9,1023.33,297.46,78.99,0,0,2025-12-15 22:00:00,1,0,1
TXN-03-02951,STORE-014,Grocery,BrandD,Mobile,UPC-585932595,SKU-GRO-9104,Snack Bar,2,2,0,195.58,116.64,78.94,121.33,23.54,0,0,2025-12-06 11:00:00,0,0,1
TXN-03-03804,STORE-018,Grocery,BrandD,In-Store,UPC-921512159,SKU-GRO-7083,Juice,6,6,2,823.44,421.92,401.52,165.23,27.99,0,0,2025-12-16 15:00:00,0,0,1
TXN-03-02241,STORE-004,Electronics,BrandB,Mobile,UPC-584990533,SKU-ELE-8455,Camera,4,4,3,1080.0,617.89,462.11,313.43,43.43,0,0,2025-12-19 17:00:00,1,0,1
TXN-03-03840,STORE-004,Sports,BrandE,Online,UPC-873365181,SKU-SPO-8917,Water Bottle,2,2,2,874.48,465.48,409.0,462.88,25.64,0,0,2025-12-18 04:00:00,1,0,1
TXN-03-02449,STORE-009,Sports,BrandH,In-Store,UPC-506421931,SKU-SPO-4267,Cap,7,7,2,3073.35,1240.75,1832.6,486.59,47.54,0,0,2025-12-05 22:00:00,1,1,1
TXN-03-02372,STORE-008,Home & Garden,BrandH,Online,UPC-161473663,SKU-HOM-6945,Vase,9,9,1,2980.53,1370.78,1609.75,414.36,83.19,0,0,2025-12-09 08:00:00,0,0,1
TXN-03-00326,STORE-013,Home & Garden,BrandG,In-Store,UPC-725077214,SKU-HOM-2466,Lamp,9,9,3,3124.35,1939.92,1184.43,379.39,32.24,0,0,2025-12-20 17:00:00,1,0,1
TXN-03-00399,STORE-002,Sports,BrandD,In-Store,UPC-193610891,SKU-SPO-6806,Running Shoes,8,8,4,2633.04,1253.3,1379.74,367.92,38.79,0,0,2025-12-23 05:00:00,1,0,1
TXN-03-05507,STORE-006,Grocery,BrandF,In-Store,UPC-482428660,SKU-GRO-3649,Pasta,9,9,0,2401.2,1660.44,740.76,282.84,16.04,0,0,2025-12-22 06:00:00,1,0,1
TXN-03-03907,STORE-014,Electronics,BrandA,In-Store,UPC-476849942,SKU-ELE-5648,Phone,8,8,1,1295.84,791.05,504.79,196.42,34.44,0,0,2025-12-24 02:00:00,0,1,1
TXN-03-04889,STORE-002,Electronics,BrandF,In-Store,UPC-295421188,SKU-ELE-6593,Speaker,5,5,4,348.55,158.52,190.03,73.28,3.57,0,0,2025-12-11 14:00:00,1,0,1
TXN-03-05009,STORE-020,Electronics,BrandF,Online,UPC-654834350,SKU-ELE-8351,Charger,4,4,0,587.96,350.26,237.7,151.47,4.48,0,0,2025-12-06 15:00:00,1,1,1
TXN-03-02559,STORE-010,Apparel,BrandG,In-Store,UPC-638335879,SKU-APP-2614,Jacket,8,8,3,1755.6,846.52,909.08,308.95,89.5,0,0,2025-12-21 18:00:00,1,0,1
TXN-03-02057,STORE-011,Electronics,BrandE,In-Store,UPC-919942667,SKU-ELE-9964,Monitor,7,7,0,1903.58,1381.94,521.64,338.21,66.27,0,0,2025-12-09 20:00:00,0,1,1
TXN-03-05341,STORE-019,Sports,BrandD,In-Store,UPC-487780707,SKU-SPO-1053,Dumbbell,2,2,1,343.9,145.3,198.6,194.4,22.45,1,0,2025-12-24 04:00:00,0,0,1
TXN-03-02357,STORE-016,Grocery,BrandH,In-Store,UPC-995772999,SKU-GRO-9939,Bread,4,4,3,775.96,316.89,459.07,219.62,25.63,0,0,2025-12-07 11:00:00,1,1,1
TXN-03-03728,STORE-010,Electronics,BrandF,In-Store,UPC-211074401,SKU-ELE-6004,Laptop,3,3,0,387.18,205.77,181.41,150.38,21.32,0,0,2025-12-08 07:00:00,1,1,1
TXN-03-16447,STORE-001,Electronics,BrandE,In-Store,UPC-290937021,SKU-ELE-8553,Charger,3,3,1,1058.64,657.51,401.13,401.37,48.49,0,0,2025-12-31 00:00:00,1,0,1
TXN-03-01455,STORE-019,Home & Garden,BrandE,Online,UPC-856442924,SKU-HOM-5973,Plant Pot,4,4,1,1329.52,709.96,619.56,387.88,55.5,0,0,2025-12-26 15:00:00,0,0,1
TXN-03-02622,STORE-019,Apparel,BrandC,Mobile,UPC-628199127,SKU-APP-9701,Jacket,7,7,2,2075.64,1314.28,761.36,378.01,81.49,1,0,2025-12-08 06:00:00,1,0,1
TXN-03-16416,STORE-010,Electronics,BrandE,Mobile,UPC-834284524,SKU-ELE-7757,Tablet,3,3,3,461.7,327.38,134.32,177.77,23.87,0,0,2025-12-20 11:00:00,1,1,1
TXN-03-02582,STORE-001,Apparel,BrandF,Mobile,UPC-890644092,SKU-APP-8815,Scarf,8,8,0,80.48,39.99,40.49,14.11,4.05,0,0,2025-12-10 09:00:00,1,0,1
TXN-03-01513,STORE-020,Electronics,BrandB,In-Store,UPC-330345291,SKU-ELE-9401,Tablet,9,9,0,1005.21,493.2,512.01,149.09,37.4,0,0,2025-12-17 23:00:00,1,1,1
TXN-03-05170,STORE-011,Sports,BrandB,In-Store,UPC-496164504,SKU-SPO-8733,Running Shoes,2,2,4,473.96,271.58,202.38,280.56,43.58,0,0,2025-12-18 10:00:00,1,1,1
TXN-03-03362,STORE-013,Grocery,BrandH,Online,UPC-738576862,SKU-GRO-1434,Juice,8,8,3,1973.76,919.75,1054.01,327.71,80.99,0,0,2025-12-10 04:00:00,1,0,1
TXN-03-03386,STORE-001,Grocery,BrandA,Online,UPC-963477481,SKU-GRO-6694,Pasta,8,8,3,1067.76,499.69,568.07,175.63,42.16,0,0,2025-12-25 15:00:00,1,0,1
TXN-03-01922,STORE-009,Grocery,BrandE,In-Store,UPC-698679719,SKU-GRO-7103,Pasta,7,7,1,462.21,285.84,176.37,73.06,7.03,0,0,2025-12-25 18:00:00,0,1,1
TXN-03-02122,STORE-004,Apparel,BrandG,In-Store,UPC-136784713,SKU-APP-3201,Socks,7,7,1,534.31,280.06,254.25,104.42,28.09,0,0,2025-12-19 07:00:00,1,0,1
TXN-03-04805,STORE-001,Electronics,BrandD,In-Store,UPC-231129456,SKU-ELE-1247,Camera,8,8,2,3308.8,2348.64,960.16,487.33,73.73,0,0,2025-12-12 06:00:00,0,1,1
TXN-03-02764,STORE-012,Sports,BrandE,In-Store,UPC-559641975,SKU-SPO-8467,Resistance Band,1,1,3,242.76,125.8,116.96,320.09,77.33,0,0,2025-12-22 02:00:00,0,0,1
TXN-03-01686,STORE-013,Grocery,BrandE,In-Store,UPC-286999953,SKU-GRO-9186,Juice,6,6,4,2224.44,1414.26,810.18,450.47,79.73,0,0,2025-12-24 09:00:00,1,0,1
TXN-03-05585,STORE-011,Sports,BrandB,Mobile,UPC-169635494,SKU-SPO-2806,Resistance Band,6,6,0,2449.5,1274.13,1175.37,452.81,44.56,0,0,2025-12-10 16:00:00,0,1,1
TXN-03-03274,STORE-001,Apparel,BrandH,In-Store,UPC-142967415,SKU-APP-3002,Jacket,1,1,0,398.96,283.8,115.16,453.31,54.35,0,0,2025-12-10 19:00:00,1,0,1
TXN-03-04431,STORE-020,Home & Garden,BrandB,Mobile,UPC-644627273,SKU-HOM-9206,Hose,4,4,1,240.8,130.94,109.86,73.15,12.95,0,0,2025-12-30 04:00:00,1,0,1
TXN-03-00686,STORE-005,Sports,BrandC,Online,UPC-945247224,SKU-SPO-7580,Yoga Mat,8,8,1,1920.96,1309.76,611.2,324.32,84.2,0,0,2025-12-08 05:00:00,0,0,1
TXN-03-05343,STORE-002,Electronics,BrandB,Mobile,UPC-641188308,SKU-ELE-6882,Tablet,8,8,4,1707.36,847.48,859.88,266.8,53.38,0,0,2025-12-20 23:00:00,1,0,1
TXN-03-04583,STORE-010,Electronics,BrandC,Mobile,UPC-779850507,SKU-ELE-4296,Monitor,8,8,3,198.32,136.26,62.06,34.56,9.77,0,0,2025-12-21 14:00:00,1,1,1
TXN-03-00762,STORE-002,Grocery,BrandD,Online,UPC-422798138,SKU-GRO-8041,Pasta,9,9,3,2438.82,1114.96,1323.86,288.73,17.75,0,0,2025-12-01 15:00:00,1,0,1
TXN-03-04080,STORE-003,Home & Garden,BrandF,Online,UPC-147482393,SKU-HOM-5309,Plant Pot,4,4,1,1286.84,641.17,645.67,323.51,1.8,0,0,2025-12-23 21:00:00,1,1,1
TXN-03-05460,STORE-018,Apparel,BrandF,Online,UPC-310449920,SKU-APP-7765,Socks,9,9,3,900.45,412.66,487.79,117.61,17.56,0,0,2025-12-17 17:00:00,1,0,1
TXN-03-01315,STORE-018,Sports,BrandE,Online,UPC-522757825,SKU-SPO-2177,Water Bottle,4,4,2,496.0,352.73,143.27,158.3,34.3,0,0,2025-12-16 08:00:00,0,1,1
TXN-03-16459,STORE-012,Electronics,BrandF,In-Store,UPC-578568696,SKU-ELE-7634,Charger,4,4,0,1361.0,579.04,781.96,380.88,40.63,0,0,2025-12-24 05:00:00,0,0,1
TXN-03-06067,STORE-019,Apparel,BrandA,Mobile,UPC-105374383,SKU-APP-6065,Shoes,4,4,3,523.2,285.43,237.77,174.9,44.1,0,0,2025-12-07 13:00:00,0,0,1
TXN-03-04022,STORE-007,Apparel,BrandF,In-Store,UPC-749574476,SKU-APP-8271,Dress,8,8,1,1724.56,1188.04,536.52,287.96,72.39,0,0,2025-12-30 19:00:00,1,1,1
TXN-03-06064,STORE-017,Electronics,BrandD,Online,UPC-966920487,SKU-ELE-8918,Laptop,9,9,1,3092.22,2220.05,872.17,393.06,49.48,1,0,2025-12-14 06:00:00,0,1,1
TXN-03-02519,STORE-004,Sports,BrandD,Online,UPC-872867331,SKU-SPO-4268,Water Bottle,2,2,2,479.0,330.94,148.06,243.17,3.67,0,0,2025-12-17 21:00:00,0,1,1
TXN-03-00025,STORE-016,Home & Garden,BrandE,Online,UPC-999785768,SKU-HOM-3483,Hose,5,5,3,592.7,418.51,174.19,151.36,32.82,0,0,2025-12-08 09:00:00,1,1,1
TXN-03-00159,STORE-019,Grocery,BrandB,In-Store,UPC-788217691,SKU-GRO-9195,Rice,2,2,2,264.44,166.01,98.43,165.27,33.05,0,0,2025-12-16 20:00:00,0,0,1
TXN-03-04268,STORE-003,Electronics,BrandC,In-Store,UPC-609649482,SKU-ELE-4875,Speaker,1,1,2,27.56,18.52,9.04,29.64,2.08,0,0,2025-12-09 23:00:00,1,0,1
TXN-03-02876,STORE-016,Sports,BrandH,In-Store,UPC-870533949,SKU-SPO-3590,Water Bottle,7,7,2,1074.85,719.53,355.32,182.82,29.27,0,0,2025-12-21 04:00:00,1,0,1
TXN-03-00196,STORE-013,Electronics,BrandF,Online,UPC-507470638,SKU-ELE-9334,Tablet,5,5,1,31.2,15.78,15.42,7.61,1.37,0,0,2025-12-02 13:00:00,1,1,1
TXN-03-04981,STORE-018,Grocery,BrandE,In-Store,UPC-796825959,SKU-GRO-4653,Cereal,7,7,2,476.14,328.62,147.52,79.06,11.04,0,0,2025-12-13 22:00:00,1,1,1
TXN-03-05548,STORE-008,Electronics,BrandB,In-Store,UPC-306192726,SKU-ELE-8583,Camera,4,4,1,717.52,362.77,354.75,199.15,19.77,0,0,2025-12-01 15:00:00,1,0,1
TXN-03-04980,STORE-020,Grocery,BrandB,In-Store,UPC-293582377,SKU-GRO-7796,Rice,3,3,3,292.83,175.22,117.61,136.66,39.05,0,0,2025-12-16 18:00:00,1,0,1
TXN-03-01338,STORE-011,Home & Garden,BrandE,In-Store,UPC-917259369,SKU-HOM-6838,Rug,7,7,0,415.24,195.07,220.17,70.59,11.27,1,0,2025-12-28 17:00:00,1,0,1
TXN-03-05405,STORE-008,Electronics,BrandH,Mobile,UPC-108822867,SKU-ELE-9769,Tablet,1,1,3,138.48,55.47,83.01,151.07,12.59,0,0,2025-12-19 04:00:00,1,1,1
TXN-03-00079,STORE-012,Apparel,BrandB,Online,UPC-772990247,SKU-APP-5277,Dress,5,5,3,376.6,247.27,129.33,95.1,19.78,0,0,2025-12-24 17:00:00,1,1,1
TXN-03-00035,STORE-017,Electronics,BrandF,In-Store,UPC-387043208,SKU-ELE-4943,Headphones,3,3,4,264.18,171.22,92.96,109.34,21.28,0,0,2025-12-07 16:00:00,0,0,1
TXN-03-03162,STORE-004,Home & Garden,BrandD,In-Store,UPC-961755913,SKU-HOM-8231,Cushion,8,8,0,685.6,417.2,268.4,93.16,7.46,0,0,2025-12-13 10:00:00,1,0,1
TXN-03-05186,STORE-001,Electronics,BrandB,Online,UPC-936481337,SKU-ELE-3203,Camera,2,2,4,27.3,16.12,11.18,17.68,4.03,1,0,2025-12-19 04:00:00,1,1,1
TXN-03-01569,STORE-017,Apparel,BrandA,Online,UPC-669154191,SKU-APP-5695,Shoes,2,2,3,87.38,60.9,26.48,54.57,10.88,0,0,2025-12-18 17:00:00,1,0,1
TXN-03-01725,STORE-015,Electronics,BrandG,In-Store,UPC-946791934,SKU-ELE-7455,Laptop,1,1,4,339.31,203.68,135.63,484.46,145.15,0,0,2025-12-21 21:00:00,1,0,1
TXN-03-02743,STORE-012,Electronics,BrandF,In-Store,UPC-116550729,SKU-ELE-8628,Headphones,3,3,1,1206.93,677.73,529.2,405.64,3.33,0,0,2025-12-16 14:00:00,1,1,1
TXN-03-06011,STORE-007,Electronics,BrandG,Mobile,UPC-598407327,SKU-ELE-6899,Charger,2,2,4,160.1,104.84,55.26,99.04,18.99,0,0,2025-12-24 16:00:00,1,1,1
TXN-03-03008,STORE-002,Apparel,BrandB,In-Store,UPC-833304418,SKU-APP-1440,Jacket,1,1,1,234.3,120.76,113.54,263.44,29.14,0,0,2025-12-18 16:00:00,1,0,1
TXN-03-04776,STORE-008,Sports,BrandG,In-Store,UPC-309839643,SKU-SPO-1833,Running Shoes,3,3,1,383.76,198.99,184.77,162.67,34.75,1,1,2025-12-25 07:00:00,1,0,1
TXN-03-02387,STORE-009,Sports,BrandB,Online,UPC-762197664,SKU-SPO-2001,Resistance Band,9,9,3,2643.3,1132.21,1511.09,339.52,45.82,0,0,2025-12-06 07:00:00,1,0,1
TXN-03-01863,STORE-018,Sports,BrandF,Online,UPC-372463579,SKU-SPO-6178,Yoga Mat,3,3,2,208.5,100.43,108.07,76.05,6.55,0,0,2025-12-20 14:00:00,0,1,1
TXN-03-05288,STORE-015,Home & Garden,BrandE,In-Store,UPC-282702618,SKU-HOM-4609,Chair,4,4,4,325.96,131.64,194.32,86.46,4.97,1,0,2025-12-05 12:00:00,1,0,1
TXN-03-02407,STORE-004,Apparel,BrandC,In-Store,UPC-640753701,SKU-APP-9516,Hat,8,8,1,1800.24,825.53,974.71,286.18,61.15,0,0,2025-12-15 05:00:00,1,1,1
TXN-03-01930,STORE-017,Electronics,BrandH,In-Store,UPC-890888562,SKU-ELE-2468,Tablet,6,6,0,1706.22,1220.54,485.68,315.9,31.53,0,0,2025-12-11 18:00:00,1,0,1
TXN-03-06013,STORE-015,Apparel,BrandB,Online,UPC-206503882,SKU-APP-7833,Scarf,3,3,1,514.23,328.35,185.88,193.09,21.68,0,0,2025-12-30 04:00:00,1,0,1
TXN-03-01631,STORE-003,Grocery,BrandD,Mobile,UPC-500438850,SKU-GRO-8141,Snack Bar,2,2,0,212.88,104.0,108.88,117.41,10.97,0,0,2025-12-14 14:00:00,1,0,1
TXN-03-02711,STORE-020,Home & Garden,BrandD,Mobile,UPC-696049244,SKU-HOM-9817,Vase,7,7,2,1554.56,764.84,789.72,300.48,78.4,0,0,2025-12-11 22:00:00,0,0,1
TXN-03-05214,STORE-005,Sports,BrandA,In-Store,UPC-533020996,SKU-SPO-1116,Yoga Mat,9,9,2,3031.2,1812.15,1219.05,454.24,117.44,0,0,2025-12-10 03:00:00,1,0,1
TXN-03-03611,STORE-008,Home & Garden,BrandB,In-Store,UPC-680858925,SKU-HOM-4389,Chair,5,5,3,1712.4,955.64,756.76,452.19,109.71,0,0,2025-12-05 10:00:00,1,0,1
TXN-03-05480,STORE-005,Grocery,BrandH,Online,UPC-977679041,SKU-GRO-6541,Cereal,4,4,4,359.68,240.61,119.07,122.91,32.99,0,0,2025-12-25 11:00:00,0,0,1
TXN-03-05555,STORE-009,Home & Garden,BrandB,Online,UPC-179435477,SKU-HOM-3319,Tool Set,7,7,0,2489.83,1847.02,642.81,439.61,83.92,0,0,2025-12-09 07:00:00,0,1,1
TXN-03-00406,STORE-003,Sports,BrandA,In-Store,UPC-607151226,SKU-SPO-1119,Backpack,7,7,0,1247.19,769.06,478.13,188.16,9.99,0,0,2025-12-28 17:00:00,0,0,1
TXN-03-16426,STORE-017,Apparel,BrandE,Online,UPC-820964216,SKU-APP-3046,Jacket,4,4,0,1564.88,1165.09,399.79,405.18,13.96,0,0,2025-12-16 10:00:00,1,1,1
TXN-03-05982,STORE-013,Home & Garden,BrandE,Online,UPC-609558839,SKU-HOM-7880,Plant Pot,7,7,3,182.42,97.3,85.12,26.28,0.22,0,0,2025-12-09 08:00:00,1,1,1
TXN-03-04159,STORE-011,Home & Garden,BrandE,In-Store,UPC-253955665,SKU-HOM-1984,Hose,1,1,0,45.15,28.79,16.36,51.79,6.64,0,0,2025-12-09 08:00:00,1,0,1
TXN-03-06174,STORE-014,Grocery,BrandB,Online,UPC-573489945,SKU-GRO-1385,Bread,1,1,4,168.67,117.38,51.29,177.22,8.55,0,0,2025-12-24 17:00:00,1,1,1
TXN-03-03382,STORE-020,Sports,BrandH,In-Store,UPC-245277900,SKU-SPO-6326,Water Bottle,5,5,2,2171.9,1545.91,625.99,446.8,12.42,0,0,2025-12-24 01:00:00,1,0,1
TXN-03-03837,STORE-008,Home & Garden,BrandB,Online,UPC-664499395,SKU-HOM-2846,Tool Set,7,7,4,820.61,341.43,479.18,162.79,45.56,0,0,2025-12-02 02:00:00,1,0,1
TXN-03-05145,STORE-003,Sports,BrandD,In-Store,UPC-290689821,SKU-SPO-1409,Dumbbell,8,8,4,2613.6,1359.35,1254.25,349.33,22.63,0,0,2025-12-01 01:00:00,0,1,1
TXN-03-03747,STORE-020,Home & Garden,BrandD,In-Store,UPC-603914101,SKU-HOM-1924,Chair,5,5,1,356.85,211.81,145.04,77.84,6.47,0,0,2025-12-21 17:00:00,1,0,1
TXN-03-02215,STORE-016,Grocery,BrandD,In-Store,UPC-980934605,SKU-GRO-3689,Rice,2,2,2,546.34,339.37,206.97,293.9,20.73,0,0,2025-12-06 19:00:00,0,0,1
TXN-03-02862,STORE-001,Home & Garden,BrandE,In-Store,UPC-998189084,SKU-HOM-1414,Tool Set,8,8,2,2417.44,1586.2,831.24,388.95,86.77,0,0,2025-12-15 05:00:00,1,1,1
TXN-03-03796,STORE-009,Grocery,BrandD,Online,UPC-736064689,SKU-GRO-2027,Cereal,5,5,2,1407.5,565.42,842.08,321.07,39.57,0,0,2025-12-30 05:00:00,1,1,1
TXN-03-00136,STORE-018,Grocery,BrandA,Mobile,UPC-676272779,SKU-GRO-3602,Coffee,4,4,1,1735.56,982.99,752.57,483.04,49.15,0,0,2025-12-03 12:00:00,0,0,1
TXN-03-05566,STORE-003,Sports,BrandC,Online,UPC-196158712,SKU-SPO-1960,Resistance Band,2,2,4,20.3,9.06,11.24,11.07,0.92,0,0,2025-12-20 11:00:00,1,0,1
TXN-03-03458,STORE-018,Grocery,BrandA,Mobile,UPC-893931882,SKU-GRO-2693,Pasta,2,2,3,186.18,83.21,102.97,111.12,18.03,1,0,2025-12-13 22:00:00,1,0,1
TXN-03-06386,STORE-005,Electronics,BrandA,In-Store,UPC-465355597,SKU-ELE-4620,Headphones,5,5,0,281.45,156.14,125.31,64.68,8.39,1,1,2025-12-21 09:00:00,1,0,1
TXN-03-05123,STORE-020,Apparel,BrandC,Mobile,UPC-526835023,SKU-APP-2986,Shoes,4,4,4,1412.8,759.59,653.21,353.61,0.41,1,0,2025-12-26 23:00:00,0,1,1
TXN-03-05228,STORE-004,Home & Garden,BrandD,Online,UPC-350796339,SKU-HOM-8088,Rug,7,7,3,2828.98,1596.77,1232.21,458.31,54.17,0,0,2025-12-24 07:00:00,0,0,1
TXN-03-05586,STORE-007,Apparel,BrandD,Online,UPC-754571037,SKU-APP-6915,Jacket,1,1,0,119.86,76.66,43.2,169.71,49.85,0,0,2025-12-02 21:00:00,0,0,1
TXN-03-01112,STORE-020,Apparel,BrandB,Online,UPC-885044950,SKU-APP-6034,Jeans,6,6,3,1288.74,569.81,718.93,254.57,39.78,0,0,2025-12-28 12:00:00,0,0,1
TXN-03-03179,STORE-008,Electronics,BrandF,In-Store,UPC-617858235,SKU-ELE-1668,Charger,8,8,1,2006.64,1082.98,923.66,268.89,18.06,0,0,2025-12-27 22:00:00,0,0,1
TXN-03-03961,STORE-010,Grocery,BrandF,Online,UPC-321795966,SKU-GRO-5590,Cereal,9,9,3,3788.91,2783.77,1005.14,438.88,17.89,0,0,2025-12-19 15:00:00,0,0,1
TXN-03-02012,STORE-001,Sports,BrandC,Online,UPC-470696461,SKU-SPO-6366,Dumbbell,2,2,3,17.58,10.16,7.42,9.36,0.57,0,0,2025-12-06 20:00:00,0,1,1
TXN-03-04232,STORE-012,Electronics,BrandC,Online,UPC-553954538,SKU-ELE-3814,Phone,1,1,4,315.74,218.63,97.11,320.16,4.42,0,0,2025-12-23 06:00:00,0,0,1
TXN-03-03092,STORE-014,Electronics,BrandF,In-Store,UPC-847025105,SKU-ELE-8711,Charger,4,4,2,1398.16,971.57,426.59,390.41,40.87,1,0,2025-12-30 11:00:00,1,0,1
TXN-03-00023,STORE-016,Sports,BrandB,In-Store,UPC-417661226,SKU-SPO-6893,Cap,5,5,0,1288.85,788.3,500.55,274.41,16.64,0,0,2025-12-08 14:00:00,0,0,1
TXN-03-00073,STORE-018,Home & Garden,BrandB,Mobile,UPC-701338793,SKU-HOM-4386,Lamp,1,1,3,275.94,167.99,107.95,330.34,54.4,0,0,2025-12-10 02:00:00,0,1,1
TXN-03-00019,STORE-002,Electronics,BrandA,Mobile,UPC-835595321,SKU-ELE-1914,Headphones,5,5,1,1283.15,706.53,576.62,346.38,89.75,0,0,2025-12-01 01:00:00,1,1,1
TXN-03-01458,STORE-015,Sports,BrandB,Online,UPC-863520452,SKU-SPO-7519,Dumbbell,5,5,2,996.75,409.76,586.99,264.16,64.81,0,0,2025-12-06 17:00:00,1,0,1
TXN-03-05437,STORE-006,Electronics,BrandF,Online,UPC-267933884,SKU-ELE-9294,Tablet,6,6,0,631.32,298.72,332.6,148.02,42.8,0,0,2025-12-23 15:00:00,1,0,1
TXN-03-04130,STORE-012,Apparel,BrandG,In-Store,UPC-969009927,SKU-APP-5596,Scarf,7,7,2,1083.32,596.21,487.11,170.6,15.84,0,0,2025-12-20 19:00:00,0,0,1
TXN-03-02549,STORE-010,Home & Garden,BrandB,In-Store,UPC-136896470,SKU-HOM-7457,Vase,3,3,1,830.43,404.79,425.64,278.53,1.72,0,0,2025-12-26 19:00:00,1,0,1
TXN-03-00353,STORE-014,Grocery,BrandB,In-Store,UPC-205895765,SKU-GRO-1770,Cereal,6,6,2,135.0,55.55,79.45,28.04,5.54,1,0,2025-12-11 11:00:00,1,0,1
TXN-03-01171,STORE-004,Electronics,BrandC,Online,UPC-784969135,SKU-ELE-7987,Phone,5,5,4,1489.35,1084.13,405.22,370.31,72.44,1,0,2025-12-16 03:00:00,1,1,1
TXN-03-00795,STORE-011,Home & Garden,BrandD,In-Store,UPC-194608586,SKU-HOM-8388,Hose,6,6,3,1562.1,715.87,846.23,364.9,104.55,0,0,2025-12-20 16:00:00,1,1,1
TXN-03-01600,STORE-019,Apparel,BrandH,Online,UPC-925825818,SKU-APP-1818,T-Shirt,5,5,4,1575.55,1128.12,447.43,348.41,33.3,0,0,2025-12-30 12:00:00,1,0,1
TXN-03-06127,STORE-008,Grocery,BrandF,Online,UPC-407690238,SKU-GRO-2743,Bread,1,1,1,350.88,235.75,115.13,376.35,25.47,0,0,2025-12-28 08:00:00,0,1,1
TXN-03-04440,STORE-006,Home & Garden,BrandC,In-Store,UPC-673369479,SKU-HOM-1202,Lamp,5,5,0,1369.3,755.85,613.45,330.23,56.37,0,0,2025-12-24 20:00:00,0,0,1
TXN-03-02780,STORE-012,Sports,BrandD,In-Store,UPC-612372200,SKU-SPO-5444,Jersey,3,3,1,921.78,428.9,492.88,372.79,65.53,0,0,2025-12-17 11:00:00,1,0,1
TXN-03-02441,STORE-012,Apparel,BrandG,In-Store,UPC-927572821,SKU-APP-4464,T-Shirt,7,7,0,2425.08,1283.91,1141.17,416.53,70.09,0,0,2025-12-16 17:00:00,1,0,1
TXN-03-04717,STORE-006,Grocery,BrandH,In-Store,UPC-789769240,SKU-GRO-5561,Pasta,1,1,3,431.57,261.19,170.38,477.57,46.0,0,0,2025-12-28 05:00:00,1,0,1
TXN-03-05565,STORE-007,Electronics,BrandD,Online,UPC-175233793,SKU-ELE-4613,Laptop,9,9,3,2568.24,1882.85,685.39,386.07,100.71,0,0,2025-12-07 07:00:00,1,0,1
TXN-03-03125,STORE-004,Home & Garden,BrandE,In-Store,UPC-871785485,SKU-HOM-1217,Vase,3,3,3,1185.6,639.91,545.69,479.86,84.66,0,0,2025-12-14 11:00:00,1,0,1
TXN-03-04557,STORE-020,Electronics,BrandA,Online,UPC-964133411,SKU-ELE-3097,Tablet,3,3,3,958.41,651.17,307.24,438.62,119.15,0,0,2025-12-24 11:00:00,1,1,1
TXN-03-05210,STORE-009,Electronics,BrandG,In-Store,UPC-756842951,SKU-ELE-8483,Charger,9,9,1,2149.65,1457.93,691.72,307.01,68.16,0,0,2025-12-29 21:00:00,0,1,1
TXN-03-05106,STORE-004,Sports,BrandG,Online,UPC-835573886,SKU-SPO-3571,Running Shoes,7,7,4,2719.22,1856.51,862.71,397.59,9.13,0,0,2025-12-15 06:00:00,0,0,1
TXN-03-05169,STORE-018,Apparel,BrandH,In-Store,UPC-966594449,SKU-APP-2702,Dress,1,1,0,373.92,191.9,182.02,444.74,70.82,0,0,2025-12-07 14:00:00,0,0,1
TXN-03-03685,STORE-006,Home & Garden,BrandC,Mobile,UPC-719686331,SKU-HOM-5513,Plant Pot,7,7,1,87.64,60.89,26.75,16.38,3.86,0,0,2025-12-14 07:00:00,1,0,1
TXN-03-01873,STORE-017,Electronics,BrandB,Online,UPC-739443945,SKU-ELE-4746,Charger,3,3,1,127.8,62.55,65.25,47.71,5.11,0,0,2025-12-10 03:00:00,1,0,1
TXN-03-06342,STORE-018,Sports,BrandA,Online,UPC-403882792,SKU-SPO-3105,Running Shoes,2,2,1,133.16,54.02,79.14,69.17,2.59,0,0,2025-12-15 04:00:00,1,0,1
TXN-03-03355,STORE-002,Apparel,BrandB,Online,UPC-947462101,SKU-APP-6179,Dress,9,9,0,2047.05,1446.07,600.98,236.53,9.08,0,0,2025-12-04 19:00:00,0,0,1
TXN-03-02462,STORE-016,Apparel,BrandH,In-Store,UPC-953470432,SKU-APP-7722,Jacket,8,8,3,2545.52,1531.88,1013.64,366.5,48.31,0,0,2025-12-09 14:00:00,1,0,1
TXN-03-04151,STORE-019,Sports,BrandC,Mobile,UPC-131643404,SKU-SPO-8672,Backpack,1,1,1,415.25,286.7,128.55,427.19,11.94,0,0,2025-12-08 12:00:00,1,0,1
TXN-03-02986,STORE-009,Home & Garden,BrandH,In-Store,UPC-946677250,SKU-HOM-4489,Tool Set,2,2,1,222.02,152.6,69.42,124.01,13.0,0,0,2025-12-26 08:00:00,0,1,1
TXN-03-02390,STORE-007,Electronics,BrandB,Mobile,UPC-410346251,SKU-ELE-2574,Speaker,6,6,0,339.9,214.14,125.76,69.08,12.43,0,0,2025-12-13 16:00:00,1,0,1
TXN-03-02010,STORE-003,Home & Garden,BrandB,In-Store,UPC-217872784,SKU-HOM-2582,Lamp,5,5,4,1046.35,560.67,485.68,213.87,4.6,0,0,2025-12-22 07:00:00,0,0,1
TXN-03-02925,STORE-020,Grocery,BrandH,In-Store,UPC-252641439,SKU-GRO-6316,Coffee,3,3,0,1375.02,587.56,787.46,487.61,29.27,0,0,2025-12-29 03:00:00,0,0,1
TXN-03-02155,STORE-003,Home & Garden,BrandC,Online,UPC-827861998,SKU-HOM-4850,Plant Pot,3,3,3,363.45,174.54,188.91,124.96,3.81,0,0,2025-12-09 07:00:00,0,0,1
TXN-03-04235,STORE-011,Sports,BrandH,Online,UPC-810051806,SKU-SPO-1198,Water Bottle,5,5,0,977.45,391.6,585.85,210.82,15.33,0,0,2025-12-21 09:00:00,1,0,1
TXN-03-03891,STORE-014,Grocery,BrandB,Online,UPC-151405697,SKU-GRO-4796,Rice,2,2,0,318.2,237.63,80.57,211.28,52.18,0,0,2025-12-21 13:00:00,1,0,1
TXN-03-04766,STORE-008,Apparel,BrandC,Online,UPC-583110623,SKU-APP-7729,Shoes,6,6,4,1466.34,803.87,662.47,259.56,15.17,0,0,2025-12-13 20:00:00,1,1,1
TXN-03-06221,STORE-009,Apparel,BrandE,Online,UPC-243505393,SKU-APP-2823,Scarf,2,2,4,176.84,104.17,72.67,104.7,16.28,0,0,2025-12-06 09:00:00,0,0,1
TXN-03-00351,STORE-001,Grocery,BrandB,Online,UPC-424679115,SKU-GRO-2960,Pasta,7,7,3,2499.7,1141.77,1357.93,370.84,13.74,1,0,2025-12-14 01:00:00,1,0,1
TXN-03-00393,STORE-006,Home & Garden,BrandD,Online,UPC-476973433,SKU-HOM-9641,Plant Pot,6,6,3,1034.94,704.48,330.46,204.7,32.21,0,0,2025-12-18 03:00:00,1,1,1
TXN-03-01845,STORE-012,Home & Garden,BrandD,In-Store,UPC-619907552,SKU-HOM-6422,Chair,5,5,2,304.9,183.63,121.27,77.46,16.48,0,0,2025-12-01 13:00:00,0,1,1
TXN-03-01168,STORE-002,Electronics,BrandH,Mobile,UPC-929039093,SKU-ELE-3579,Laptop,7,7,2,2032.1,1206.27,825.83,341.4,51.1,0,0,2025-12-04 05:00:00,1,0,1
TXN-03-06245,STORE-018,Electronics,BrandA,Mobile,UPC-492393110,SKU-ELE-4577,Camera,1,1,4,321.48,212.41,109.07,383.67,62.19,0,0,2025-12-16 07:00:00,0,1,1
TXN-03-05921,STORE-018,Home & Garden,BrandF,Online,UPC-623834514,SKU-HOM-3053,Chair,5,5,3,262.85,130.19,132.66,70.34,17.77,0,0,2025-12-02 09:00:00,0,0,1
TXN-03-02223,STORE-013,Home & Garden,BrandC,In-Store,UPC-335172393,SKU-HOM-5559,Chair,2,2,3,535.74,343.73,192.01,376.74,108.87,0,0,2025-12-24 21:00:00,1,0,1
TXN-03-03360,STORE-010,Apparel,BrandH,In-Store,UPC-124856803,SKU-APP-5925,Dress,5,5,0,1497.0,926.26,570.74,415.87,116.47,0,0,2025-12-02 04:00:00,1,0,1
TXN-03-01268,STORE-009,Electronics,BrandD,Mobile,UPC-512342855,SKU-ELE-4012,Monitor,1,1,3,22.97,12.22,10.75,25.19,2.22,0,0,2025-12-21 18:00:00,1,0,1
TXN-03-04972,STORE-011,Sports,BrandA,Online,UPC-653345986,SKU-SPO-2734,Jersey,7,7,4,573.44,406.2,167.24,87.2,5.28,0,0,2025-12-27 15:00:00,1,1,1
TXN-03-03045,STORE-005,Electronics,BrandB,Online,UPC-615673012,SKU-ELE-6242,Speaker,9,9,4,826.02,351.98,474.04,102.35,10.57,0,0,2025-12-25 03:00:00,1,0,1
TXN-03-00586,STORE-016,Grocery,BrandA,In-Store,UPC-445845488,SKU-GRO-7253,Rice,8,8,0,2148.24,1443.6,704.64,303.64,35.11,0,0,2025-12-23 02:00:00,0,0,1
TXN-03-02318,STORE-016,Apparel,BrandF,Online,UPC-536099542,SKU-APP-7627,Jacket,3,3,2,274.62,163.17,111.45,92.97,1.43,0,0,2025-12-04 00:00:00,0,1,1
TXN-03-01225,STORE-012,Home & Garden,BrandC,Mobile,UPC-212263360,SKU-HOM-5776,Lamp,2,2,1,347.02,178.65,168.37,186.21,12.7,0,0,2025-12-13 06:00:00,0,0,1
TXN-03-00761,STORE-020,Grocery,BrandF,In-Store,UPC-586791864,SKU-GRO-1251,Juice,4,4,3,1602.84,1111.2,491.64,494.86,94.15,0,0,2025-12-08 05:00:00,0,0,1
TXN-03-03176,STORE-002,Sports,BrandC,In-Store,UPC-461485913,SKU-SPO-2778,Backpack,5,5,4,2098.7,1485.51,613.19,450.18,30.44,0,0,2025-12-02 17:00:00,1,0,1
TXN-03-03655,STORE-009,Grocery,BrandE,Online,UPC-585086637,SKU-GRO-4963,Snack Bar,1,1,4,146.71,78.2,68.51,169.47,22.76,0,0,2025-12-05 14:00:00,1,1,1
TXN-03-02186,STORE-002,Home & Garden,BrandA,Mobile,UPC-841769244,SKU-HOM-6919,Plant Pot,9,9,3,250.29,109.78,140.51,34.43,6.62,0,0,2025-12-09 19:00:00,1,0,1
TXN-03-03365,STORE-009,Grocery,BrandG,Online,UPC-700683322,SKU-GRO-7956,Rice,8,8,0,3249.76,2363.28,886.48,446.92,40.7,0,0,2025-12-11 15:00:00,1,0,1
TXN-03-01568,STORE-012,Grocery,BrandE,Online,UPC-962871323,SKU-GRO-3280,Bread,5,5,4,1610.7,1037.05,573.65,383.68,61.54,0,0,2025-12-16 16:00:00,1,0,1
TXN-03-05108,STORE-019,Sports,BrandH,Online,UPC-649451623,SKU-SPO-4752,Dumbbell,8,8,3,2310.16,1499.55,810.61,369.62,80.85,0,0,2025-12-11 18:00:00,1,1,1
TXN-03-03482,STORE-006,Home & Garden,BrandH,Mobile,UPC-244884547,SKU-HOM-8023,Chair,6,6,3,112.62,48.02,64.6,22.34,3.57,0,0,2025-12-12 21:00:00,0,1,1
TXN-03-04994,STORE-016,Apparel,BrandB,Mobile,UPC-701438638,SKU-APP-1646,Scarf,2,2,1,342.1,161.12,180.98,188.46,17.41,0,0,2025-12-21 03:00:00,0,0,1
TXN-03-01911,STORE-016,Apparel,BrandA,Online,UPC-167125537,SKU-APP-8247,Jacket,3,3,4,683.76,347.84,335.92,275.8,47.88,0,0,2025-12-30 11:00:00,1,0,1
TXN-03-04617,STORE-014,Home & Garden,BrandA,In-Store,UPC-288545942,SKU-HOM-1709,Lamp,6,6,2,1306.92,944.64,362.28,292.04,74.22,0,0,2025-12-04 03:00:00,0,0,1
TXN-03-04247,STORE-018,Home & Garden,BrandE,In-Store,UPC-306990161,SKU-HOM-1451,Tool Set,9,9,3,242.55,105.23,137.32,31.27,4.32,0,0,2025-12-18 19:00:00,0,1,1
TXN-03-05669,STORE-006,Apparel,BrandB,Online,UPC-304111375,SKU-APP-2002,T-Shirt,2,2,1,98.94,44.37,54.57,61.08,11.61,1,0,2025-12-06 18:00:00,1,1,1
TXN-03-03528,STORE-001,Electronics,BrandH,In-Store,UPC-438455559,SKU-ELE-3640,Charger,4,4,3,1331.52,909.52,422.0,404.4,71.52,0,0,2025-12-04 18:00:00,1,1,1
TXN-03-05815,STORE-006,Grocery,BrandH,In-Store,UPC-570139525,SKU-GRO-9275,Juice,3,3,2,34.44,20.5,13.94,12.01,0.53,0,0,2025-12-20 11:00:00,0,0,1
TXN-03-00222,STORE-016,Sports,BrandG,In-Store,UPC-698370311,SKU-SPO-1052,Running Shoes,5,5,2,1669.9,1170.22,499.68,400.49,66.51,0,0,2025-12-03 13:00:00,1,0,1
TXN-03-05990,STORE-001,Apparel,BrandE,In-Store,UPC-274121289,SKU-APP-3263,Shoes,8,8,2,3125.36,1482.63,1642.73,485.84,95.17,0,0,2025-12-18 10:00:00,1,1,1
TXN-03-00476,STORE-010,Home & Garden,BrandC,In-Store,UPC-886512644,SKU-HOM-1438,Chair,7,7,2,1617.35,917.83,699.52,299.92,68.87,0,0,2025-12-22 18:00:00,0,0,1
TXN-03-05993,STORE-004,Electronics,BrandD,Online,UPC-320848195,SKU-ELE-4698,Camera,9,9,2,2361.15,1716.96,644.19,311.66,49.31,1,0,2025-12-12 11:00:00,0,0,1
TXN-03-02872,STORE-020,Sports,BrandH,In-Store,UPC-469728874,SKU-SPO-2270,Yoga Mat,6,6,3,1854.18,1342.98,511.2,333.81,24.78,0,0,2025-12-12 23:00:00,0,0,1
TXN-03-05967,STORE-014,Electronics,BrandD,In-Store,UPC-830394308,SKU-ELE-1645,Headphones,9,9,0,3134.97,1645.06,1489.91,366.13,17.8,0,0,2025-12-23 01:00:00,1,0,1
TXN-03-00342,STORE-006,Apparel,BrandD,Mobile,UPC-105089783,SKU-APP-6864,Shoes,9,9,4,457.56,206.37,251.19,53.05,2.21,0,0,2025-12-15 02:00:00,1,1,1
TXN-03-03705,STORE-008,Sports,BrandF,Online,UPC-511551743,SKU-SPO-9884,Cap,5,5,1,1122.25,586.52,535.73,229.83,5.38,0,0,2025-12-07 07:00:00,0,0,1
TXN-03-02713,STORE-020,Grocery,BrandD,Mobile,UPC-944323453,SKU-GRO-5689,Milk,2,2,0,801.74,504.83,296.91,410.79,9.92,0,0,2025-12-09 19:00:00,0,0,1
TXN-03-01401,STORE-014,Sports,BrandH,In-Store,UPC-158419457,SKU-SPO-7413,Backpack,1,1,1,132.43,77.26,55.17,163.4,30.97,0,0,2025-12-20 12:00:00,1,0,1
TXN-03-03380,STORE-012,Electronics,BrandG,Mobile,UPC-482735289,SKU-ELE-5361,Laptop,3,3,1,995.97,479.66,516.31,419.98,87.99,0,0,2025-12-22 21:00:00,0,1,1
TXN-03-05576,STORE-008,Grocery,BrandE,In-Store,UPC-575700437,SKU-GRO-3914,Juice,9,9,0,1710.0,722.49,987.51,256.98,66.98,0,0,2025-12-29 03:00:00,0,0,1
TXN-03-01875,STORE-002,Home & Garden,BrandG,Mobile,UPC-349518199,SKU-HOM-5036,Tool Set,1,1,1,206.07,107.31,98.76,259.16,53.09,0,0,2025-12-22 11:00:00,1,0,1
TXN-03-01045,STORE-005,Apparel,BrandA,In-Store,UPC-936813353,SKU-APP-2013,T-Shirt,9,9,1,3542.22,2569.89,972.33,433.87,40.29,1,0,2025-12-26 18:00:00,0,0,1
TXN-03-03832,STORE-008,Grocery,BrandA,In-Store,UPC-585550489,SKU-GRO-9865,Cereal,4,4,0,1504.12,758.58,745.54,412.06,36.03,0,0,2025-12-04 02:00:00,1,0,1
TXN-03-00662,STORE-004,Electronics,BrandA,In-Store,UPC-375945831,SKU-ELE-9337,Charger,8,8,4,625.68,272.04,353.64,102.7,24.49,0,0,2025-12-11 09:00:00,0,0,1
TXN-03-03048,STORE-016,Electronics,BrandF,Mobile,UPC-962835074,SKU-ELE-3556,Laptop,2,2,3,154.6,100.87,53.73,105.0,27.7,0,0,2025-12-05 12:00:00,1,0,1
TXN-03-01645,STORE-013,Sports,BrandA,In-Store,UPC-344905779,SKU-SPO-6553,Yoga Mat,4,4,3,675.88,346.42,329.46,202.15,33.18,0,0,2025-12-16 17:00:00,0,0,1
TXN-03-03401,STORE-020,Grocery,BrandF,In-Store,UPC-854441599,SKU-GRO-1898,Juice,5,5,4,1367.2,710.29,656.91,317.33,43.89,0,0,2025-12-06 15:00:00,0,0,1
TXN-03-05458,STORE-003,Grocery,BrandC,Online,UPC-759338096,SKU-GRO-6431,Coffee,7,7,2,1577.03,894.81,682.22,251.93,26.64,0,0,2025-12-03 07:00:00,1,0,1
TXN-03-02936,STORE-010,Sports,BrandF,Online,UPC-638087730,SKU-SPO-5111,Jersey,1,1,3,54.73,33.88,20.85,66.87,12.14,0,0,2025-12-13 12:00:00,0,1,1
TXN-03-04573,STORE-013,Electronics,BrandD,Online,UPC-921857659,SKU-ELE-6040,Headphones,3,3,1,160.86,108.51,52.35,71.86,18.24,0,0,2025-12-03 15:00:00,1,1,1
TXN-03-05544,STORE-005,Home & Garden,BrandD,In-Store,UPC-486675610,SKU-HOM-5004,Rug,5,5,2,2151.65,1353.22,798.43,472.68,42.35,0,0,2025-12-23 04:00:00,1,0,1
TXN-03-00157,STORE-004,Sports,BrandB,Online,UPC-874903102,SKU-SPO-3194,Water Bottle,7,7,0,622.86,345.3,277.56,112.19,23.21,0,0,2025-12-05 20:00:00,1,1,1
TXN-03-04760,STORE-005,Electronics,BrandH,Online,UPC-350310769,SKU-ELE-6649,Camera,9,9,1,277.11,162.35,114.76,39.84,9.05,0,0,2025-12-19 16:00:00,1,1,1
TXN-03-01292,STORE-006,Electronics,BrandH,In-Store,UPC-296554196,SKU-ELE-8962,Charger,6,6,0,2125.5,1561.21,564.29,445.99,91.74,0,0,2025-12-27 12:00:00,1,0,1
TXN-03-04349,STORE-003,Electronics,BrandH,In-Store,UPC-414213816,SKU-ELE-3050,Monitor,9,9,4,99.99,59.41,40.58,14.45,3.34,1,0,2025-12-01 02:00:00,0,1,1
TXN-03-05844,STORE-009,Grocery,BrandC,In-Store,UPC-655577600,SKU-GRO-8681,Rice,9,9,2,1477.17,1072.83,404.34,172.12,7.99,0,0,2025-12-24 06:00:00,0,0,1
TXN-03-03081,STORE-020,Grocery,BrandH,Online,UPC-307086073,SKU-GRO-1179,Pasta,7,7,3,3112.2,1470.55,1641.65,479.64,35.04,0,0,2025-12-24 19:00:00,1,0,1
TXN-03-00544,STORE-015,Electronics,BrandC,In-Store,UPC-434074465,SKU-ELE-7925,Headphones,1,1,0,162.07,67.38,94.69,190.09,28.02,0,0,2025-12-17 06:00:00,0,0,1
TXN-03-02708,STORE-010,Grocery,BrandD,Online,UPC-494961155,SKU-GRO-4676,Coffee,4,4,3,1558.4,758.41,799.99,497.18,107.58,0,0,2025-12-23 17:00:00,0,0,1
TXN-03-01341,STORE-018,Sports,BrandE,Online,UPC-727618061,SKU-SPO-9773,Cap,5,5,1,1899.4,1265.05,634.35,447.24,67.36,0,0,2025-12-27 22:00:00,1,1,1
TXN-03-05655,STORE-007,Electronics,BrandA,In-Store,UPC-494431649,SKU-ELE-1530,Speaker,1,1,0,127.13,75.21,51.92,143.42,16.29,0,0,2025-12-19 08:00:00,0,0,1
TXN-03-00937,STORE-008,Electronics,BrandD,In-Store,UPC-597501989,SKU-ELE-6897,Headphones,7,7,3,293.51,156.86,136.65,52.89,10.96,0,0,2025-12-16 07:00:00,1,0,1
TXN-03-00781,STORE-001,Grocery,BrandC,In-Store,UPC-698970631,SKU-GRO-5618,Juice,1,1,3,348.29,187.8,160.49,471.8,123.51,0,0,2025-12-25 04:00:00,0,1,1
TXN-03-06069,STORE-019,Home & Garden,BrandB,In-Store,UPC-781616956,SKU-HOM-1026,Plant Pot,2,2,1,286.14,164.25,121.89,200.04,56.97,0,0,2025-12-10 20:00:00,0,1,1
TXN-03-01191,STORE-001,Apparel,BrandG,In-Store,UPC-450558142,SKU-APP-1333,Jeans,7,7,4,1813.56,967.55,846.01,268.14,9.06,1,0,2025-12-14 07:00:00,0,0,1
TXN-03-01720,STORE-017,Electronics,BrandH,In-Store,UPC-291595135,SKU-ELE-3375,Monitor,9,9,0,2704.95,1202.6,1502.35,352.35,51.8,0,0,2025-12-19 20:00:00,0,1,1
TXN-03-02840,STORE-007,Sports,BrandA,Online,UPC-473451480,SKU-SPO-6962,Backpack,8,8,4,3241.28,1797.71,1443.57,464.5,59.34,1,0,2025-12-12 18:00:00,1,0,1
TXN-03-02502,STORE-005,Apparel,BrandD,In-Store,UPC-697343309,SKU-APP-8871,Socks,9,9,3,1542.15,679.82,862.33,229.22,57.87,1,0,2025-12-08 16:00:00,1,1,1
TXN-03-03945,STORE-007,Sports,BrandC,In-Store,UPC-462465808,SKU-SPO-9227,Backpack,6,6,4,1537.02,1040.52,496.5,342.93,86.76,0,0,2025-12-03 00:00:00,1,0,1
TXN-03-01591,STORE-018,Home & Garden,BrandB,Mobile,UPC-794064977,SKU-HOM-1767,Plant Pot,9,9,4,3847.14,2330.79,1516.35,499.94,72.48,0,0,2025-12-09 23:00:00,0,0,1
TXN-03-03267,STORE-011,Electronics,BrandE,Online,UPC-215481626,SKU-ELE-6613,Laptop,3,3,0,632.76,340.97,291.79,299.27,88.35,0,0,2025-12-19 21:00:00,0,0,1
TXN-03-00424,STORE-016,Electronics,BrandD,In-Store,UPC-407060748,SKU-ELE-7711,Headphones,1,1,3,295.5,178.56,116.94,340.3,44.8,0,0,2025-12-26 05:00:00,1,0,1
TXN-03-06263,STORE-018,Sports,BrandG,Online,UPC-572297501,SKU-SPO-5303,Running Shoes,4,4,2,1308.0,852.02,455.98,376.35,49.35,0,0,2025-12-01 07:00:00,1,0,1
TXN-03-00320,STORE-014,Apparel,BrandB,Mobile,UPC-395169407,SKU-APP-7946,Hat,1,1,1,123.55,85.87,37.68,123.98,0.43,0,0,2025-12-04 21:00:00,0,1,1
TXN-03-00310,STORE-005,Sports,BrandA,Mobile,UPC-163328934,SKU-SPO-1542,Dumbbell,6,6,0,1495.08,688.84,806.24,320.72,71.54,0,0,2025-12-06 23:00:00,1,1,1
TXN-03-04992,STORE-010,Apparel,BrandD,In-Store,UPC-538607691,SKU-APP-1844,Scarf,8,8,0,1079.6,804.86,274.74,176.18,41.23,0,0,2025-12-18 01:00:00,1,1,1
TXN-03-04646,STORE-002,Apparel,BrandA,In-Store,UPC-404128970,SKU-APP-2031,Jeans,8,8,4,2779.84,1730.59,1049.25,350.75,3.27,0,0,2025-12-05 00:00:00,0,1,1
TXN-03-05552,STORE-004,Electronics,BrandD,In-Store,UPC-340240784,SKU-ELE-4749,Camera,6,6,3,1263.36,833.04,430.32,213.51,2.95,0,0,2025-12-07 04:00:00,1,0,1
TXN-03-02718,STORE-015,Home & Garden,BrandA,In-Store,UPC-466068769,SKU-HOM-5012,Lamp,7,7,4,526.68,331.24,195.44,96.12,20.88,0,0,2025-12-16 14:00:00,1,0,1
TXN-03-05583,STORE-019,Grocery,BrandG,In-Store,UPC-573439478,SKU-GRO-4374,Milk,3,3,1,1053.18,590.7,462.48,357.22,6.16,0,0,2025-12-01 13:00:00,0,0,1
TXN-03-05157,STORE-004,Apparel,BrandF,In-Store,UPC-214188285,SKU-APP-1502,Dress,7,7,1,2606.45,1866.93,739.52,430.77,58.42,0,0,2025-12-21 18:00:00,1,1,1
TXN-03-02452,STORE-017,Grocery,BrandA,Online,UPC-359776762,SKU-GRO-1667,Rice,4,4,0,1229.12,846.75,382.37,350.13,42.85,0,0,2025-12-21 09:00:00,1,0,1
TXN-03-02133,STORE-014,Home & Garden,BrandB,Online,UPC-105054436,SKU-HOM-4412,Chair,9,9,4,636.66,417.08,219.58,89.39,18.65,0,0,2025-12-24 03:00:00,0,0,1
TXN-03-06376,STORE-009,Electronics,BrandG,Mobile,UPC-595419649,SKU-ELE-8905,Monitor,5,5,0,1947.9,1352.13,595.77,437.84,48.26,0,0,2025-12-14 11:00:00,0,0,1
TXN-03-05498,STORE-008,Home & Garden,BrandA,In-Store,UPC-397268850,SKU-HOM-2933,Rug,6,6,3,1107.72,551.46,556.26,187.61,2.99,0,0,2025-12-26 12:00:00,0,0,1
TXN-03-05139,STORE-007,Home & Garden,BrandC,Mobile,UPC-431487388,SKU-HOM-3647,Cushion,5,5,3,562.6,310.45,252.15,123.08,10.56,0,0,2025-12-10 02:00:00,0,0,1
TXN-03-05526,STORE-008,Electronics,BrandG,Online,UPC-842313030,SKU-ELE-2265,Camera,7,7,0,351.26,141.99,209.27,63.23,13.05,0,0,2025-12-02 18:00:00,0,0,1
TXN-03-05877,STORE-009,Electronics,BrandH,In-Store,UPC-906246252,SKU-ELE-2448,Camera,3,3,4,760.59,379.72,380.87,354.24,100.71,0,0,2025-12-10 02:00:00,0,0,1
TXN-03-02898,STORE-015,Home & Garden,BrandF,In-Store,UPC-234579782,SKU-HOM-6984,Hose,9,9,4,2819.61,1541.78,1277.83,411.31,98.02,0,0,2025-12-18 07:00:00,0,0,1
TXN-03-03308,STORE-005,Electronics,BrandB,In-Store,UPC-137581502,SKU-ELE-9011,Phone,3,3,1,779.04,580.34,198.7,259.93,0.25,0,0,2025-12-18 14:00:00,0,0,1
TXN-03-06059,STORE-010,Electronics,BrandB,Online,UPC-782803733,SKU-ELE-1919,Monitor,3,3,1,572.97,347.8,225.17,235.06,44.07,0,0,2025-12-15 05:00:00,1,0,1
TXN-03-04548,STORE-007,Apparel,BrandH,In-Store,UPC-515740321,SKU-APP-8108,Jeans,5,5,0,1736.3,952.89,783.41,438.01,90.75,0,0,2025-12-29 16:00:00,1,1,1
TXN-03-00160,STORE-014,Electronics,BrandD,Online,UPC-746561032,SKU-ELE-5891,Monitor,2,2,2,637.5,325.62,311.88,340.45,21.7,0,0,2025-12-08 08:00:00,0,1,1
TXN-03-04190,STORE-003,Sports,BrandE,Online,UPC-684931787,SKU-SPO-2684,Cap,7,7,3,970.2,441.17,529.03,151.27,12.67,0,0,2025-12-05 02:00:00,1,1,1
TXN-03-03555,STORE-016,Apparel,BrandC,In-Store,UPC-451839442,SKU-APP-4285,Dress,2,2,3,416.6,191.04,225.56,215.17,6.87,0,0,2025-12-12 02:00:00,0,0,1
TXN-03-00268,STORE-019,Home & Garden,BrandG,In-Store,UPC-466070256,SKU-HOM-7257,Plant Pot,4,4,1,546.72,313.21,233.51,167.57,30.89,0,0,2025-12-20 14:00:00,1,0,1
TXN-03-00480,STORE-007,Home & Garden,BrandH,In-Store,UPC-949335731,SKU-HOM-3551,Chair,3,3,2,556.29,291.54,264.75,230.45,45.02,0,0,2025-12-01 22:00:00,1,0,1
TXN-03-05195,STORE-018,Home & Garden,BrandA,In-Store,UPC-455566279,SKU-HOM-6040,Plant Pot,2,2,1,607.54,387.92,219.62,353.1,49.33,0,0,2025-12-02 22:00:00,1,1,1
TXN-03-01316,STORE-011,Sports,BrandC,In-Store,UPC-880153220,SKU-SPO-7687,Jersey,3,3,4,1042.74,654.44,388.3,467.09,119.51,0,0,2025-12-08 04:00:00,1,1,1
TXN-03-01769,STORE-012,Electronics,BrandB,In-Store,UPC-386918465,SKU-ELE-4784,Tablet,9,9,2,3603.96,1909.86,1694.1,471.76,71.32,0,0,2025-12-20 07:00:00,1,0,1
TXN-03-00834,STORE-010,Apparel,BrandA,Mobile,UPC-692255628,SKU-APP-4255,Scarf,1,1,4,349.44,220.51,128.93,440.08,90.64,0,0,2025-12-04 03:00:00,0,0,1
TXN-03-05196,STORE-003,Electronics,BrandH,In-Store,UPC-120195581,SKU-ELE-4105,Phone,4,4,0,1043.36,780.37,262.99,319.9,59.06,1,0,2025-12-22 16:00:00,0,0,1
TXN-03-01896,STORE-009,Grocery,BrandA,Online,UPC-260226000,SKU-GRO-4046,Coffee,5,5,2,697.95,460.4,237.55,187.27,47.68,0,0,2025-12-17 06:00:00,1,0,1
TXN-03-03211,STORE-018,Electronics,BrandC,Online,UPC-525258467,SKU-ELE-4397,Tablet,8,8,2,2794.56,1595.92,1198.64,377.65,28.33,0,0,2025-12-27 19:00:00,0,0,1
TXN-03-03947,STORE-003,Sports,BrandE,Mobile,UPC-230158855,SKU-SPO-2420,Yoga Mat,4,4,3,1563.04,871.45,691.59,421.21,30.45,0,0,2025-12-19 15:00:00,1,0,1
TXN-03-02367,STORE-017,Sports,BrandF,In-Store,UPC-509578750,SKU-SPO-2378,Jersey,8,8,4,2160.4,1430.02,730.38,272.0,1.95,0,0,2025-12-18 12:00:00,1,1,1
TXN-03-01136,STORE-019,Grocery,BrandE,Online,UPC-780990746,SKU-GRO-3614,Cereal,1,1,1,72.26,48.26,24.0,84.22,11.96,0,0,2025-12-28 11:00:00,0,0,1
TXN-03-02755,STORE-012,Sports,BrandC,Online,UPC-750723199,SKU-SPO-3226,Cap,1,1,0,125.08,77.51,47.57,165.7,40.62,0,0,2025-12-07 10:00:00,0,0,1
TXN-03-02392,STORE-005,Electronics,BrandA,Online,UPC-935808507,SKU-ELE-7371,Phone,4,4,1,405.08,292.5,112.58,129.27,28.0,0,0,2025-12-15 18:00:00,1,0,1
TXN-03-03210,STORE-005,Electronics,BrandF,In-Store,UPC-666327398,SKU-ELE-6314,Phone,6,6,2,1817.28,1024.2,793.08,344.16,41.28,0,0,2025-12-02 14:00:00,0,0,1
TXN-03-02771,STORE-017,Electronics,BrandG,Online,UPC-273083612,SKU-ELE-5451,Phone,6,6,0,450.54,209.09,241.45,105.61,30.52,0,0,2025-12-22 21:00:00,1,1,1
TXN-03-02345,STORE-018,Sports,BrandC,In-Store,UPC-694496065,SKU-SPO-5771,Jersey,8,8,3,502.08,246.95,255.13,65.42,2.66,0,0,2025-12-05 22:00:00,1,0,1
TXN-03-01954,STORE-006,Sports,BrandA,In-Store,UPC-861634642,SKU-SPO-1600,Running Shoes,7,7,4,594.58,318.13,276.45,86.55,1.61,1,0,2025-12-07 12:00:00,1,0,1
TXN-03-05129,STORE-015,Grocery,BrandH,In-Store,UPC-434925324,SKU-GRO-8332,Juice,7,7,0,347.48,159.52,187.96,69.37,19.73,1,0,2025-12-30 11:00:00,1,1,1
TXN-03-03872,STORE-006,Apparel,BrandE,In-Store,UPC-902185868,SKU-APP-5215,Jeans,1,1,4,211.16,126.75,84.41,273.25,62.09,1,0,2025-12-03 12:00:00,1,0,1
TXN-03-05496,STORE-005,Apparel,BrandC,Online,UPC-758703637,SKU-APP-3595,Socks,9,9,4,3602.79,2452.89,1149.9,405.68,5.37,0,0,2025-12-13 16:00:00,0,1,1
TXN-03-06360,STORE-009,Grocery,BrandE,Online,UPC-628500271,SKU-GRO-2314,Juice,8,8,2,1904.0,1252.97,651.03,324.17,86.17,0,0,2025-12-08 21:00:00,0,0,1
TXN-03-01047,STORE-010,Electronics,BrandG,Mobile,UPC-630694558,SKU-ELE-7162,Monitor,5,5,2,456.95,300.45,156.5,124.95,33.56,0,0,2025-12-04 11:00:00,1,0,1
TXN-03-03842,STORE-007,Sports,BrandH,In-Store,UPC-856505754,SKU-SPO-1098,Running Shoes,9,9,1,965.16,607.1,358.06,130.03,22.79,0,0,2025-12-23 17:00:00,1,1,1
TXN-03-00916,STORE-007,Apparel,BrandF,Mobile,UPC-613675250,SKU-APP-1354,Dress,5,5,0,1791.4,744.43,1046.97,369.39,11.11,0,0,2025-12-30 23:00:00,0,1,1
TXN-03-00117,STORE-003,Home & Garden,BrandB,In-Store,UPC-887518978,SKU-HOM-7617,Cushion,3,3,3,1026.54,560.48,466.06,383.53,41.35,0,0,2025-12-23 18:00:00,1,1,1
TXN-03-02209,STORE-004,Grocery,BrandG,Online,UPC-240723676,SKU-GRO-5124,Rice,1,1,3,272.37,157.8,114.57,299.42,27.05,0,0,2025-12-07 13:00:00,0,0,1
TXN-03-03328,STORE-001,Apparel,BrandH,Mobile,UPC-956268294,SKU-APP-2757,Shoes,9,9,3,2933.73,1614.43,1319.3,337.76,11.79,0,0,2025-12-10 06:00:00,1,0,1
TXN-03-02693,STORE-006,Apparel,BrandF,In-Store,UPC-804245764,SKU-APP-1239,Scarf,5,5,1,1048.45,724.64,323.81,274.18,64.49,0,0,2025-12-21 23:00:00,0,0,1
TXN-03-01540,STORE-013,Home & Garden,BrandF,Online,UPC-865186625,SKU-HOM-7963,Chair,6,6,3,2164.44,1474.78,689.66,467.65,106.91,0,0,2025-12-11 07:00:00,0,1,1
TXN-03-04493,STORE-009,Home & Garden,BrandB,In-Store,UPC-799821795,SKU-HOM-7845,Lamp,9,9,3,1388.88,822.78,566.1,210.86,56.54,0,0,2025-12-27 15:00:00,1,0,1
TXN-03-04014,STORE-011,Home & Garden,BrandE,Online,UPC-515650082,SKU-HOM-3543,Vase,9,9,3,3362.04,1428.82,1933.22,445.17,71.61,0,0,2025-12-13 22:00:00,1,0,1
TXN-03-01378,STORE-003,Apparel,BrandF,Online,UPC-204677728,SKU-APP-9805,Hat,9,9,3,315.36,182.4,132.96,43.36,8.32,0,0,2025-12-01 18:00:00,1,0,1
TXN-03-04213,STORE-007,Electronics,BrandF,Online,UPC-200536942,SKU-ELE-8615,Laptop,8,8,2,932.64,471.26,461.38,134.96,18.38,0,0,2025-12-24 01:00:00,1,1,1
TXN-03-00008,STORE-008,Apparel,BrandH,Online,UPC-875926699,SKU-APP-2224,Jacket,2,2,2,358.34,144.01,214.33,250.96,71.79,0,0,2025-12-03 20:00:00,0,0,1
TXN-03-06090,STORE-003,Apparel,BrandB,In-Store,UPC-889284864,SKU-APP-4567,Scarf,2,2,2,70.12,36.3,33.82,41.41,6.35,1,0,2025-12-18 11:00:00,1,1,1
TXN-03-04709,STORE-008,Apparel,BrandB,Online,UPC-293828323,SKU-APP-6217,Hat,7,7,3,262.99,116.92,146.07,46.22,8.65,0,0,2025-12-06 11:00:00,0,1,1
TXN-03-04794,STORE-007,Electronics,BrandH,In-Store,UPC-116460529,SKU-ELE-2061,Speaker,4,4,1,1547.48,839.0,708.48,478.11,91.24,0,0,2025-12-22 21:00:00,1,1,1
TXN-03-01953,STORE-006,Grocery,BrandD,Online,UPC-634820653,SKU-GRO-3334,Juice,7,7,3,607.74,431.94,175.8,87.42,0.6,0,0,2025-12-11 10:00:00,1,0,1
TXN-03-01160,STORE-011,Apparel,BrandF,Online,UPC-629875301,SKU-APP-3584,T-Shirt,5,5,2,1539.85,977.42,562.43,369.76,61.79,0,0,2025-12-10 15:00:00,0,1,1
TXN-03-00646,STORE-009,Electronics,BrandH,Online,UPC-160037520,SKU-ELE-2534,Speaker,8,8,4,2653.2,1125.92,1527.28,341.22,9.57,0,0,2025-12-18 22:00:00,0,0,1
TXN-03-03771,STORE-013,Sports,BrandE,In-Store,UPC-696338105,SKU-SPO-5833,Cap,1,1,4,132.98,86.45,46.53,173.3,40.32,0,0,2025-12-07 04:00:00,0,1,1
TXN-03-03696,STORE-016,Home & Garden,BrandF,In-Store,UPC-173164363,SKU-HOM-7299,Chair,6,6,2,918.84,665.47,253.37,177.76,24.62,0,0,2025-12-29 14:00:00,1,0,1
TXN-03-00982,STORE-020,Electronics,BrandA,Mobile,UPC-404066199,SKU-ELE-7605,Monitor,7,7,2,2780.96,1657.62,1123.34,495.31,98.03,0,0,2025-12-04 23:00:00,1,0,1
TXN-03-03875,STORE-018,Electronics,BrandG,In-Store,UPC-899713839,SKU-ELE-9154,Monitor,7,7,3,778.96,426.09,352.87,118.95,7.67,0,0,2025-12-11 02:00:00,0,0,1
TXN-03-05281,STORE-006,Sports,BrandG,Online,UPC-618604243,SKU-SPO-5620,Resistance Band,7,7,3,1018.36,567.85,450.51,178.5,33.02,0,0,2025-12-25 21:00:00,0,0,1
TXN-03-00387,STORE-019,Sports,BrandD,Online,UPC-800844673,SKU-SPO-9313,Running Shoes,1,1,4,359.64,144.46,215.18,379.95,20.31,0,0,2025-12-27 00:00:00,1,1,1
TXN-03-04592,STORE-008,Home & Garden,BrandD,Mobile,UPC-854951802,SKU-HOM-8103,Lamp,3,3,0,610.32,245.41,364.91,208.01,4.57,0,0,2025-12-22 09:00:00,0,0,1
TXN-03-02627,STORE-005,Apparel,BrandH,In-Store,UPC-726418905,SKU-APP-3748,Jeans,6,6,3,52.08,24.68,27.4,12.12,3.44,0,0,2025-12-25 22:00:00,1,0,1
TXN-03-00003,STORE-009,Apparel,BrandG,In-Store,UPC-521948245,SKU-APP-3805,Jacket,7,7,1,275.24,164.01,111.23,48.63,9.31,0,0,2025-12-21 19:00:00,0,0,1
TXN-03-02026,STORE-007,Apparel,BrandB,Online,UPC-115011077,SKU-APP-6211,Socks,3,3,4,430.23,276.11,154.12,196.87,53.46,0,0,2025-12-09 17:00:00,0,0,1
TXN-03-03689,STORE-013,Apparel,BrandG,In-Store,UPC-527880938,SKU-APP-6601,Dress,7,7,1,1206.31,805.17,401.14,185.1,12.77,0,0,2025-12-04 01:00:00,0,0,1
TXN-03-06002,STORE-001,Home & Garden,BrandC,Mobile,UPC-953725908,SKU-HOM-8574,Plant Pot,8,8,2,2651.68,1487.25,1164.43,397.74,66.28,0,0,2025-12-06 12:00:00,0,0,1
TXN-03-03540,STORE-013,Electronics,BrandG,Mobile,UPC-704329264,SKU-ELE-3219,Phone,9,9,0,2802.51,1422.22,1380.29,354.83,43.44,0,0,2025-12-27 07:00:00,1,0,1
TXN-03-04129,STORE-012,Home & Garden,BrandC,In-Store,UPC-948673833,SKU-HOM-7421,Chair,4,4,4,1364.28,746.52,617.76,452.79,111.72,0,0,2025-12-23 01:00:00,1,0,1
TXN-03-04110,STORE-017,Electronics,BrandG,Online,UPC-728402829,SKU-ELE-9526,Speaker,5,5,1,612.6,288.03,324.57,162.49,39.97,0,0,2025-12-06 03:00:00,1,1,1
TXN-03-06117,STORE-016,Home & Garden,BrandG,Online,UPC-720856005,SKU-HOM-4917,Chair,7,7,1,633.99,259.59,374.4,115.17,24.6,0,0,2025-12-19 19:00:00,1,0,1
TXN-03-06316,STORE-014,Apparel,BrandC,Mobile,UPC-320792884,SKU-APP-4236,Jacket,3,3,2,407.58,266.72,140.86,159.43,23.57,0,0,2025-12-25 03:00:00,0,1,1
TXN-03-03317,STORE-013,Apparel,BrandA,In-Store,UPC-802314237,SKU-APP-5681,Jeans,4,4,4,1292.64,534.02,758.62,356.23,33.07,0,0,2025-12-28 02:00:00,0,0,1
TXN-03-02228,STORE-008,Electronics,BrandG,In-Store,UPC-764544589,SKU-ELE-7377,Tablet,3,3,2,1081.86,593.36,488.5,431.43,70.81,0,0,2025-12-29 01:00:00,0,0,1
TXN-03-00715,STORE-013,Electronics,BrandC,Mobile,UPC-779987713,SKU-ELE-1503,Camera,1,1,2,127.15,89.89,37.26,172.53,45.38,0,0,2025-12-06 18:00:00,0,0,1
TXN-03-04789,STORE-001,Grocery,BrandC,Mobile,UPC-942148435,SKU-GRO-3575,Snack Bar,4,4,1,735.24,501.91,233.33,246.53,62.72,0,0,2025-12-21 14:00:00,1,0,1
TXN-03-03779,STORE-015,Electronics,BrandC,Online,UPC-931321556,SKU-ELE-1679,Tablet,9,9,4,1673.55,1100.28,573.27,193.33,7.38,0,0,2025-12-10 16:00:00,0,0,1
TXN-03-04894,STORE-015,Apparel,BrandE,Mobile,UPC-121299146,SKU-APP-6363,T-Shirt,1,1,4,240.54,110.54,130.0,283.27,42.73,0,0,2025-12-29 21:00:00,0,0,1
TXN-03-04039,STORE-014,Electronics,BrandF,In-Store,UPC-335335330,SKU-ELE-6691,Phone,7,7,2,1952.09,1103.84,848.25,288.37,9.5,0,0,2025-12-19 16:00:00,1,1,1
TXN-03-02152,STORE-008,Home & Garden,BrandA,Online,UPC-119663993,SKU-HOM-6489,Rug,3,3,3,906.27,679.57,226.7,379.28,77.19,0,0,2025-12-19 04:00:00,1,0,1
TXN-03-03726,STORE-005,Grocery,BrandG,In-Store,UPC-263735506,SKU-GRO-5088,Pasta,5,5,4,460.35,327.48,132.87,122.54,30.47,0,0,2025-12-13 21:00:00,1,0,1
TXN-03-05006,STORE-009,Home & Garden,BrandF,Online,UPC-810151984,SKU-HOM-8504,Chair,9,9,0,3574.17,2149.88,1424.29,402.01,4.88,1,0,2025-12-03 09:00:00,1,0,1
TXN-03-04520,STORE-005,Apparel,BrandB,Online,UPC-826086522,SKU-APP-6315,Hat,7,7,4,1894.13,1336.36,557.77,287.22,16.63,0,0,2025-12-08 09:00:00,0,0,1
TXN-03-06045,STORE-005,Electronics,BrandE,Mobile,UPC-541106647,SKU-ELE-2622,Phone,5,5,2,449.1,227.72,221.38,108.31,18.49,0,0,2025-12-24 15:00:00,0,0,1
TXN-03-04409,STORE-016,Grocery,BrandD,Online,UPC-621587100,SKU-GRO-7886,Juice,9,9,1,1263.51,774.77,488.74,182.94,42.55,0,0,2025-12-19 22:00:00,1,0,1
TXN-03-00832,STORE-019,Sports,BrandA,In-Store,UPC-787029876,SKU-SPO-2532,Running Shoes,8,8,4,383.28,283.98,99.3,59.31,11.4,0,0,2025-12-18 10:00:00,1,0,1
TXN-03-02340,STORE-008,Grocery,BrandG,Mobile,UPC-138190439,SKU-GRO-5374,Bread,5,5,1,394.6,245.35,149.25,104.84,25.92,0,0,2025-12-11 08:00:00,1,1,1
TXN-03-03645,STORE-019,Sports,BrandH,Online,UPC-973825972,SKU-SPO-8464,Backpack,4,4,4,56.68,37.44,19.24,14.59,0.42,0,0,2025-12-23 05:00:00,1,0,1
TXN-03-06208,STORE-004,Sports,BrandD,Online,UPC-174489774,SKU-SPO-8811,Water Bottle,1,1,1,18.55,11.81,6.74,20.15,1.6,0,0,2025-12-13 17:00:00,1,1,1
TXN-03-05392,STORE-013,Electronics,BrandG,In-Store,UPC-174569418,SKU-ELE-4609,Tablet,2,2,4,617.5,443.22,174.28,348.44,39.69,0,0,2025-12-06 05:00:00,1,1,1
TXN-03-05739,STORE-013,Sports,BrandD,In-Store,UPC-744906874,SKU-SPO-1238,Dumbbell,3,3,4,913.14,454.42,458.72,387.65,83.27,0,0,2025-12-24 16:00:00,1,0,1
TXN-03-03409,STORE-015,Apparel,BrandB,In-Store,UPC-605967233,SKU-APP-7324,Jeans,8,8,0,416.48,303.06,113.42,73.18,21.12,1,0,2025-12-08 01:00:00,0,0,1
TXN-03-04499,STORE-011,Electronics,BrandG,Online,UPC-790239956,SKU-ELE-4006,Phone,1,1,1,429.72,214.92,214.8,458.22,28.5,0,0,2025-12-23 05:00:00,1,1,1
TXN-03-01411,STORE-005,Sports,BrandA,In-Store,UPC-773562216,SKU-SPO-2391,Jersey,4,4,4,1322.6,762.86,559.74,419.86,89.21,1,1,2025-12-01 00:00:00,0,0,1
TXN-03-01076,STORE-001,Grocery,BrandB,In-Store,UPC-524925083,SKU-GRO-3978,Cereal,2,2,1,688.46,400.73,287.73,387.75,43.52,0,0,2025-12-09 09:00:00,1,0,1
TXN-03-04541,STORE-018,Home & Garden,BrandA,In-Store,UPC-603556069,SKU-HOM-3852,Tool Set,5,5,1,902.15,443.06,459.09,226.42,45.99,0,0,2025-12-01 07:00:00,0,0,1
TXN-03-06328,STORE-013,Grocery,BrandD,In-Store,UPC-279875787,SKU-GRO-2767,Milk,5,5,1,510.2,256.35,253.85,129.47,27.43,1,1,2025-12-06 04:00:00,1,0,1
TXN-03-01910,STORE-015,Sports,BrandF,In-Store,UPC-657959433,SKU-SPO-3264,Running Shoes,8,8,0,2830.0,2021.78,808.22,361.48,7.73,0,0,2025-12-25 23:00:00,1,1,1
TXN-03-03670,STORE-009,Home & Garden,BrandE,Mobile,UPC-688448386,SKU-HOM-2251,Vase,3,3,1,1114.5,471.66,642.84,419.74,48.24,0,0,2025-12-01 21:00:00,1,1,1
TXN-03-02781,STORE-015,Apparel,BrandB,In-Store,UPC-192624315,SKU-APP-2241,Hat,1,1,1,370.57,211.95,158.62,399.42,28.85,0,0,2025-12-02 16:00:00,1,1,1
TXN-03-01991,STORE-010,Electronics,BrandB,Mobile,UPC-425860416,SKU-ELE-8705,Speaker,5,5,3,726.5,454.42,272.08,203.6,58.3,0,0,2025-12-13 07:00:00,0,1,1
TXN-03-02257,STORE-006,Apparel,BrandB,Online,UPC-860023899,SKU-APP-3629,Jeans,3,3,2,206.94,144.85,62.09,75.06,6.08,0,0,2025-12-16 07:00:00,1,0,1
TXN-03-05850,STORE-010,Apparel,BrandF,Online,UPC-883322231,SKU-APP-6433,T-Shirt,2,2,1,752.26,435.54,316.72,474.18,98.05,0,0,2025-12-06 11:00:00,0,0,1
TXN-03-05376,STORE-011,Grocery,BrandE,Online,UPC-713582741,SKU-GRO-7114,Juice,6,6,1,2765.94,1657.73,1108.21,477.87,16.88,0,0,2025-12-08 03:00:00,1,0,1
TXN-03-02661,STORE-017,Electronics,BrandC,In-Store,UPC-501498296,SKU-ELE-9658,Speaker,8,8,0,2361.36,1188.4,1172.96,400.82,105.65,1,0,2025-12-06 18:00:00,1,0,1
TXN-03-03825,STORE-009,Electronics,BrandD,In-Store,UPC-207981317,SKU-ELE-7241,Headphones,3,3,3,1198.56,873.63,324.93,475.86,76.34,0,0,2025-12-03 23:00:00,0,0,1
TXN-03-00859,STORE-017,Grocery,BrandE,In-Store,UPC-473368492,SKU-GRO-3367,Pasta,7,7,4,1497.86,729.74,768.12,254.21,40.23,0,0,2025-12-14 13:00:00,1,0,1
TXN-03-01078,STORE-017,Apparel,BrandE,Mobile,UPC-480272539,SKU-APP-9645,Shoes,6,6,3,709.08,370.5,338.58,129.3,11.12,0,0,2025-12-07 18:00:00,0,1,1
TXN-03-04434,STORE-010,Home & Garden,BrandH,Online,UPC-376280353,SKU-HOM-4184,Chair,4,4,2,568.76,421.88,146.88,163.58,21.39,0,0,2025-12-30 18:00:00,1,0,1
TXN-03-02188,STORE-019,Electronics,BrandE,In-Store,UPC-480587415,SKU-ELE-9978,Headphones,9,9,4,2943.18,1515.2,1427.98,462.25,135.23,1,0,2025-12-21 05:00:00,0,0,1
TXN-03-04978,STORE-015,Apparel,BrandB,Mobile,UPC-719129361,SKU-APP-8482,Jeans,5,5,2,56.2,41.72,14.48,15.72,4.48,0,0,2025-12-13 09:00:00,1,0,1
TXN-03-06029,STORE-018,Home & Garden,BrandD,In-Store,UPC-586413244,SKU-HOM-8964,Vase,2,2,2,146.38,105.63,40.75,77.28,4.09,1,0,2025-12-07 18:00:00,0,0,1
TXN-03-03545,STORE-020,Grocery,BrandB,Mobile,UPC-644660926,SKU-GRO-8728,Cereal,1,1,4,359.81,209.65,150.16,398.42,38.61,0,0,2025-12-06 01:00:00,0,1,1
TXN-03-03327,STORE-018,Electronics,BrandD,In-Store,UPC-706692264,SKU-ELE-7400,Tablet,3,3,0,992.76,681.53,311.23,370.24,39.32,0,0,2025-12-21 12:00:00,1,0,1
TXN-03-02400,STORE-020,Sports,BrandC,Online,UPC-774156600,SKU-SPO-6042,Running Shoes,2,2,2,691.52,440.06,251.46,350.09,4.33,0,0,2025-12-11 09:00:00,1,0,1
TXN-03-01238,STORE-010,Home & Garden,BrandC,In-Store,UPC-141294436,SKU-HOM-7821,Cushion,2,2,3,105.04,61.22,43.82,57.34,4.82,0,0,2025-12-14 05:00:00,1,1,1
TXN-03-00421,STORE-005,Electronics,BrandE,Online,UPC-373924514,SKU-ELE-9384,Monitor,5,5,3,1229.45,653.92,575.53,310.15,64.26,0,0,2025-12-14 09:00:00,1,1,1
TXN-03-01996,STORE-009,Electronics,BrandA,Online,UPC-636915645,SKU-ELE-5357,Speaker,4,4,1,581.92,377.01,204.91,178.12,32.64,0,0,2025-12-22 08:00:00,1,0,1
TXN-03-05172,STORE-002,Home & Garden,BrandB,Online,UPC-526719254,SKU-HOM-1357,Lamp,7,7,0,2203.74,1134.82,1068.92,398.86,84.04,0,0,2025-12-02 20:00:00,0,0,1
TXN-03-01488,STORE-016,Home & Garden,BrandA,In-Store,UPC-911581631,SKU-HOM-5127,Tool Set,3,3,1,428.43,248.82,179.61,144.79,1.98,0,0,2025-12-20 14:00:00,1,0,1
TXN-03-01949,STORE-009,Grocery,BrandE,In-Store,UPC-867331136,SKU-GRO-6804,Bread,6,6,2,1103.7,662.78,440.92,259.95,76.0,0,0,2025-12-12 03:00:00,1,0,1
TXN-03-06123,STORE-020,Electronics,BrandA,Online,UPC-542519057,SKU-ELE-5530,Laptop,1,1,4,173.18,118.55,54.63,185.28,12.1,0,0,2025-12-26 11:00:00,1,0,1
TXN-03-03469,STORE-018,Apparel,BrandB,In-Store,UPC-481277746,SKU-APP-9364,Socks,4,4,1,839.88,546.04,293.84,219.06,9.09,0,0,2025-12-02 15:00:00,1,0,1
TXN-03-04047,STORE-001,Home & Garden,BrandE,Online,UPC-725005632,SKU-HOM-5661,Cushion,4,4,0,338.64,225.59,113.05,115.05,30.39,0,0,2025-12-17 13:00:00,1,0,1
TXN-03-01618,STORE-014,Electronics,BrandG,Mobile,UPC-747852705,SKU-ELE-7552,Laptop,8,8,1,2941.84,1700.11,1241.73,426.4,58.67,0,0,2025-12-29 02:00:00,1,0,1
TXN-03-02043,STORE-003,Electronics,BrandD,In-Store,UPC-190266879,SKU-ELE-3427,Headphones,5,5,3,59.8,26.07,33.73,15.3,3.34,0,0,2025-12-05 20:00:00,1,0,1
TXN-03-01116,STORE-003,Home & Garden,BrandG,Online,UPC-469655161,SKU-HOM-2421,Lamp,8,8,2,2007.52,1200.45,807.07,310.98,60.04,0,0,2025-12-03 00:00:00,1,0,1
TXN-03-05423,STORE-019,Sports,BrandG,In-Store,UPC-415575572,SKU-SPO-2958,Jersey,7,7,1,387.66,255.88,131.78,66.3,10.92,0,0,2025-12-24 18:00:00,1,1,1
TXN-03-02671,STORE-007,Electronics,BrandD,Online,UPC-324826759,SKU-ELE-6430,Phone,4,4,3,238.24,139.81,98.43,71.57,12.01,1,0,2025-12-25 18:00:00,0,1,1
TXN-03-04098,STORE-018,Sports,BrandG,Online,UPC-761708405,SKU-SPO-3562,Water Bottle,1,1,4,163.27,90.05,73.22,215.82,52.55,0,0,2025-12-17 04:00:00,1,0,1
TXN-03-01147,STORE-007,Electronics,BrandG,In-Store,UPC-519956251,SKU-ELE-6538,Monitor,3,3,4,231.6,169.16,62.44,88.98,11.78,0,0,2025-12-25 00:00:00,1,0,1
TXN-03-03930,STORE-004,Apparel,BrandB,In-Store,UPC-793199555,SKU-APP-2823,Dress,5,5,2,1146.45,583.6,562.85,315.19,85.9,0,0,2025-12-18 09:00:00,1,1,1
TXN-03-01100,STORE-017,Electronics,BrandC,Online,UPC-549360465,SKU-ELE-8858,Camera,1,1,2,227.93,148.77,79.16,306.08,78.15,1,1,2025-12-12 14:00:00,0,1,1
TXN-03-04170,STORE-001,Electronics,BrandE,Online,UPC-968377466,SKU-ELE-7429,Laptop,5,5,0,138.2,88.33,49.87,29.74,2.1,0,0,2025-12-28 14:00:00,1,0,1
TXN-03-02726,STORE-017,Apparel,BrandD,Online,UPC-162137608,SKU-APP-8539,T-Shirt,3,3,0,177.66,110.44,67.22,68.73,9.51,0,0,2025-12-18 18:00:00,1,0,1
TXN-03-05825,STORE-020,Sports,BrandA,In-Store,UPC-947707225,SKU-SPO-1409,Backpack,8,8,4,851.76,617.58,234.18,140.16,33.69,0,0,2025-12-17 05:00:00,1,0,1
TXN-03-05296,STORE-006,Apparel,BrandC,Online,UPC-621985545,SKU-APP-6134,Jeans,7,7,2,1194.2,723.9,470.3,185.87,15.27,0,0,2025-12-28 06:00:00,1,0,1
TXN-03-00550,STORE-007,Electronics,BrandG,Online,UPC-352333934,SKU-ELE-5093,Charger,5,5,4,902.5,432.14,470.36,184.6,4.1,0,0,2025-12-23 15:00:00,0,0,1
TXN-03-06070,STORE-008,Home & Garden,BrandG,In-Store,UPC-173906746,SKU-HOM-4353,Vase,7,7,2,1549.8,819.93,729.87,238.83,17.43,0,0,2025-12-08 02:00:00,1,0,1
TXN-03-01010,STORE-009,Grocery,BrandE,Mobile,UPC-619164077,SKU-GRO-1700,Cereal,5,5,3,97.55,72.19,25.36,23.63,4.12,0,0,2025-12-06 20:00:00,1,1,1
TXN-03-04495,STORE-014,Sports,BrandH,In-Store,UPC-853237837,SKU-SPO-9396,Water Bottle,5,5,4,962.7,616.49,346.21,214.48,21.94,0,0,2025-12-17 02:00:00,0,0,1
TXN-03-05148,STORE-004,Apparel,BrandH,In-Store,UPC-317426289,SKU-APP-7975,Scarf,6,6,1,970.74,605.78,364.96,217.85,56.06,0,0,2025-12-30 09:00:00,0,0,1
TXN-03-03626,STORE-003,Electronics,BrandB,In-Store,UPC-735182102,SKU-ELE-3062,Tablet,9,9,0,956.61,462.37,494.24,134.9,28.61,0,0,2025-12-20 02:00:00,1,0,1
TXN-03-00238,STORE-019,Sports,BrandA,In-Store,UPC-102476305,SKU-SPO-7385,Yoga Mat,7,7,0,315.28,219.99,95.29,60.13,15.09,0,0,2025-12-09 07:00:00,1,0,1
TXN-03-01613,STORE-015,Electronics,BrandB,Online,UPC-587833396,SKU-ELE-6602,Charger,6,6,3,453.06,327.3,125.76,82.91,7.4,0,0,2025-12-22 12:00:00,1,1,1
TXN-03-04044,STORE-011,Sports,BrandE,In-Store,UPC-777617433,SKU-SPO-9149,Dumbbell,1,1,4,120.69,67.09,53.6,165.45,44.76,0,0,2025-12-26 02:00:00,1,0,1
TXN-03-05428,STORE-003,Grocery,BrandF,Online,UPC-912691752,SKU-GRO-3979,Bread,1,1,4,351.33,204.91,146.42,487.61,136.28,0,0,2025-12-13 21:00:00,1,1,1
TXN-03-06157,STORE-003,Grocery,BrandB,In-Store,UPC-982644195,SKU-GRO-3529,Coffee,1,1,2,430.22,282.13,148.09,452.83,22.61,0,0,2025-12-14 08:00:00,1,0,1
TXN-03-05947,STORE-006,Sports,BrandF,In-Store,UPC-878233720,SKU-SPO-1777,Resistance Band,7,7,4,448.49,257.63,190.86,76.18,12.11,0,0,2025-12-01 02:00:00,0,1,1
TXN-03-00103,STORE-004,Sports,BrandH,Mobile,UPC-743690107,SKU-SPO-5353,Resistance Band,8,8,0,2078.32,1459.71,618.61,272.53,12.74,0,0,2025-12-12 21:00:00,1,0,1
TXN-03-03120,STORE-019,Electronics,BrandD,Online,UPC-622627355,SKU-ELE-6292,Laptop,9,9,4,794.07,321.29,472.78,117.33,29.1,0,0,2025-12-25 22:00:00,0,0,1
TXN-03-03898,STORE-005,Apparel,BrandD,Online,UPC-476916282,SKU-APP-3585,Scarf,3,3,2,1143.78,722.83,420.95,420.21,38.95,0,0,2025-12-22 10:00:00,1,0,1
TXN-03-03051,STORE-017,Grocery,BrandD,In-Store,UPC-819732236,SKU-GRO-4705,Cereal,2,2,2,626.6,346.13,280.47,373.82,60.52,1,1,2025-12-01 19:00:00,1,0,1
TXN-03-05088,STORE-004,Sports,BrandC,In-Store,UPC-626342667,SKU-SPO-6403,Backpack,7,7,4,2034.06,1335.84,698.22,292.63,2.05,0,0,2025-12-10 11:00:00,1,0,1
TXN-03-04665,STORE-008,Grocery,BrandE,In-Store,UPC-612294243,SKU-GRO-6490,Coffee,1,1,4,106.28,53.63,52.65,113.06,6.78,0,0,2025-12-17 20:00:00,0,1,1
TXN-03-01014,STORE-018,Apparel,BrandF,In-Store,UPC-206248512,SKU-APP-7410,Socks,9,9,4,1574.46,781.1,793.36,226.53,51.59,0,0,2025-12-09 05:00:00,0,0,1
TXN-03-00620,STORE-001,Home & Garden,BrandH,Online,UPC-131082930,SKU-HOM-9166,Vase,9,9,3,282.69,140.42,142.27,33.87,2.46,0,0,2025-12-20 09:00:00,1,0,1
TXN-03-05789,STORE-012,Home & Garden,BrandB,In-Store,UPC-991255175,SKU-HOM-8911,Vase,5,5,3,1368.45,663.28,705.17,370.96,97.27,0,0,2025-12-05 07:00:00,0,0,1
TXN-03-04205,STORE-008,Electronics,BrandB,Online,UPC-679813555,SKU-ELE-6243,Charger,5,5,3,1733.5,694.97,1038.53,400.37,53.67,0,0,2025-12-23 16:00:00,1,0,1
TXN-03-05353,STORE-012,Electronics,BrandE,Mobile,UPC-501893743,SKU-ELE-6338,Tablet,6,6,2,140.94,104.05,36.89,28.0,4.51,0,0,2025-12-16 09:00:00,0,0,1
TXN-03-04984,STORE-011,Apparel,BrandB,Mobile,UPC-672914266,SKU-APP-4930,T-Shirt,3,3,4,1183.08,595.48,587.6,472.93,78.57,0,0,2025-12-05 15:00:00,1,0,1
TXN-03-05306,STORE-016,Sports,BrandB,In-Store,UPC-233626158,SKU-SPO-1399,Dumbbell,3,3,2,17.07,9.49,7.58,8.11,2.42,0,0,2025-12-23 14:00:00,1,0,1
TXN-03-01156,STORE-006,Sports,BrandE,In-Store,UPC-999627932,SKU-SPO-6899,Resistance Band,2,2,0,365.28,253.74,111.54,241.19,58.55,0,0,2025-12-09 14:00:00,1,0,1
TXN-03-01071,STORE-016,Grocery,BrandA,Online,UPC-342419133,SKU-GRO-5275,Cereal,3,3,0,186.12,110.99,75.13,68.33,6.29,0,0,2025-12-08 20:00:00,1,1,1
TXN-03-04653,STORE-012,Electronics,BrandH,Mobile,UPC-656734287,SKU-ELE-7517,Charger,3,3,0,558.12,355.63,202.49,228.92,42.88,0,0,2025-12-24 10:00:00,1,0,1
TXN-03-04616,STORE-004,Sports,BrandC,Online,UPC-460811120,SKU-SPO-1971,Backpack,7,7,3,235.55,167.65,67.9,35.77,2.12,0,0,2025-12-24 02:00:00,0,0,1
TXN-03-03781,STORE-017,Sports,BrandF,Online,UPC-192939693,SKU-SPO-6542,Dumbbell,2,2,3,504.72,236.98,267.74,337.99,85.63,0,0,2025-12-18 23:00:00,0,0,1
TXN-03-04095,STORE-018,Sports,BrandG,Online,UPC-883409742,SKU-SPO-5744,Running Shoes,3,3,2,359.4,262.05,97.35,141.82,22.02,1,0,2025-12-22 00:00:00,0,0,1
TXN-03-00071,STORE-009,Sports,BrandG,Online,UPC-424587491,SKU-SPO-3728,Water Bottle,6,6,4,1189.62,831.74,357.88,235.81,37.54,1,0,2025-12-21 21:00:00,1,0,1
TXN-03-00425,STORE-018,Apparel,BrandF,In-Store,UPC-555824414,SKU-APP-8150,Socks,9,9,4,2516.94,1805.65,711.29,363.69,84.03,0,0,2025-12-13 22:00:00,1,0,1
TXN-03-00450,STORE-013,Home & Garden,BrandB,Online,UPC-381810268,SKU-HOM-4040,Vase,9,9,2,831.06,408.67,422.39,121.85,29.51,0,0,2025-12-28 17:00:00,1,0,1
TXN-03-03536,STORE-002,Apparel,BrandA,Online,UPC-815671622,SKU-APP-3212,Socks,3,3,4,1261.95,568.33,693.62,486.09,65.44,0,0,2025-12-28 09:00:00,0,0,1
TXN-03-04350,STORE-005,Home & Garden,BrandE,In-Store,UPC-682908250,SKU-HOM-4259,Plant Pot,2,2,4,58.14,24.09,34.05,37.72,8.65,0,0,2025-12-04 15:00:00,0,1,1
TXN-03-03270,STORE-011,Grocery,BrandE,Mobile,UPC-813819652,SKU-GRO-9433,Snack Bar,4,4,1,1303.52,627.17,676.35,429.83,103.95,0,0,2025-12-08 05:00:00,0,1,1
TXN-03-06399,STORE-015,Sports,BrandB,In-Store,UPC-971111731,SKU-SPO-4360,Dumbbell,9,9,0,2628.54,1354.82,1273.72,381.97,89.91,0,0,2025-12-24 22:00:00,1,1,1
TXN-03-00798,STORE-005,Apparel,BrandG,Online,UPC-482022857,SKU-APP-9591,Jacket,5,5,3,1208.75,838.3,370.45,300.69,58.94,1,0,2025-12-30 05:00:00,0,1,1
TXN-03-00430,STORE-012,Electronics,BrandE,Mobile,UPC-154479696,SKU-ELE-3961,Monitor,6,6,1,302.76,177.75,125.01,56.1,5.64,1,1,2025-12-27 05:00:00,1,0,1
TXN-03-04884,STORE-017,Home & Garden,BrandC,Online,UPC-611154057,SKU-HOM-2299,Lamp,3,3,1,1059.69,703.62,356.07,431.97,78.74,0,0,2025-12-28 19:00:00,1,1,1
TXN-03-02191,STORE-017,Home & Garden,BrandA,Online,UPC-463128150,SKU-HOM-7941,Rug,9,9,3,2527.83,1739.95,787.88,289.4,8.53,1,1,2025-12-08 15:00:00,1,1,1
TXN-03-03078,STORE-020,Home & Garden,BrandA,In-Store,UPC-871305764,SKU-HOM-8330,Plant Pot,4,4,0,1338.2,945.67,392.53,361.82,27.27,0,0,2025-12-22 00:00:00,1,0,1
TXN-03-01273,STORE-013,Grocery,BrandD,Mobile,UPC-375723889,SKU-GRO-5392,Rice,3,3,4,608.49,320.52,287.97,217.92,15.09,0,0,2025-12-12 20:00:00,1,0,1
TXN-03-16411,STORE-018,Apparel,BrandB,In-Store,UPC-427789131,SKU-APP-1259,Scarf,2,2,0,103.86,50.13,53.73,56.29,4.36,0,0,2025-12-18 19:00:00,1,0,1
TXN-03-01853,STORE-011,Grocery,BrandG,In-Store,UPC-348542043,SKU-GRO-5551,Cereal,3,3,0,1040.85,752.26,288.59,407.84,60.89,0,0,2025-12-18 21:00:00,0,0,1
TXN-03-01223,STORE-014,Grocery,BrandH,Online,UPC-263346400,SKU-GRO-3483,Snack Bar,7,7,0,443.8,292.69,151.11,80.77,17.37,0,0,2025-12-19 22:00:00,0,1,1
TXN-03-01434,STORE-020,Home & Garden,BrandB,In-Store,UPC-204889540,SKU-HOM-3538,Lamp,2,2,4,245.8,159.58,86.22,161.8,38.9,0,0,2025-12-11 17:00:00,1,1,1
TXN-03-00758,STORE-002,Electronics,BrandC,Online,UPC-348994196,SKU-ELE-3882,Laptop,9,9,4,1258.02,653.92,604.1,164.44,24.66,0,0,2025-12-07 11:00:00,1,1,1
TXN-03-01356,STORE-020,Grocery,BrandF,Online,UPC-344384366,SKU-GRO-7944,Pasta,5,5,3,2451.85,1799.93,651.92,495.16,4.79,0,0,2025-12-28 01:00:00,0,0,1
TXN-03-04236,STORE-011,Apparel,BrandB,In-Store,UPC-417500116,SKU-APP-5415,Shoes,4,4,4,434.48,279.13,155.35,118.64,10.02,0,0,2025-12-09 12:00:00,0,0,1
TXN-03-02327,STORE-006,Home & Garden,BrandF,In-Store,UPC-715249130,SKU-HOM-5984,Tool Set,5,5,3,47.55,31.02,16.53,13.0,3.49,0,0,2025-12-24 04:00:00,1,1,1
TXN-03-03217,STORE-007,Electronics,BrandG,Online,UPC-702213267,SKU-ELE-9225,Laptop,7,7,2,976.78,478.12,498.66,144.38,4.84,0,0,2025-12-26 23:00:00,1,0,1
TXN-03-01732,STORE-008,Home & Garden,BrandD,In-Store,UPC-923338090,SKU-HOM-8462,Plant Pot,6,6,1,66.84,31.18,35.66,15.71,4.57,0,0,2025-12-06 01:00:00,1,1,1
TXN-03-02297,STORE-009,Sports,BrandF,In-Store,UPC-805489345,SKU-SPO-4224,Resistance Band,6,6,0,798.36,565.17,233.19,184.25,51.19,1,0,2025-12-06 08:00:00,1,0,1
TXN-03-05680,STORE-002,Apparel,BrandA,In-Store,UPC-383175655,SKU-APP-4536,Scarf,3,3,3,329.28,245.08,84.2,120.17,10.41,0,0,2025-12-25 23:00:00,1,1,1
TXN-03-02096,STORE-017,Home & Garden,BrandB,Mobile,UPC-232428314,SKU-HOM-3776,Lamp,5,5,2,1674.9,676.93,997.97,409.88,74.9,0,0,2025-12-05 05:00:00,1,0,1
TXN-03-03324,STORE-002,Electronics,BrandA,In-Store,UPC-521381281,SKU-ELE-5214,Headphones,1,1,4,111.12,57.02,54.1,124.03,12.91,0,0,2025-12-01 04:00:00,0,1,1
TXN-03-03310,STORE-014,Sports,BrandD,In-Store,UPC-147644754,SKU-SPO-4229,Jersey,4,4,2,1414.44,731.12,683.32,484.06,130.45,0,0,2025-12-09 07:00:00,1,0,1
TXN-03-02669,STORE-020,Electronics,BrandD,Online,UPC-101091516,SKU-ELE-9664,Headphones,5,5,2,1018.75,629.8,388.95,273.72,69.97,0,0,2025-12-09 20:00:00,1,0,1
TXN-03-00127,STORE-006,Apparel,BrandA,In-Store,UPC-728240178,SKU-APP-4318,Jacket,6,6,2,1706.76,952.76,754.0,333.48,49.02,1,0,2025-12-20 13:00:00,0,0,1
TXN-03-02316,STORE-020,Grocery,BrandC,Mobile,UPC-599442620,SKU-GRO-1919,Bread,1,1,0,124.81,63.34,61.47,154.42,29.61,0,0,2025-12-12 06:00:00,1,1,1
TXN-03-05445,STORE-001,Sports,BrandF,In-Store,UPC-609096128,SKU-SPO-5384,Resistance Band,6,6,3,2424.18,1482.27,941.91,434.35,30.32,0,0,2025-12-03 07:00:00,1,0,1
TXN-03-00959,STORE-005,Grocery,BrandD,Online,UPC-735140230,SKU-GRO-5805,Bread,1,1,2,68.38,47.44,20.94,70.05,1.67,0,0,2025-12-03 13:00:00,1,0,1
TXN-03-00996,STORE-015,Apparel,BrandF,In-Store,UPC-899287885,SKU-APP-3228,Hat,4,4,3,775.0,412.6,362.4,206.33,12.58,0,0,2025-12-06 11:00:00,0,0,1
TXN-03-05294,STORE-005,Grocery,BrandC,In-Store,UPC-495632077,SKU-GRO-9942,Cereal,8,8,4,437.6,199.44,238.16,67.58,12.88,0,0,2025-12-23 14:00:00,1,1,1
TXN-03-01857,STORE-006,Home & Garden,BrandF,Mobile,UPC-709728949,SKU-HOM-1712,Vase,8,8,3,539.28,382.67,156.61,69.06,1.65,0,0,2025-12-28 19:00:00,1,0,1
TXN-03-05065,STORE-005,Home & Garden,BrandC,In-Store,UPC-611058581,SKU-HOM-7421,Rug,5,5,3,853.95,492.81,361.14,197.98,27.19,0,0,2025-12-15 13:00:00,1,0,1
TXN-03-04487,STORE-003,Apparel,BrandE,In-Store,UPC-564162586,SKU-APP-1338,Scarf,5,5,1,1874.95,811.0,1063.95,468.67,93.68,0,0,2025-12-15 17:00:00,1,0,1
TXN-03-05941,STORE-006,Apparel,BrandD,In-Store,UPC-502912283,SKU-APP-6430,Hat,1,1,4,213.84,132.02,81.82,214.75,0.91,0,0,2025-12-06 16:00:00,1,0,1
TXN-03-03266,STORE-008,Grocery,BrandE,In-Store,UPC-549937044,SKU-GRO-3643,Coffee,9,9,2,2411.82,1442.84,968.98,270.53,2.55,0,0,2025-12-30 14:00:00,1,0,1
TXN-03-00015,STORE-017,Apparel,BrandE,In-Store,UPC-466712633,SKU-APP-4768,Shoes,9,9,2,835.47,477.05,358.42,105.66,12.83,1,0,2025-12-06 15:00:00,1,0,1
TXN-03-01976,STORE-009,Electronics,BrandB,Online,UPC-342037228,SKU-ELE-4860,Tablet,8,8,0,1027.04,494.87,532.17,145.19,16.81,0,0,2025-12-05 01:00:00,0,0,1
TXN-03-04691,STORE-001,Apparel,BrandF,In-Store,UPC-358354630,SKU-APP-2947,T-Shirt,9,9,3,3764.88,2596.11,1168.77,489.54,71.22,0,0,2025-12-09 14:00:00,1,0,1
TXN-03-05257,STORE-019,Electronics,BrandF,In-Store,UPC-746394790,SKU-ELE-1014,Phone,5,5,3,165.2,114.09,51.11,35.79,2.75,0,0,2025-12-13 03:00:00,1,1,1
TXN-03-01213,STORE-017,Apparel,BrandD,In-Store,UPC-310659649,SKU-APP-3595,T-Shirt,5,5,4,44.25,24.67,19.58,11.6,2.75,1,0,2025-12-26 05:00:00,1,0,1
TXN-03-05164,STORE-016,Home & Garden,BrandF,Online,UPC-846604870,SKU-HOM-9601,Plant Pot,1,1,3,286.18,121.52,164.66,347.01,60.83,0,0,2025-12-18 10:00:00,1,0,1
TXN-03-02076,STORE-020,Apparel,BrandF,In-Store,UPC-424565448,SKU-APP-6383,Jacket,3,3,1,1208.19,852.49,355.7,421.41,18.68,0,0,2025-12-18 23:00:00,1,0,1
TXN-03-00407,STORE-008,Electronics,BrandB,Online,UPC-202146432,SKU-ELE-9504,Laptop,3,3,0,1090.59,470.89,619.7,480.67,117.14,0,0,2025-12-05 10:00:00,0,0,1
TXN-03-05985,STORE-017,Apparel,BrandC,Mobile,UPC-635108149,SKU-APP-5396,Jeans,6,6,3,66.6,43.85,22.75,14.86,3.76,0,0,2025-12-26 08:00:00,0,0,1
TXN-03-02174,STORE-012,Grocery,BrandC,In-Store,UPC-992426500,SKU-GRO-9312,Cereal,9,9,2,1779.75,901.59,878.16,215.64,17.89,0,0,2025-12-26 21:00:00,1,1,1
TXN-03-00690,STORE-009,Electronics,BrandD,Mobile,UPC-403833487,SKU-ELE-3501,Monitor,2,2,4,351.98,153.05,198.93,187.21,11.22,0,0,2025-12-07 22:00:00,1,0,1
TXN-03-02942,STORE-007,Sports,BrandC,Online,UPC-784076960,SKU-SPO-3866,Dumbbell,9,9,4,1103.76,492.1,611.66,134.48,11.84,0,0,2025-12-15 12:00:00,1,0,1
TXN-03-06079,STORE-007,Home & Garden,BrandD,In-Store,UPC-382954221,SKU-HOM-9907,Cushion,3,3,0,310.86,165.56,145.3,128.34,24.72,0,0,2025-12-16 05:00:00,0,1,1
TXN-03-02731,STORE-001,Home & Garden,BrandF,Online,UPC-735183543,SKU-HOM-7921,Vase,5,5,2,1572.1,724.31,847.79,320.86,6.44,0,0,2025-12-15 04:00:00,0,0,1
TXN-03-03149,STORE-014,Home & Garden,BrandE,In-Store,UPC-347812583,SKU-HOM-5797,Tool Set,9,9,4,3338.73,1896.31,1442.42,409.25,38.28,0,0,2025-12-09 14:00:00,0,0,1
TXN-03-03594,STORE-016,Sports,BrandA,In-Store,UPC-734800944,SKU-SPO-7350,Dumbbell,5,5,3,120.5,65.08,55.42,26.86,2.76,0,0,2025-12-16 07:00:00,1,1,1
TXN-03-05477,STORE-010,Grocery,BrandB,Online,UPC-724325892,SKU-GRO-7102,Snack Bar,7,7,2,737.45,372.09,365.36,133.8,28.45,0,0,2025-12-17 14:00:00,0,0,1
TXN-03-01396,STORE-013,Electronics,BrandG,Online,UPC-105551146,SKU-ELE-6488,Tablet,8,8,3,2819.28,1689.54,1129.74,395.5,43.09,0,0,2025-12-01 02:00:00,1,0,1
TXN-03-01691,STORE-004,Apparel,BrandF,Online,UPC-225328441,SKU-APP-1844,Jeans,7,7,0,785.33,343.16,442.17,122.9,10.71,0,0,2025-12-09 17:00:00,0,0,1
TXN-03-04406,STORE-020,Grocery,BrandC,In-Store,UPC-383683547,SKU-GRO-2877,Coffee,9,9,1,3657.33,2187.92,1469.41,488.92,82.55,0,0,2025-12-06 00:00:00,1,0,1
TXN-03-03963,STORE-009,Apparel,BrandB,Online,UPC-479629829,SKU-APP-5139,Socks,2,2,4,528.28,307.24,221.04,351.09,86.95,0,0,2025-12-14 23:00:00,1,1,1
TXN-03-04168,STORE-008,Home & Garden,BrandG,In-Store,UPC-577035033,SKU-HOM-3076,Rug,6,6,2,1287.42,861.31,426.11,236.45,21.88,0,0,2025-12-01 22:00:00,0,0,1
TXN-03-00300,STORE-006,Grocery,BrandE,Online,UPC-628975304,SKU-GRO-5266,Pasta,4,4,0,227.52,132.9,94.62,67.11,10.23,1,1,2025-12-01 23:00:00,1,0,1
TXN-03-05469,STORE-010,Electronics,BrandC,Online,UPC-180985456,SKU-ELE-8269,Phone,8,8,1,2055.44,1229.98,825.46,300.51,43.58,0,0,2025-12-05 07:00:00,0,1,1
TXN-03-02240,STORE-011,Grocery,BrandD,Online,UPC-157011741,SKU-GRO-2649,Snack Bar,8,8,3,2858.24,1430.15,1428.09,401.24,43.96,1,0,2025-12-24 09:00:00,1,0,1
TXN-03-04057,STORE-009,Apparel,BrandB,In-Store,UPC-342444756,SKU-APP-7640,Hat,3,3,4,756.12,335.8,420.32,279.03,26.99,0,0,2025-12-27 21:00:00,0,1,1
TXN-03-03101,STORE-013,Apparel,BrandD,Online,UPC-931316913,SKU-APP-2258,Jeans,7,7,1,2987.39,2095.53,891.86,466.11,39.34,0,0,2025-12-18 06:00:00,1,0,1
TXN-03-01809,STORE-005,Apparel,BrandD,Online,UPC-555842122,SKU-APP-1182,Dress,2,2,4,880.74,539.69,341.05,479.04,38.67,0,0,2025-12-28 02:00:00,0,1,1
TXN-03-04076,STORE-003,Home & Garden,BrandA,Online,UPC-220925989,SKU-HOM-5847,Lamp,2,2,4,525.74,236.13,289.61,287.76,24.89,0,0,2025-12-17 22:00:00,0,0,1
TXN-03-03900,STORE-009,Apparel,BrandE,Mobile,UPC-398280100,SKU-APP-9264,Socks,2,2,0,516.54,369.06,147.48,346.33,88.06,0,0,2025-12-29 06:00:00,1,1,1
TXN-03-06014,STORE-002,Electronics,BrandF,Online,UPC-166247069,SKU-ELE-9845,Laptop,7,7,2,1338.82,954.6,384.22,253.96,62.7,0,0,2025-12-08 00:00:00,1,1,1
TXN-03-00108,STORE-020,Electronics,BrandG,In-Store,UPC-593984007,SKU-ELE-6575,Charger,4,4,2,1181.56,754.39,427.17,414.34,118.95,0,0,2025-12-08 20:00:00,0,0,1
TXN-03-01399,STORE-008,Electronics,BrandG,In-Store,UPC-907616040,SKU-ELE-6940,Charger,8,8,1,1019.84,452.84,567.0,143.83,16.35,0,0,2025-12-01 02:00:00,0,0,1
TXN-03-16410,STORE-008,Home & Garden,BrandE,In-Store,UPC-997333857,SKU-HOM-7567,Rug,6,6,1,1092.78,798.6,294.18,239.69,57.56,0,0,2025-12-14 15:00:00,1,0,1
TXN-03-03352,STORE-015,Grocery,BrandA,In-Store,UPC-467224068,SKU-GRO-5392,Coffee,1,1,4,62.09,29.68,32.41,62.69,0.6,0,0,2025-12-30 00:00:00,1,0,1
TXN-03-02770,STORE-017,Apparel,BrandG,Mobile,UPC-619566818,SKU-APP-9758,Hat,3,3,4,414.99,191.48,223.51,176.65,38.32,0,0,2025-12-25 05:00:00,1,1,1
TXN-03-01474,STORE-010,Grocery,BrandE,Mobile,UPC-831686687,SKU-GRO-2528,Milk,4,4,2,450.88,297.5,153.38,114.48,1.76,0,0,2025-12-03 10:00:00,1,1,1
TXN-03-05198,STORE-007,Electronics,BrandA,Online,UPC-545617431,SKU-ELE-8477,Tablet,9,9,1,2132.73,1169.24,963.49,302.03,65.06,0,0,2025-12-27 16:00:00,1,0,1
TXN-03-00266,STORE-001,Electronics,BrandH,In-Store,UPC-223015423,SKU-ELE-5942,Headphones,5,5,3,152.85,103.8,49.05,43.51,12.94,1,1,2025-12-28 04:00:00,0,0,1
TXN-03-01880,STORE-011,Home & Garden,BrandF,Online,UPC-313147320,SKU-HOM-7483,Cushion,6,6,2,2771.58,1734.82,1036.76,476.94,15.01,0,0,2025-12-09 05:00:00,1,0,1
TXN-03-04212,STORE-015,Apparel,BrandD,In-Store,UPC-229848874,SKU-APP-7093,Dress,3,3,3,97.77,54.31,43.46,41.87,9.28,0,0,2025-12-18 06:00:00,1,0,1
TXN-03-00951,STORE-011,Sports,BrandC,In-Store,UPC-534593330,SKU-SPO-8250,Yoga Mat,1,1,3,54.25,26.2,28.05,64.12,9.87,0,0,2025-12-21 11:00:00,0,1,1
TXN-03-02109,STORE-010,Apparel,BrandG,In-Store,UPC-338638061,SKU-APP-5879,Hat,3,3,0,199.86,118.96,80.9,75.39,8.77,0,0,2025-12-11 03:00:00,1,0,1
TXN-03-00031,STORE-013,Apparel,BrandG,In-Store,UPC-751123269,SKU-APP-6837,Socks,1,1,1,371.84,191.17,180.67,493.19,121.35,0,0,2025-12-10 01:00:00,0,0,1
TXN-03-06384,STORE-014,Electronics,BrandE,In-Store,UPC-670609823,SKU-ELE-5879,Tablet,2,2,1,72.22,34.31,37.91,36.51,0.4,0,0,2025-12-07 00:00:00,0,1,1
TXN-03-00143,STORE-010,Grocery,BrandA,Mobile,UPC-606437590,SKU-GRO-3883,Milk,3,3,1,368.52,235.01,133.51,163.69,40.85,0,0,2025-12-02 14:00:00,0,0,1
TXN-03-05902,STORE-003,Home & Garden,BrandA,In-Store,UPC-651805058,SKU-HOM-8531,Plant Pot,9,9,3,553.05,304.49,248.56,64.77,3.32,0,0,2025-12-04 14:00:00,0,0,1
TXN-03-05925,STORE-008,Sports,BrandB,In-Store,UPC-436255686,SKU-SPO-5700,Resistance Band,4,4,2,442.16,201.37,240.79,117.52,6.98,0,0,2025-12-08 22:00:00,1,0,1
TXN-03-04153,STORE-004,Electronics,BrandA,Online,UPC-318880632,SKU-ELE-8517,Tablet,9,9,4,3587.67,2613.96,973.71,424.93,26.3,0,0,2025-12-29 05:00:00,1,0,1
TXN-03-04679,STORE-001,Home & Garden,BrandB,Mobile,UPC-338293632,SKU-HOM-4920,Rug,8,8,0,963.04,395.14,567.9,138.1,17.72,1,0,2025-12-11 04:00:00,0,0,1
TXN-03-04189,STORE-006,Home & Garden,BrandE,In-Store,UPC-226778680,SKU-HOM-6534,Tool Set,3,3,4,1157.79,855.99,301.8,400.33,14.4,0,0,2025-12-17 11:00:00,1,1,1
TXN-03-01556,STORE-019,Grocery,BrandD,In-Store,UPC-778692859,SKU-GRO-2526,Cereal,4,4,2,120.8,49.2,71.6,35.12,4.92,0,0,2025-12-02 21:00:00,1,0,1
TXN-03-01049,STORE-013,Grocery,BrandB,In-Store,UPC-766730973,SKU-GRO-2711,Coffee,3,3,1,477.03,304.98,172.05,189.34,30.33,1,0,2025-12-02 12:00:00,1,1,1
TXN-03-01046,STORE-018,Home & Garden,BrandA,Mobile,UPC-900951980,SKU-HOM-9424,Lamp,9,9,1,2999.97,1855.29,1144.68,397.19,63.86,0,0,2025-12-27 13:00:00,1,0,1
TXN-03-04917,STORE-003,Apparel,BrandA,Mobile,UPC-976181409,SKU-APP-5371,Dress,2,2,0,617.74,305.3,312.44,364.29,55.42,0,0,2025-12-22 12:00:00,0,0,1
TXN-03-00575,STORE-019,Sports,BrandG,In-Store,UPC-932392704,SKU-SPO-9091,Running Shoes,7,7,0,182.91,108.49,74.42,30.6,4.47,0,0,2025-12-13 03:00:00,1,0,1
TXN-03-06005,STORE-014,Sports,BrandD,In-Store,UPC-655374474,SKU-SPO-8240,Dumbbell,8,8,0,3555.04,1956.11,1598.93,469.34,24.96,0,0,2025-12-02 22:00:00,1,0,1
TXN-03-03846,STORE-010,Electronics,BrandG,Mobile,UPC-323126886,SKU-ELE-7727,Phone,3,3,0,1202.67,889.03,313.64,425.87,24.98,0,0,2025-12-06 21:00:00,1,1,1
TXN-03-03743,STORE-005,Electronics,BrandB,In-Store,UPC-780444040,SKU-ELE-1238,Phone,4,4,4,1073.08,659.46,413.62,357.26,88.99,0,0,2025-12-08 23:00:00,1,0,1
TXN-03-06129,STORE-003,Apparel,BrandG,In-Store,UPC-612622384,SKU-APP-8541,Jeans,7,7,3,747.74,465.32,282.42,126.56,19.74,0,0,2025-12-14 16:00:00,1,0,1
TXN-03-01328,STORE-003,Home & Garden,BrandH,Online,UPC-934864951,SKU-HOM-1010,Tool Set,6,6,0,1970.76,1186.8,783.96,385.54,57.08,0,0,2025-12-12 14:00:00,0,0,1
TXN-03-00691,STORE-007,Home & Garden,BrandD,In-Store,UPC-768936345,SKU-HOM-1909,Lamp,3,3,1,42.39,22.99,19.4,14.29,0.16,0,0,2025-12-03 05:00:00,1,0,1
TXN-03-04132,STORE-007,Electronics,BrandE,In-Store,UPC-733470434,SKU-ELE-6159,Charger,2,2,4,766.28,480.64,285.64,399.8,16.66,0,0,2025-12-01 13:00:00,0,0,1
TXN-03-01443,STORE-014,Apparel,BrandB,Online,UPC-259449565,SKU-APP-9913,Hat,8,8,2,1537.28,918.86,618.42,258.47,66.31,0,0,2025-12-02 09:00:00,1,0,1
TXN-03-03109,STORE-002,Electronics,BrandG,In-Store,UPC-368485989,SKU-ELE-6613,Headphones,4,4,4,672.88,490.54,182.34,208.87,40.65,0,0,2025-12-06 22:00:00,1,0,1
TXN-03-00175,STORE-007,Electronics,BrandE,In-Store,UPC-790646448,SKU-ELE-4541,Headphones,7,7,1,655.76,436.23,219.53,116.88,23.2,0,0,2025-12-21 13:00:00,1,0,1
TXN-03-02255,STORE-010,Sports,BrandF,Online,UPC-362423913,SKU-SPO-7674,Water Bottle,4,4,4,506.68,272.35,234.33,176.66,49.99,0,0,2025-12-09 20:00:00,0,0,1
TXN-03-01781,STORE-002,Electronics,BrandA,In-Store,UPC-638768543,SKU-ELE-1736,Laptop,8,8,0,2202.96,1136.57,1066.39,352.71,77.34,0,0,2025-12-14 14:00:00,0,0,1
TXN-03-05132,STORE-019,Sports,BrandF,In-Store,UPC-830309951,SKU-SPO-9534,Jersey,3,3,0,853.65,369.07,484.58,331.34,46.79,0,0,2025-12-22 02:00:00,1,1,1
TXN-03-05374,STORE-008,Electronics,BrandF,In-Store,UPC-879053983,SKU-ELE-4864,Monitor,7,7,0,2273.81,979.46,1294.35,462.52,137.69,0,0,2025-12-17 14:00:00,0,0,1
TXN-03-06301,STORE-013,Grocery,BrandE,Online,UPC-933560393,SKU-GRO-5298,Bread,1,1,3,301.52,183.26,118.26,312.01,10.49,0,0,2025-12-08 13:00:00,1,0,1
TXN-03-06085,STORE-013,Electronics,BrandC,Online,UPC-141429674,SKU-ELE-4077,Monitor,5,5,2,57.5,27.7,29.8,15.88,4.38,0,0,2025-12-07 04:00:00,1,0,1
TXN-03-05005,STORE-015,Grocery,BrandD,In-Store,UPC-625489845,SKU-GRO-3895,Cereal,1,1,1,275.26,180.3,94.96,387.06,111.8,0,0,2025-12-23 14:00:00,1,0,1
TXN-03-05678,STORE-008,Electronics,BrandF,In-Store,UPC-390877995,SKU-ELE-4553,Charger,4,4,3,133.44,80.51,52.93,40.29,6.93,0,0,2025-12-18 11:00:00,0,0,1
TXN-03-03790,STORE-008,Apparel,BrandF,Online,UPC-217284187,SKU-APP-4259,Socks,3,3,2,512.73,240.93,271.8,198.57,27.66,0,0,2025-12-18 04:00:00,1,1,1
TXN-03-06047,STORE-014,Sports,BrandF,In-Store,UPC-661485360,SKU-SPO-7497,Running Shoes,1,1,3,257.14,129.34,127.8,328.75,71.61,0,0,2025-12-04 09:00:00,1,0,1
TXN-03-01714,STORE-020,Sports,BrandG,Online,UPC-725704187,SKU-SPO-5299,Cap,1,1,2,483.8,348.24,135.56,496.47,12.67,0,0,2025-12-22 01:00:00,1,0,1
TXN-03-01666,STORE-017,Apparel,BrandF,In-Store,UPC-514347186,SKU-APP-4999,Scarf,4,4,2,1288.0,569.2,718.8,379.1,57.1,0,0,2025-12-09 00:00:00,1,0,1
TXN-03-03870,STORE-002,Electronics,BrandH,Online,UPC-944090792,SKU-ELE-7427,Monitor,1,1,4,319.45,156.6,162.85,366.62,47.17,0,0,2025-12-27 13:00:00,1,0,1
TXN-03-03385,STORE-004,Sports,BrandB,In-Store,UPC-645743125,SKU-SPO-6196,Jersey,3,3,0,1268.91,850.47,418.44,472.63,49.66,0,0,2025-12-14 15:00:00,1,0,1
TXN-03-03100,STORE-004,Electronics,BrandE,Online,UPC-209930556,SKU-ELE-6140,Monitor,2,2,0,9.96,4.62,5.34,5.43,0.45,0,0,2025-12-18 21:00:00,0,1,1
TXN-03-02647,STORE-007,Sports,BrandA,Online,UPC-239909688,SKU-SPO-2158,Cap,1,1,0,354.76,222.08,132.68,489.44,134.68,0,0,2025-12-12 21:00:00,1,0,1
TXN-03-05167,STORE-008,Sports,BrandF,Online,UPC-636522864,SKU-SPO-2710,Resistance Band,7,7,2,198.52,146.97,51.55,28.67,0.31,0,0,2025-12-13 01:00:00,1,1,1
TXN-03-01868,STORE-014,Electronics,BrandC,Mobile,UPC-812494571,SKU-ELE-3124,Phone,2,2,0,113.62,61.95,51.67,78.29,21.48,0,0,2025-12-01 07:00:00,0,0,1
TXN-03-04488,STORE-010,Sports,BrandG,In-Store,UPC-872374792,SKU-SPO-1989,Dumbbell,3,3,3,275.85,205.02,70.83,92.05,0.1,0,0,2025-12-15 06:00:00,0,0,1
TXN-03-00282,STORE-017,Apparel,BrandE,In-Store,UPC-754327589,SKU-APP-5954,Shoes,3,3,1,258.15,149.65,108.5,117.88,31.83,0,0,2025-12-01 00:00:00,1,0,1
TXN-03-04825,STORE-017,Home & Garden,BrandB,Mobile,UPC-936120243,SKU-HOM-8436,Hose,9,9,0,743.85,347.03,396.82,104.24,21.59,0,0,2025-12-15 17:00:00,1,0,1
TXN-03-04522,STORE-011,Apparel,BrandE,In-Store,UPC-368359272,SKU-APP-2211,Scarf,9,9,1,2257.11,1619.46,637.65,259.44,8.65,0,0,2025-12-20 22:00:00,1,1,1
TXN-03-03785,STORE-004,Apparel,BrandG,Online,UPC-579439301,SKU-APP-4164,Shoes,2,2,1,601.12,434.59,166.53,357.3,56.74,0,0,2025-12-14 11:00:00,1,0,1
TXN-03-00467,STORE-006,Sports,BrandD,In-Store,UPC-942012407,SKU-SPO-6464,Dumbbell,5,5,4,590.4,324.05,266.35,137.43,19.35,0,0,2025-12-30 03:00:00,0,0,1
TXN-03-02675,STORE-007,Sports,BrandC,Online,UPC-923561748,SKU-SPO-8530,Cap,9,9,0,1864.8,1302.69,562.11,216.03,8.83,0,0,2025-12-19 00:00:00,1,0,1
TXN-03-01649,STORE-006,Electronics,BrandE,In-Store,UPC-782725246,SKU-ELE-4586,Laptop,2,2,2,528.64,282.06,246.58,271.26,6.94,0,0,2025-12-06 15:00:00,1,0,1
TXN-03-05325,STORE-008,Electronics,BrandC,Online,UPC-198142715,SKU-ELE-8924,Tablet,2,2,0,218.42,89.69,128.73,133.09,23.88,0,0,2025-12-03 09:00:00,1,1,1
TXN-03-06344,STORE-016,Home & Garden,BrandC,Online,UPC-621213506,SKU-HOM-3008,Hose,5,5,2,1513.8,1132.76,381.04,326.67,23.91,0,0,2025-12-14 02:00:00,0,1,1
TXN-03-04575,STORE-015,Home & Garden,BrandE,In-Store,UPC-748688319,SKU-HOM-8596,Rug,7,7,2,748.79,438.66,310.13,114.7,7.73,0,0,2025-12-30 20:00:00,1,0,1
TXN-03-00767,STORE-008,Home & Garden,BrandB,Online,UPC-698629245,SKU-HOM-1138,Tool Set,9,9,0,1686.69,1169.79,516.9,236.85,49.44,0,0,2025-12-28 19:00:00,0,1,1
TXN-03-05756,STORE-005,Electronics,BrandC,In-Store,UPC-489615301,SKU-ELE-8880,Charger,3,3,2,1192.29,802.54,389.75,474.67,77.24,0,0,2025-12-18 12:00:00,0,0,1
TXN-03-00065,STORE-020,Electronics,BrandA,Online,UPC-684086339,SKU-ELE-8110,Tablet,5,5,3,905.85,550.75,355.1,203.56,22.39,0,0,2025-12-05 11:00:00,1,0,1
TXN-03-03428,STORE-018,Grocery,BrandC,Mobile,UPC-981324161,SKU-GRO-3778,Snack Bar,1,1,2,482.74,300.03,182.71,496.08,13.34,0,0,2025-12-23 05:00:00,1,0,1
TXN-03-03105,STORE-001,Apparel,BrandA,Online,UPC-643800548,SKU-APP-6995,Socks,6,6,0,1109.34,533.56,575.78,207.98,23.09,0,0,2025-12-25 07:00:00,1,0,1
TXN-03-03569,STORE-012,Home & Garden,BrandF,In-Store,UPC-733392194,SKU-HOM-3708,Vase,4,4,0,597.16,257.86,339.3,188.59,39.3,0,0,2025-12-03 08:00:00,0,0,1
TXN-03-03908,STORE-017,Grocery,BrandG,In-Store,UPC-338195799,SKU-GRO-7600,Rice,5,5,0,1311.85,531.92,779.93,262.76,0.39,0,0,2025-12-06 19:00:00,0,0,1
TXN-03-02381,STORE-009,Electronics,BrandD,Online,UPC-834680860,SKU-ELE-5720,Phone,8,8,2,2518.48,1429.67,1088.81,431.42,116.61,0,0,2025-12-03 03:00:00,1,0,1
TXN-03-05033,STORE-016,Home & Garden,BrandC,In-Store,UPC-197214526,SKU-HOM-1193,Tool Set,5,5,0,402.75,181.53,221.22,114.74,34.19,0,0,2025-12-01 07:00:00,0,0,1
TXN-03-05677,STORE-020,Sports,BrandC,Online,UPC-333731377,SKU-SPO-8074,Yoga Mat,9,9,4,830.07,426.3,403.77,106.87,14.64,0,0,2025-12-30 15:00:00,0,0,1
TXN-03-01195,STORE-020,Home & Garden,BrandB,In-Store,UPC-626126230,SKU-HOM-2411,Lamp,8,8,0,2444.24,1555.96,888.28,358.97,53.44,0,0,2025-12-12 03:00:00,1,0,1
TXN-03-02232,STORE-015,Apparel,BrandE,In-Store,UPC-162063208,SKU-APP-9369,Scarf,3,3,2,814.35,456.79,357.56,339.47,68.02,1,0,2025-12-30 14:00:00,1,0,1
TXN-03-04058,STORE-010,Apparel,BrandG,In-Store,UPC-540868991,SKU-APP-7459,Hat,8,8,3,1376.64,618.54,758.1,237.66,65.58,0,0,2025-12-27 14:00:00,1,1,1
TXN-03-00502,STORE-012,Electronics,BrandB,In-Store,UPC-858379281,SKU-ELE-5834,Headphones,1,1,4,283.87,151.01,132.86,394.77,110.9,0,0,2025-12-03 18:00:00,1,0,1
TXN-03-01522,STORE-008,Home & Garden,BrandG,In-Store,UPC-255036403,SKU-HOM-4083,Rug,2,2,0,731.52,414.94,316.58,405.81,40.05,0,0,2025-12-18 04:00:00,0,0,1
TXN-03-02276,STORE-017,Electronics,BrandG,In-Store,UPC-991981310,SKU-ELE-3613,Charger,6,6,3,106.8,56.84,49.96,20.68,2.88,0,0,2025-12-18 20:00:00,1,1,1
TXN-03-04240,STORE-007,Electronics,BrandF,Online,UPC-356822060,SKU-ELE-1768,Headphones,3,3,2,638.4,330.77,307.63,276.2,63.4,0,0,2025-12-23 12:00:00,1,0,1
TXN-03-16404,STORE-019,Sports,BrandC,Mobile,UPC-881366676,SKU-SPO-5007,Yoga Mat,6,6,2,1717.98,1285.78,432.2,370.23,83.9,0,0,2025-12-26 17:00:00,0,0,1
TXN-03-01839,STORE-014,Electronics,BrandC,Mobile,UPC-310016374,SKU-ELE-1381,Headphones,6,6,4,90.0,51.33,38.67,18.99,3.99,0,0,2025-12-10 18:00:00,1,0,1
TXN-03-03967,STORE-007,Apparel,BrandF,Mobile,UPC-266564557,SKU-APP-1511,Scarf,4,4,0,241.8,147.13,94.67,69.46,9.01,0,0,2025-12-25 21:00:00,1,1,1
TXN-03-04953,STORE-006,Electronics,BrandC,Online,UPC-636360981,SKU-ELE-1556,Camera,9,9,0,2266.74,1181.93,1084.81,315.45,63.59,1,0,2025-12-29 06:00:00,1,1,1
TXN-03-04663,STORE-006,Electronics,BrandD,In-Store,UPC-670165389,SKU-ELE-8221,Tablet,1,1,0,388.22,230.92,157.3,491.64,103.42,0,0,2025-12-10 14:00:00,1,0,1
TXN-03-03881,STORE-009,Home & Garden,BrandD,In-Store,UPC-571756804,SKU-HOM-3062,Plant Pot,8,8,4,1311.44,742.46,568.98,172.1,8.17,0,0,2025-12-03 23:00:00,0,0,1
TXN-03-03558,STORE-017,Grocery,BrandE,Online,UPC-248386747,SKU-GRO-9395,Bread,8,8,0,1553.28,771.11,782.17,253.52,59.36,1,0,2025-12-18 10:00:00,1,0,1
TXN-03-06228,STORE-005,Apparel,BrandH,In-Store,UPC-515067519,SKU-APP-6132,Socks,5,5,3,1321.95,964.4,357.55,338.65,74.26,0,0,2025-12-26 01:00:00,0,0,1
TXN-03-01012,STORE-015,Electronics,BrandE,In-Store,UPC-961689324,SKU-ELE-1480,Tablet,3,3,1,1409.79,592.46,817.33,481.38,11.45,0,0,2025-12-15 05:00:00,1,0,1
TXN-03-00823,STORE-007,Home & Garden,BrandF,Online,UPC-520907047,SKU-HOM-7769,Vase,3,3,4,721.92,506.11,215.81,297.9,57.26,0,0,2025-12-19 07:00:00,1,1,1
TXN-03-03798,STORE-020,Apparel,BrandH,Online,UPC-155164313,SKU-APP-4076,Jacket,3,3,2,510.9,244.3,266.6,174.06,3.76,0,0,2025-12-09 19:00:00,0,0,1
TXN-03-05105,STORE-002,Apparel,BrandF,In-Store,UPC-972825879,SKU-APP-3962,Socks,3,3,2,961.35,578.2,383.15,420.53,100.08,0,0,2025-12-18 12:00:00,0,1,1
TXN-03-05014,STORE-009,Electronics,BrandB,Online,UPC-132181463,SKU-ELE-3845,Laptop,6,6,1,1034.7,460.19,574.51,220.39,47.94,0,0,2025-12-12 03:00:00,0,0,1
TXN-03-06275,STORE-006,Apparel,BrandA,Mobile,UPC-179183654,SKU-APP-8983,Socks,2,2,2,275.02,156.57,118.45,177.79,40.28,0,0,2025-12-10 04:00:00,0,0,1
TXN-03-03514,STORE-020,Sports,BrandG,Online,UPC-465269357,SKU-SPO-1367,Water Bottle,6,6,0,1944.9,1434.83,510.07,406.47,82.32,0,0,2025-12-17 23:00:00,0,1,1
TXN-03-00942,STORE-009,Apparel,BrandF,In-Store,UPC-231218548,SKU-APP-8448,T-Shirt,3,3,1,824.85,374.96,449.89,284.01,9.06,0,0,2025-12-15 14:00:00,1,1,1
TXN-03-04381,STORE-008,Home & Garden,BrandD,In-Store,UPC-298896972,SKU-HOM-4302,Hose,8,8,3,546.8,259.54,287.26,81.42,13.07,0,0,2025-12-21 20:00:00,1,0,1
TXN-03-00508,STORE-013,Electronics,BrandD,In-Store,UPC-879085803,SKU-ELE-5076,Phone,4,4,1,1400.52,1035.63,364.89,401.36,51.23,1,0,2025-12-01 04:00:00,0,1,1
TXN-03-04048,STORE-006,Electronics,BrandB,In-Store,UPC-155981801,SKU-ELE-9912,Headphones,1,1,4,104.79,57.36,47.43,112.2,7.41,0,0,2025-12-03 14:00:00,1,1,1
TXN-03-01862,STORE-011,Sports,BrandH,Online,UPC-494273641,SKU-SPO-3334,Jersey,5,5,1,964.5,674.96,289.54,273.3,80.4,0,0,2025-12-12 23:00:00,1,1,1
TXN-03-04363,STORE-014,Electronics,BrandD,Online,UPC-829135630,SKU-ELE-8803,Camera,6,6,4,2114.16,1459.53,654.63,410.27,57.91,0,0,2025-12-30 13:00:00,0,0,1
TXN-03-00980,STORE-003,Grocery,BrandG,Online,UPC-335656754,SKU-GRO-6096,Rice,7,7,3,2582.23,1099.96,1482.27,383.96,15.07,0,0,2025-12-29 09:00:00,1,0,1
TXN-03-04795,STORE-008,Grocery,BrandF,In-Store,UPC-663231196,SKU-GRO-6405,Pasta,1,1,4,141.92,82.41,59.51,147.42,5.5,0,0,2025-12-16 23:00:00,1,0,1
TXN-03-01764,STORE-004,Electronics,BrandB,In-Store,UPC-422124914,SKU-ELE-9376,Laptop,4,4,3,504.68,229.9,274.78,132.56,6.39,0,0,2025-12-13 06:00:00,1,1,1
TXN-03-02601,STORE-015,Grocery,BrandE,In-Store,UPC-440276350,SKU-GRO-1727,Pasta,1,1,1,204.74,147.33,57.41,224.05,19.31,0,0,2025-12-05 19:00:00,1,1,1
TXN-03-16439,STORE-007,Home & Garden,BrandE,Online,UPC-217284256,SKU-HOM-2948,Rug,7,7,0,455.28,321.19,134.09,80.6,15.56,0,0,2025-12-12 01:00:00,1,0,1
TXN-03-05914,STORE-018,Home & Garden,BrandE,In-Store,UPC-394539487,SKU-HOM-9948,Cushion,5,5,4,1286.05,568.61,717.44,276.29,19.08,0,0,2025-12-19 10:00:00,0,0,1
TXN-03-02193,STORE-017,Sports,BrandG,Online,UPC-768395943,SKU-SPO-8548,Running Shoes,5,5,2,2287.4,1167.54,1119.86,489.51,32.03,0,0,2025-12-03 16:00:00,0,1,1
TXN-03-03373,STORE-002,Apparel,BrandC,Online,UPC-154104830,SKU-APP-4274,Jacket,3,3,1,505.23,208.45,296.78,240.1,71.69,0,0,2025-12-12 04:00:00,1,0,1
TXN-03-02244,STORE-017,Apparel,BrandA,In-Store,UPC-124184107,SKU-APP-6886,T-Shirt,6,6,0,387.36,241.97,145.39,71.55,6.99,0,0,2025-12-02 09:00:00,1,0,1
TXN-03-04034,STORE-013,Apparel,BrandE,In-Store,UPC-893096017,SKU-APP-3037,Dress,8,8,3,2687.28,1423.43,1263.85,414.95,79.04,0,0,2025-12-12 18:00:00,1,0,1
TXN-03-01509,STORE-007,Home & Garden,BrandA,In-Store,UPC-135171090,SKU-HOM-1556,Vase,9,9,4,2634.57,1323.1,1311.47,344.49,51.76,0,0,2025-12-09 23:00:00,1,0,1
TXN-03-03206,STORE-009,Sports,BrandA,In-Store,UPC-605912703,SKU-SPO-4278,Dumbbell,2,2,4,363.28,223.84,139.44,258.81,77.17,0,0,2025-12-11 07:00:00,1,0,1
TXN-03-00583,STORE-012,Home & Garden,BrandG,Online,UPC-502164856,SKU-HOM-2876,Rug,5,5,0,690.15,376.61,313.54,174.83,36.8,0,0,2025-12-21 12:00:00,0,0,1
TXN-03-03541,STORE-020,Electronics,BrandE,In-Store,UPC-727502013,SKU-ELE-7902,Monitor,1,1,2,299.7,221.98,77.72,423.64,123.94,0,0,2025-12-17 17:00:00,0,0,1
TXN-03-03863,STORE-015,Home & Garden,BrandG,Online,UPC-754028913,SKU-HOM-2963,Hose,3,3,4,125.82,53.75,72.07,46.04,4.1,0,0,2025-12-02 17:00:00,0,1,1
TXN-03-01107,STORE-020,Apparel,BrandG,In-Store,UPC-371947617,SKU-APP-7278,Jeans,7,7,1,1035.44,594.57,440.87,169.07,21.15,0,0,2025-12-26 14:00:00,0,1,1
TXN-03-00352,STORE-006,Grocery,BrandG,Online,UPC-521438988,SKU-GRO-5416,Rice,6,6,1,676.14,364.27,311.87,131.81,19.12,0,0,2025-12-12 15:00:00,0,0,1
TXN-03-01060,STORE-005,Grocery,BrandD,Online,UPC-312293897,SKU-GRO-8711,Pasta,8,8,3,733.04,471.94,261.1,94.33,2.7,0,0,2025-12-04 00:00:00,0,0,1
TXN-03-03345,STORE-008,Grocery,BrandF,In-Store,UPC-444892304,SKU-GRO-6691,Rice,4,4,0,496.68,226.2,270.48,176.14,51.97,0,0,2025-12-05 02:00:00,1,0,1
TXN-03-00718,STORE-019,Grocery,BrandF,Mobile,UPC-831463296,SKU-GRO-9527,Cereal,4,4,3,846.64,597.95,248.69,262.07,50.41,0,0,2025-12-21 13:00:00,0,0,1
TXN-03-03265,STORE-010,Sports,BrandE,In-Store,UPC-161310997,SKU-SPO-8298,Dumbbell,5,5,1,862.5,457.48,405.02,244.87,72.37,0,0,2025-12-25 19:00:00,1,1,1
TXN-03-03004,STORE-005,Apparel,BrandA,In-Store,UPC-250892857,SKU-APP-5906,Hat,2,2,0,794.76,532.04,262.72,422.44,25.06,0,0,2025-12-02 03:00:00,1,1,1
TXN-03-03180,STORE-002,Home & Garden,BrandG,Mobile,UPC-351191365,SKU-HOM-3977,Lamp,2,2,2,193.0,130.9,62.1,120.14,23.64,0,0,2025-12-05 06:00:00,1,0,1
TXN-03-02767,STORE-004,Electronics,BrandE,In-Store,UPC-176185994,SKU-ELE-3148,Speaker,6,6,1,1300.86,862.99,437.87,259.37,42.56,0,0,2025-12-27 13:00:00,1,0,1
TXN-03-01749,STORE-004,Home & Garden,BrandC,Online,UPC-396704368,SKU-HOM-9265,Vase,2,2,4,724.08,455.86,268.22,391.45,29.41,0,0,2025-12-09 14:00:00,1,1,1
TXN-03-03439,STORE-007,Apparel,BrandE,Online,UPC-471992114,SKU-APP-5589,Dress,2,2,1,540.3,392.34,147.96,290.17,20.02,0,0,2025-12-11 16:00:00,1,0,1
TXN-03-02286,STORE-004,Electronics,BrandA,In-Store,UPC-792957084,SKU-ELE-7951,Camera,8,8,3,2542.8,1345.2,1197.6,360.37,42.52,0,0,2025-12-30 20:00:00,1,0,1
TXN-03-02444,STORE-018,Electronics,BrandE,Online,UPC-175337147,SKU-ELE-2285,Charger,1,1,1,101.58,50.2,51.38,125.12,23.54,0,0,2025-12-30 13:00:00,1,0,1
TXN-03-05753,STORE-011,Electronics,BrandC,Mobile,UPC-676137129,SKU-ELE-5695,Laptop,2,2,1,558.56,328.03,230.53,354.41,75.13,0,0,2025-12-12 15:00:00,0,0,1
TXN-03-04054,STORE-020,Grocery,BrandG,Online,UPC-698243992,SKU-GRO-3127,Pasta,9,9,2,2947.68,1498.9,1448.78,398.72,71.2,0,0,2025-12-26 22:00:00,0,1,1
TXN-03-04891,STORE-016,Electronics,BrandF,Online,UPC-146832143,SKU-ELE-2095,Charger,7,7,0,1719.9,777.04,942.86,301.44,55.74,0,0,2025-12-19 16:00:00,0,1,1
TXN-03-03305,STORE-007,Home & Garden,BrandF,In-Store,UPC-918489234,SKU-HOM-7941,Cushion,5,5,4,1819.7,1073.8,745.9,477.21,113.27,0,0,2025-12-27 09:00:00,1,0,1
TXN-03-03841,STORE-019,Sports,BrandC,In-Store,UPC-297344566,SKU-SPO-4247,Running Shoes,2,2,3,347.26,169.59,177.67,234.99,61.36,0,0,2025-12-28 04:00:00,0,1,1
TXN-03-00694,STORE-020,Electronics,BrandA,In-Store,UPC-105146714,SKU-ELE-9795,Headphones,8,8,4,3401.84,2228.34,1173.5,493.61,68.38,0,0,2025-12-28 11:00:00,1,1,1
TXN-03-05522,STORE-012,Apparel,BrandE,In-Store,UPC-518445680,SKU-APP-6630,Hat,6,6,2,987.72,670.63,317.09,192.21,27.59,0,0,2025-12-10 19:00:00,0,0,1
TXN-03-02031,STORE-001,Grocery,BrandD,Online,UPC-894708694,SKU-GRO-9321,Bread,2,2,4,591.16,379.12,212.04,357.23,61.65,0,0,2025-12-16 19:00:00,1,0,1
TXN-03-04254,STORE-001,Home & Garden,BrandF,In-Store,UPC-407682966,SKU-HOM-9637,Rug,1,1,0,361.84,244.94,116.9,464.55,102.71,0,0,2025-12-26 19:00:00,1,0,1
TXN-03-03500,STORE-009,Sports,BrandF,In-Store,UPC-522164988,SKU-SPO-8772,Backpack,3,3,1,469.53,195.5,274.03,205.81,49.3,0,0,2025-12-27 20:00:00,1,0,1
TXN-03-01935,STORE-015,Home & Garden,BrandA,In-Store,UPC-988393154,SKU-HOM-8640,Chair,2,2,0,445.24,234.51,210.73,278.17,55.55,0,0,2025-12-14 21:00:00,1,0,1
TXN-03-00491,STORE-002,Home & Garden,BrandD,In-Store,UPC-335258551,SKU-HOM-8177,Vase,5,5,1,259.05,178.58,80.47,72.34,20.53,0,0,2025-12-10 08:00:00,0,1,1
TXN-03-02056,STORE-012,Home & Garden,BrandA,Mobile,UPC-278472724,SKU-HOM-2687,Tool Set,6,6,2,1606.32,683.62,922.7,305.98,38.26,0,0,2025-12-21 23:00:00,0,1,1
TXN-03-00537,STORE-019,Grocery,BrandA,In-Store,UPC-307122550,SKU-GRO-2047,Snack Bar,3,3,1,970.08,416.91,553.17,376.47,53.11,0,0,2025-12-25 01:00:00,0,0,1
TXN-03-05084,STORE-020,Apparel,BrandC,Online,UPC-737532919,SKU-APP-7625,Dress,6,6,1,1096.08,745.08,351.0,249.01,66.33,0,0,2025-12-09 09:00:00,1,1,1
TXN-03-03290,STORE-001,Electronics,BrandF,Online,UPC-444833228,SKU-ELE-5658,Tablet,5,5,0,462.2,294.16,168.04,113.15,20.71,0,0,2025-12-01 15:00:00,1,1,1
TXN-03-05785,STORE-006,Grocery,BrandF,Online,UPC-811778172,SKU-GRO-8672,Bread,8,8,1,110.08,78.39,31.69,15.92,2.16,0,0,2025-12-14 14:00:00,1,1,1
TXN-03-04143,STORE-019,Apparel,BrandH,Online,UPC-980663173,SKU-APP-6124,Hat,7,7,1,2322.32,1189.38,1132.94,386.9,55.14,0,0,2025-12-24 16:00:00,1,0,1
TXN-03-00759,STORE-019,Home & Garden,BrandH,Online,UPC-870652755,SKU-HOM-5162,Chair,9,9,1,2654.64,1510.33,1144.31,297.32,2.36,0,0,2025-12-07 17:00:00,0,1,1
TXN-03-02867,STORE-001,Grocery,BrandD,Online,UPC-568669410,SKU-GRO-9723,Cereal,7,7,2,2551.85,1608.09,943.76,482.09,117.54,0,0,2025-12-14 18:00:00,0,1,1
TXN-03-03897,STORE-015,Apparel,BrandG,Online,UPC-842580582,SKU-APP-2458,Dress,5,5,2,1884.55,1195.89,688.66,383.29,6.38,0,0,2025-12-08 21:00:00,0,1,1
TXN-03-00045,STORE-002,Grocery,BrandF,Online,UPC-508435217,SKU-GRO-2185,Cereal,8,8,1,3451.76,1801.56,1650.2,464.54,33.07,0,0,2025-12-29 09:00:00,1,0,1
TXN-03-02249,STORE-013,Grocery,BrandA,In-Store,UPC-660321517,SKU-GRO-4129,Cereal,5,5,1,1689.95,1228.33,461.62,413.08,75.09,0,0,2025-12-27 00:00:00,1,0,1
TXN-03-05264,STORE-008,Home & Garden,BrandH,In-Store,UPC-481472571,SKU-HOM-7734,Lamp,6,6,0,1280.04,781.98,498.06,224.25,10.91,0,0,2025-12-10 17:00:00,1,0,1
TXN-03-00276,STORE-020,Home & Garden,BrandC,Online,UPC-964853014,SKU-HOM-7751,Cushion,4,4,0,925.56,512.33,413.23,286.2,54.81,0,0,2025-12-15 09:00:00,1,1,1
TXN-03-00659,STORE-002,Home & Garden,BrandA,In-Store,UPC-388602476,SKU-HOM-4710,Vase,6,6,4,1986.96,957.65,1029.31,369.46,38.3,0,0,2025-12-30 20:00:00,1,0,1
TXN-03-02596,STORE-017,Home & Garden,BrandF,Mobile,UPC-275855991,SKU-HOM-8689,Rug,9,9,3,985.77,623.07,362.7,123.38,13.85,0,0,2025-12-26 11:00:00,0,0,1
TXN-03-03949,STORE-011,Apparel,BrandC,In-Store,UPC-202165782,SKU-APP-6706,Jacket,2,2,1,912.46,535.01,377.45,466.59,10.36,0,0,2025-12-11 19:00:00,1,1,1
TXN-03-05775,STORE-005,Electronics,BrandF,In-Store,UPC-964733337,SKU-ELE-7361,Headphones,6,6,2,285.42,126.33,159.09,55.15,7.58,0,0,2025-12-02 18:00:00,1,1,1
TXN-03-05635,STORE-003,Electronics,BrandD,Mobile,UPC-757918437,SKU-ELE-4864,Headphones,4,4,2,1075.16,583.1,492.06,356.56,87.77,0,0,2025-12-17 08:00:00,1,0,1
TXN-03-00323,STORE-010,Electronics,BrandF,In-Store,UPC-458541972,SKU-ELE-3459,Monitor,9,9,1,3006.18,1425.35,1580.83,360.25,26.23,1,0,2025-12-23 06:00:00,1,0,1
TXN-03-06345,STORE-009,Home & Garden,BrandE,In-Store,UPC-254557820,SKU-HOM-6419,Tool Set,6,6,3,1632.36,1117.26,515.1,350.59,78.53,0,0,2025-12-11 08:00:00,1,0,1
TXN-03-06378,STORE-011,Electronics,BrandC,In-Store,UPC-629861869,SKU-ELE-8072,Headphones,4,4,4,99.68,68.06,31.62,30.38,5.46,0,0,2025-12-17 23:00:00,1,0,1
TXN-03-02570,STORE-010,Home & Garden,BrandF,In-Store,UPC-372473152,SKU-HOM-8738,Vase,9,9,1,1587.42,1159.93,427.49,201.2,24.82,0,0,2025-12-31 00:00:00,1,0,1
TXN-03-02103,STORE-016,Sports,BrandC,Mobile,UPC-201852596,SKU-SPO-5376,Jersey,1,1,4,69.67,48.54,21.13,74.57,4.9,0,0,2025-12-07 17:00:00,1,0,1
TXN-03-02655,STORE-008,Grocery,BrandG,Online,UPC-322714998,SKU-GRO-1484,Rice,4,4,1,172.4,69.17,103.23,43.7,0.6,0,0,2025-12-11 05:00:00,1,0,1
TXN-03-04373,STORE-004,Electronics,BrandG,In-Store,UPC-411722612,SKU-ELE-8705,Laptop,6,6,0,705.42,416.87,288.55,127.26,9.69,0,0,2025-12-30 03:00:00,0,0,1
TXN-03-00022,STORE-015,Electronics,BrandF,Online,UPC-245211732,SKU-ELE-7790,Speaker,4,4,0,1049.28,740.59,308.69,310.21,47.89,0,0,2025-12-18 13:00:00,0,1,1
TXN-03-02108,STORE-012,Electronics,BrandB,In-Store,UPC-893796155,SKU-ELE-4842,Monitor,9,9,1,2892.69,1594.51,1298.18,450.38,128.97,0,0,2025-12-20 20:00:00,0,0,1
TXN-03-00949,STORE-016,Home & Garden,BrandF,Online,UPC-554239331,SKU-HOM-4290,Plant Pot,7,7,3,1947.61,980.46,967.15,371.84,93.61,0,0,2025-12-15 17:00:00,0,0,1
TXN-03-04622,STORE-020,Apparel,BrandC,Mobile,UPC-228774695,SKU-APP-4524,Jacket,5,5,2,502.0,327.82,174.18,140.37,39.97,0,0,2025-12-05 00:00:00,1,0,1
TXN-03-06162,STORE-004,Home & Garden,BrandC,Mobile,UPC-751384480,SKU-HOM-4661,Vase,9,9,4,1845.18,895.57,949.61,290.48,85.46,0,0,2025-12-15 19:00:00,1,1,1
TXN-03-05489,STORE-019,Grocery,BrandF,Online,UPC-587986798,SKU-GRO-2145,Milk,9,9,2,403.74,194.83,208.91,59.18,14.32,0,0,2025-12-12 13:00:00,1,1,1
TXN-03-00076,STORE-007,Grocery,BrandE,Online,UPC-370827007,SKU-GRO-7345,Rice,2,2,2,495.96,317.22,178.74,250.51,2.53,1,0,2025-12-08 12:00:00,1,0,1
TXN-03-01121,STORE-011,Electronics,BrandH,In-Store,UPC-695583081,SKU-ELE-6466,Laptop,8,8,4,779.92,499.58,280.34,130.64,33.15,0,0,2025-12-22 20:00:00,1,0,1
TXN-03-00791,STORE-003,Electronics,BrandG,Mobile,UPC-777728551,SKU-ELE-5370,Laptop,1,1,1,177.73,130.77,46.96,184.62,6.89,0,0,2025-12-11 09:00:00,1,1,1
TXN-03-00518,STORE-017,Electronics,BrandF,In-Store,UPC-257111391,SKU-ELE-9345,Charger,2,2,0,554.1,359.05,195.05,335.33,58.28,0,0,2025-12-04 03:00:00,0,0,1
TXN-03-02281,STORE-008,Sports,BrandB,In-Store,UPC-471250410,SKU-SPO-9977,Dumbbell,8,8,1,715.28,332.91,382.37,112.23,22.82,0,0,2025-12-25 17:00:00,1,1,1
TXN-03-03161,STORE-012,Sports,BrandC,Online,UPC-538933806,SKU-SPO-2674,Jersey,8,8,2,1158.24,761.33,396.91,184.88,40.1,0,0,2025-12-05 13:00:00,0,0,1
TXN-03-01958,STORE-009,Electronics,BrandF,Online,UPC-945044542,SKU-ELE-1898,Camera,9,9,4,180.09,103.35,76.74,21.47,1.46,0,0,2025-12-25 00:00:00,1,0,1
TXN-03-04085,STORE-001,Electronics,BrandH,Mobile,UPC-971637301,SKU-ELE-1104,Camera,3,3,1,573.18,371.57,201.61,226.27,35.21,0,0,2025-12-27 12:00:00,0,1,1
TXN-03-04648,STORE-018,Grocery,BrandF,Online,UPC-560906965,SKU-GRO-6110,Juice,2,2,2,345.74,141.26,204.48,219.75,46.88,0,0,2025-12-15 07:00:00,1,0,1
TXN-03-03874,STORE-009,Home & Garden,BrandF,Mobile,UPC-212500807,SKU-HOM-6580,Lamp,6,6,3,573.78,382.91,190.87,125.3,29.67,0,0,2025-12-06 08:00:00,0,0,1
TXN-03-02600,STORE-016,Electronics,BrandG,In-Store,UPC-439512762,SKU-ELE-3907,Headphones,4,4,2,1083.92,494.33,589.59,350.26,79.28,0,0,2025-12-03 10:00:00,1,0,1
TXN-03-01988,STORE-019,Apparel,BrandH,Online,UPC-103446996,SKU-APP-8634,Shoes,5,5,4,1935.75,792.55,1143.2,499.06,111.91,0,0,2025-12-06 03:00:00,1,0,1
TXN-03-01028,STORE-008,Electronics,BrandH,Mobile,UPC-951299793,SKU-ELE-2488,Laptop,4,4,3,1296.44,806.0,490.44,337.94,13.83,0,0,2025-12-20 18:00:00,1,0,1
TXN-03-01548,STORE-012,Electronics,BrandA,Online,UPC-697518499,SKU-ELE-4538,Monitor,4,4,3,1825.72,1279.44,546.28,468.17,11.74,0,0,2025-12-21 03:00:00,1,0,1
TXN-03-01127,STORE-015,Grocery,BrandA,In-Store,UPC-405717557,SKU-GRO-6706,Pasta,5,5,1,1775.65,1208.26,567.39,407.6,52.47,0,0,2025-12-07 22:00:00,0,1,1
TXN-03-05910,STORE-020,Electronics,BrandH,Online,UPC-703044582,SKU-ELE-9343,Monitor,4,4,2,1430.16,1063.66,366.5,395.09,37.55,0,0,2025-12-22 01:00:00,1,0,1
TXN-03-16455,STORE-013,Grocery,BrandB,In-Store,UPC-343803104,SKU-GRO-7852,Juice,1,1,4,315.73,211.64,104.09,387.43,71.7,0,0,2025-12-02 06:00:00,0,0,1
TXN-03-02592,STORE-017,Grocery,BrandE,Online,UPC-856149397,SKU-GRO-9544,Bread,9,9,0,2367.09,1326.19,1040.9,307.22,44.21,1,0,2025-12-11 10:00:00,1,0,1
TXN-03-02243,STORE-006,Grocery,BrandA,Online,UPC-543248239,SKU-GRO-5773,Bread,1,1,4,426.05,250.11,175.94,440.87,14.82,0,0,2025-12-04 01:00:00,1,1,1
TXN-03-03032,STORE-004,Electronics,BrandH,Online,UPC-157422859,SKU-ELE-3880,Speaker,8,8,2,2216.32,1335.68,880.64,299.96,22.92,0,0,2025-12-04 13:00:00,1,1,1
TXN-03-04849,STORE-007,Electronics,BrandC,Online,UPC-311070530,SKU-ELE-1815,Monitor,7,7,0,2475.69,1529.37,946.32,358.55,4.88,0,0,2025-12-22 18:00:00,1,0,1
TXN-03-00296,STORE-005,Electronics,BrandA,In-Store,UPC-713416584,SKU-ELE-8153,Headphones,2,2,0,524.76,334.76,190.0,358.26,95.88,0,0,2025-12-21 16:00:00,1,0,1
TXN-03-01422,STORE-008,Grocery,BrandA,In-Store,UPC-806165069,SKU-GRO-6619,Cereal,7,7,0,495.67,219.42,276.25,71.46,0.65,0,0,2025-12-11 14:00:00,1,0,1
TXN-03-01526,STORE-003,Electronics,BrandB,In-Store,UPC-796820390,SKU-ELE-2424,Speaker,2,2,1,596.7,343.7,253.0,382.37,84.02,0,0,2025-12-10 23:00:00,1,0,1
TXN-03-00707,STORE-015,Apparel,BrandG,Mobile,UPC-738085035,SKU-APP-2029,Dress,1,1,1,250.89,117.92,132.97,274.35,23.46,0,0,2025-12-24 13:00:00,1,1,1
TXN-03-02229,STORE-007,Home & Garden,BrandF,Mobile,UPC-992372515,SKU-HOM-4606,Hose,5,5,0,1418.55,631.12,787.43,355.89,72.18,0,0,2025-12-15 02:00:00,1,0,1
TXN-03-04532,STORE-012,Electronics,BrandG,In-Store,UPC-811267412,SKU-ELE-6643,Monitor,3,3,3,1201.41,676.33,525.08,494.27,93.8,0,0,2025-12-24 01:00:00,1,0,1
TXN-03-01144,STORE-006,Apparel,BrandC,In-Store,UPC-103206096,SKU-APP-8100,Scarf,3,3,4,786.42,483.86,302.56,295.35,33.21,0,0,2025-12-03 14:00:00,1,1,1
TXN-03-00036,STORE-007,Grocery,BrandE,In-Store,UPC-693331748,SKU-GRO-4306,Cereal,8,8,0,1150.4,661.97,488.43,155.2,11.4,0,0,2025-12-14 13:00:00,0,0,1
TXN-03-03916,STORE-012,Apparel,BrandD,Online,UPC-713646305,SKU-APP-2042,Shoes,9,9,0,3520.35,1427.99,2092.36,393.58,2.43,0,0,2025-12-21 14:00:00,1,0,1
TXN-03-03673,STORE-017,Home & Garden,BrandD,In-Store,UPC-652652302,SKU-HOM-3818,Tool Set,5,5,4,1877.7,1166.36,711.34,449.96,74.42,0,0,2025-12-14 12:00:00,1,0,1
TXN-03-01246,STORE-020,Apparel,BrandD,In-Store,UPC-222696827,SKU-APP-6532,Jeans,9,9,0,828.99,437.07,391.92,124.8,32.69,0,0,2025-12-11 02:00:00,1,0,1
TXN-03-06159,STORE-016,Electronics,BrandG,In-Store,UPC-682292469,SKU-ELE-8992,Laptop,1,1,1,245.28,132.66,112.62,323.03,77.75,0,0,2025-12-20 17:00:00,0,0,1
TXN-03-04501,STORE-014,Apparel,BrandA,In-Store,UPC-929158523,SKU-APP-1769,Hat,3,3,3,18.15,9.17,8.98,7.67,1.62,0,0,2025-12-24 21:00:00,1,0,1
TXN-03-06034,STORE-017,Apparel,BrandF,In-Store,UPC-117894127,SKU-APP-7439,Hat,6,6,1,1458.9,941.22,517.68,325.08,81.93,0,0,2025-12-07 02:00:00,0,1,1
TXN-03-00883,STORE-016,Sports,BrandC,In-Store,UPC-657029805,SKU-SPO-7597,Jersey,2,2,0,256.18,162.51,93.67,152.62,24.53,0,0,2025-12-03 07:00:00,1,0,1
TXN-03-05863,STORE-005,Grocery,BrandG,Online,UPC-848084940,SKU-GRO-3165,Snack Bar,9,9,0,977.94,459.84,518.1,114.35,5.69,0,0,2025-12-08 00:00:00,1,1,1
TXN-03-01247,STORE-002,Electronics,BrandE,In-Store,UPC-558977767,SKU-ELE-9542,Phone,9,9,0,2560.14,1790.61,769.53,379.31,94.85,0,0,2025-12-01 14:00:00,0,0,1
TXN-03-02931,STORE-019,Sports,BrandA,Online,UPC-761436421,SKU-SPO-7996,Water Bottle,5,5,1,284.55,178.32,106.23,60.55,3.64,0,0,2025-12-24 05:00:00,1,0,1
TXN-03-00755,STORE-016,Home & Garden,BrandA,In-Store,UPC-232191279,SKU-HOM-7408,Vase,6,6,2,2559.12,1649.61,909.51,492.59,66.07,0,0,2025-12-04 10:00:00,1,0,1
TXN-03-05350,STORE-003,Electronics,BrandH,Mobile,UPC-426027372,SKU-ELE-5731,Speaker,9,9,0,3268.17,2094.65,1173.52,379.81,16.68,1,1,2025-12-13 00:00:00,1,0,1
TXN-03-02756,STORE-004,Grocery,BrandA,Online,UPC-483155877,SKU-GRO-4384,Cereal,4,4,2,1258.68,572.27,686.41,440.59,125.92,0,0,2025-12-23 20:00:00,1,0,1
TXN-03-01389,STORE-019,Grocery,BrandD,Mobile,UPC-679584767,SKU-GRO-4208,Milk,3,3,0,517.11,319.97,197.14,197.29,24.92,0,0,2025-12-20 02:00:00,1,0,1
TXN-03-00981,STORE-010,Grocery,BrandE,Online,UPC-252480400,SKU-GRO-2672,Coffee,6,6,2,271.56,156.4,115.16,56.76,11.5,0,0,2025-12-11 17:00:00,0,0,1
TXN-03-03879,STORE-017,Home & Garden,BrandB,Online,UPC-559446788,SKU-HOM-5305,Rug,4,4,0,1338.32,948.68,389.64,349.96,15.38,0,0,2025-12-25 10:00:00,0,1,1
TXN-03-03895,STORE-001,Grocery,BrandH,In-Store,UPC-169320278,SKU-GRO-2702,Bread,8,8,1,2588.96,1725.73,863.23,454.38,130.76,0,0,2025-12-03 10:00:00,1,0,1
TXN-03-01271,STORE-014,Electronics,BrandC,In-Store,UPC-674955438,SKU-ELE-8883,Phone,9,9,1,1374.03,1030.42,343.61,170.4,17.73,0,0,2025-12-19 06:00:00,1,1,1
TXN-03-05829,STORE-011,Electronics,BrandG,In-Store,UPC-269117177,SKU-ELE-9819,Tablet,6,6,2,1561.38,1060.86,500.52,324.37,64.14,0,0,2025-12-08 08:00:00,1,0,1
TXN-03-03777,STORE-018,Home & Garden,BrandG,In-Store,UPC-593936549,SKU-HOM-4828,Chair,9,9,0,3146.85,2047.14,1099.71,382.75,33.1,0,0,2025-12-03 23:00:00,0,0,1
TXN-03-04970,STORE-016,Electronics,BrandH,Online,UPC-781914614,SKU-ELE-2475,Tablet,4,4,4,1136.12,845.42,290.7,402.44,118.41,0,0,2025-12-26 23:00:00,0,0,1
TXN-03-05543,STORE-002,Home & Garden,BrandE,In-Store,UPC-553391390,SKU-HOM-5020,Rug,8,8,2,3149.68,1540.65,1609.03,414.67,20.96,0,0,2025-12-09 14:00:00,1,0,1
TXN-03-05864,STORE-018,Sports,BrandE,Mobile,UPC-329378801,SKU-SPO-1444,Running Shoes,7,7,2,2708.3,2000.24,708.06,388.59,1.69,0,0,2025-12-25 15:00:00,1,0,1
TXN-03-06371,STORE-019,Apparel,BrandD,In-Store,UPC-987813490,SKU-APP-5246,Socks,4,4,3,1421.12,1035.68,385.44,388.03,32.75,0,0,2025-12-18 13:00:00,0,0,1
TXN-03-00011,STORE-017,Sports,BrandA,Online,UPC-852309129,SKU-SPO-5784,Dumbbell,8,8,2,1438.4,995.81,442.59,204.72,24.92,0,0,2025-12-12 12:00:00,1,0,1
TXN-03-04943,STORE-015,Grocery,BrandG,In-Store,UPC-127488432,SKU-GRO-1608,Coffee,5,5,3,1276.05,583.17,692.88,320.25,65.04,0,0,2025-12-19 21:00:00,1,0,1
TXN-03-03959,STORE-008,Grocery,BrandB,Online,UPC-237309476,SKU-GRO-9084,Bread,9,9,0,910.98,682.37,228.61,109.58,8.36,0,0,2025-12-10 14:00:00,1,0,1
TXN-03-01731,STORE-009,Home & Garden,BrandB,Online,UPC-470482796,SKU-HOM-8892,Tool Set,2,2,3,534.32,316.48,217.84,367.71,100.55,0,0,2025-12-09 11:00:00,1,0,1
TXN-03-00555,STORE-015,Sports,BrandA,Mobile,UPC-377701833,SKU-SPO-4933,Jersey,1,1,3,98.02,63.99,34.03,130.67,32.65,0,0,2025-12-19 04:00:00,0,0,1
TXN-03-00471,STORE-015,Electronics,BrandA,Online,UPC-478563219,SKU-ELE-2001,Phone,2,2,4,715.52,364.61,350.91,362.5,4.74,0,0,2025-12-05 02:00:00,0,0,1
TXN-03-03287,STORE-013,Electronics,BrandD,In-Store,UPC-452144025,SKU-ELE-5683,Laptop,2,2,2,860.52,429.79,430.73,459.47,29.21,0,0,2025-12-07 07:00:00,1,0,1
TXN-03-00770,STORE-015,Apparel,BrandC,Online,UPC-344330477,SKU-APP-6727,Scarf,6,6,4,616.56,291.68,324.88,140.61,37.85,0,0,2025-12-28 03:00:00,1,0,1
TXN-03-02266,STORE-004,Electronics,BrandC,In-Store,UPC-631605219,SKU-ELE-3063,Speaker,2,2,4,298.14,175.94,122.2,157.42,8.35,0,0,2025-12-15 01:00:00,1,0,1
TXN-03-05194,STORE-010,Apparel,BrandG,Online,UPC-459789729,SKU-APP-6295,T-Shirt,8,8,1,2962.16,1601.75,1360.41,431.24,60.97,1,0,2025-12-30 06:00:00,0,0,1
TXN-03-01085,STORE-005,Grocery,BrandA,Online,UPC-892955454,SKU-GRO-6222,Bread,4,4,2,486.56,339.03,147.53,123.77,2.13,0,0,2025-12-11 16:00:00,1,0,1
TXN-03-02673,STORE-007,Electronics,BrandH,In-Store,UPC-508056423,SKU-ELE-1165,Tablet,6,6,4,1235.04,871.44,363.6,235.9,30.06,0,0,2025-12-20 19:00:00,0,0,1
TXN-03-01791,STORE-011,Grocery,BrandC,Online,UPC-926363417,SKU-GRO-4688,Coffee,3,3,1,1037.1,608.7,428.4,357.14,11.44,0,0,2025-12-19 04:00:00,1,0,1
TXN-03-01134,STORE-012,Grocery,BrandC,Online,UPC-545166041,SKU-GRO-2744,Pasta,5,5,1,348.75,224.36,124.39,97.61,27.86,0,0,2025-12-23 19:00:00,1,0,1
TXN-03-01704,STORE-018,Electronics,BrandB,In-Store,UPC-793843145,SKU-ELE-5361,Monitor,8,8,1,1903.92,1388.68,515.24,275.42,37.43,0,0,2025-12-17 13:00:00,1,0,1
TXN-03-04790,STORE-019,Grocery,BrandB,Online,UPC-494849939,SKU-GRO-1605,Rice,1,1,2,50.7,30.23,20.47,52.74,2.04,0,0,2025-12-08 02:00:00,1,0,1
TXN-03-02758,STORE-010,Grocery,BrandE,Online,UPC-727397069,SKU-GRO-7370,Coffee,4,4,4,1096.4,733.89,362.51,362.13,88.03,0,0,2025-12-21 13:00:00,1,0,1
TXN-03-02231,STORE-002,Sports,BrandC,In-Store,UPC-353535168,SKU-SPO-4426,Jersey,4,4,3,1389.88,703.42,686.46,422.48,75.01,0,0,2025-12-05 05:00:00,0,0,1
TXN-03-01148,STORE-008,Home & Garden,BrandA,Online,UPC-683205599,SKU-HOM-8675,Vase,5,5,4,1907.25,999.36,907.89,448.01,66.56,0,0,2025-12-06 14:00:00,1,0,1
TXN-03-03025,STORE-019,Electronics,BrandF,Mobile,UPC-168507283,SKU-ELE-6731,Speaker,1,1,3,36.57,22.99,13.58,50.02,13.45,0,0,2025-12-30 14:00:00,1,0,1
TXN-03-03882,STORE-006,Home & Garden,BrandH,In-Store,UPC-949578603,SKU-HOM-5282,Plant Pot,8,8,0,1808.96,1235.62,573.34,245.09,18.97,0,0,2025-12-14 11:00:00,1,0,1
TXN-03-03066,STORE-010,Grocery,BrandH,Mobile,UPC-993623653,SKU-GRO-7983,Cereal,6,6,4,1924.62,1167.51,757.11,404.27,83.5,0,0,2025-12-10 19:00:00,1,0,1
TXN-03-04657,STORE-007,Electronics,BrandC,In-Store,UPC-769535227,SKU-ELE-4228,Laptop,2,2,1,261.52,159.04,102.48,153.94,23.18,0,0,2025-12-23 05:00:00,0,1,1
TXN-03-03612,STORE-020,Electronics,BrandH,In-Store,UPC-945790653,SKU-ELE-2739,Laptop,5,5,1,908.15,551.21,356.94,192.4,10.77,0,0,2025-12-23 16:00:00,0,0,1
TXN-03-03727,STORE-015,Sports,BrandC,In-Store,UPC-642167998,SKU-SPO-2597,Running Shoes,2,2,3,791.66,414.59,377.07,494.88,99.05,1,0,2025-12-07 01:00:00,1,0,1
TXN-03-05728,STORE-001,Sports,BrandF,In-Store,UPC-319513384,SKU-SPO-9713,Jersey,6,6,2,1654.2,847.94,806.26,303.1,27.4,0,0,2025-12-07 10:00:00,1,1,1
TXN-03-05879,STORE-017,Sports,BrandD,In-Store,UPC-720840124,SKU-SPO-1352,Jersey,6,6,2,1140.66,674.18,466.48,240.47,50.36,0,0,2025-12-15 05:00:00,1,1,1
TXN-03-06373,STORE-007,Apparel,BrandC,Mobile,UPC-747957957,SKU-APP-4857,T-Shirt,9,9,0,2827.26,2000.81,826.45,330.04,15.9,0,0,2025-12-23 19:00:00,1,0,1
TXN-03-04386,STORE-017,Home & Garden,BrandA,In-Store,UPC-504592846,SKU-HOM-1996,Cushion,7,7,1,1419.18,856.25,562.93,207.88,5.14,0,0,2025-12-03 17:00:00,0,0,1
TXN-03-05859,STORE-006,Home & Garden,BrandF,Online,UPC-181820531,SKU-HOM-6118,Plant Pot,6,6,1,196.32,119.19,77.13,41.88,9.16,0,0,2025-12-30 18:00:00,1,1,1
TXN-03-02752,STORE-002,Apparel,BrandC,Mobile,UPC-607687611,SKU-APP-9019,Jeans,8,8,3,3427.2,2433.73,993.47,455.89,27.49,0,0,2025-12-03 22:00:00,1,1,1
TXN-03-05696,STORE-003,Electronics,BrandC,Mobile,UPC-567125843,SKU-ELE-6913,Headphones,5,5,4,1572.1,1092.06,480.04,314.7,0.28,0,0,2025-12-01 20:00:00,1,0,1
TXN-03-05942,STORE-019,Grocery,BrandF,In-Store,UPC-915545464,SKU-GRO-4743,Coffee,3,3,3,983.37,403.36,580.01,381.79,54.0,0,0,2025-12-13 16:00:00,0,0,1
TXN-03-00925,STORE-012,Electronics,BrandC,In-Store,UPC-408103388,SKU-ELE-6258,Tablet,9,9,2,1674.63,953.38,721.25,250.92,64.85,0,0,2025-12-06 09:00:00,0,1,1
TXN-03-03911,STORE-002,Electronics,BrandG,In-Store,UPC-339770539,SKU-ELE-2825,Camera,1,1,2,108.27,54.14,54.13,108.76,0.49,0,0,2025-12-20 11:00:00,0,0,1
TXN-03-03699,STORE-016,Apparel,BrandC,In-Store,UPC-877949532,SKU-APP-4222,Jacket,1,1,0,297.06,152.36,144.7,343.23,46.17,0,0,2025-12-28 04:00:00,1,0,1
TXN-03-04690,STORE-004,Grocery,BrandH,Online,UPC-185219008,SKU-GRO-4719,Pasta,9,9,0,3516.39,2603.08,913.31,434.25,43.54,0,0,2025-12-29 19:00:00,0,0,1
TXN-03-04468,STORE-011,Home & Garden,BrandB,In-Store,UPC-654114415,SKU-HOM-9757,Plant Pot,7,7,0,1682.17,1230.3,451.87,244.08,3.77,0,0,2025-12-04 02:00:00,1,0,1
TXN-03-03307,STORE-005,Home & Garden,BrandE,In-Store,UPC-750578060,SKU-HOM-8553,Lamp,6,6,0,948.36,541.37,406.99,215.16,57.1,0,0,2025-12-14 21:00:00,1,0,1
TXN-03-04369,STORE-013,Sports,BrandD,Online,UPC-830518950,SKU-SPO-1455,Dumbbell,6,6,3,1597.56,1192.94,404.62,369.25,102.99,0,0,2025-12-22 08:00:00,0,1,1
TXN-03-05980,STORE-017,Home & Garden,BrandC,Online,UPC-259072733,SKU-HOM-4954,Vase,1,1,2,27.9,12.38,15.52,35.81,7.91,0,0,2025-12-22 15:00:00,0,0,1
TXN-03-01816,STORE-011,Home & Garden,BrandD,Online,UPC-614498051,SKU-HOM-8432,Cushion,9,9,1,180.18,86.97,93.21,25.01,4.99,0,0,2025-12-30 21:00:00,1,0,1
TXN-03-04229,STORE-015,Electronics,BrandH,In-Store,UPC-169149575,SKU-ELE-7413,Headphones,5,5,1,268.9,109.55,159.35,71.17,17.39,1,1,2025-12-11 01:00:00,1,1,1
TXN-03-05290,STORE-005,Electronics,BrandG,Online,UPC-868166592,SKU-ELE-1816,Camera,6,6,3,54.66,30.62,24.04,10.6,1.49,0,0,2025-12-20 12:00:00,1,1,1
TXN-03-01912,STORE-010,Apparel,BrandA,Online,UPC-766978539,SKU-APP-7093,T-Shirt,7,7,3,2857.82,1773.16,1084.66,413.86,5.6,0,0,2025-12-05 00:00:00,1,0,1
TXN-03-01317,STORE-003,Home & Garden,BrandB,Online,UPC-112469139,SKU-HOM-3056,Tool Set,8,8,0,1914.32,1177.31,737.01,265.98,26.69,0,0,2025-12-20 18:00:00,1,0,1
TXN-03-00122,STORE-013,Grocery,BrandC,Online,UPC-790114186,SKU-GRO-1256,Rice,3,3,2,568.32,300.58,267.74,215.96,26.52,0,0,2025-12-27 10:00:00,1,0,1
TXN-03-01367,STORE-014,Sports,BrandG,Online,UPC-322128503,SKU-SPO-5097,Jersey,5,5,0,505.05,287.87,217.18,103.85,2.84,1,0,2025-12-11 20:00:00,0,1,1
TXN-03-01661,STORE-014,Home & Garden,BrandD,In-Store,UPC-499428919,SKU-HOM-8842,Plant Pot,3,3,4,506.7,260.1,246.6,168.97,0.07,0,0,2025-12-15 05:00:00,0,0,1
TXN-03-04344,STORE-020,Electronics,BrandG,In-Store,UPC-562261929,SKU-ELE-9739,Headphones,4,4,1,1717.04,975.53,741.51,435.81,6.55,0,0,2025-12-22 23:00:00,1,0,1
TXN-03-04444,STORE-008,Sports,BrandD,Online,UPC-677453278,SKU-SPO-3211,Jersey,8,8,2,550.56,348.75,201.81,75.65,6.83,0,0,2025-12-12 02:00:00,1,0,1
TXN-03-01496,STORE-012,Home & Garden,BrandC,In-Store,UPC-329134804,SKU-HOM-8831,Cushion,5,5,1,1898.6,1224.75,673.85,472.39,92.67,0,0,2025-12-17 08:00:00,0,0,1
TXN-03-00250,STORE-012,Apparel,BrandD,In-Store,UPC-576593192,SKU-APP-1286,Jacket,9,9,2,685.8,327.0,358.8,99.33,23.13,0,0,2025-12-18 15:00:00,1,0,1
TXN-03-06213,STORE-013,Sports,BrandD,Online,UPC-306206998,SKU-SPO-6964,Running Shoes,8,8,4,215.28,105.15,110.13,35.8,8.89,0,0,2025-12-03 22:00:00,0,0,1
TXN-03-00017,STORE-006,Electronics,BrandG,Online,UPC-559007734,SKU-ELE-1861,Phone,5,5,0,1395.15,881.13,514.02,342.94,63.91,0,0,2025-12-12 11:00:00,0,1,1
TXN-03-05235,STORE-002,Grocery,BrandH,In-Store,UPC-231390488,SKU-GRO-8926,Milk,3,3,0,962.16,656.37,305.79,386.4,65.68,0,0,2025-12-07 18:00:00,0,0,1
TXN-03-03712,STORE-015,Apparel,BrandE,Online,UPC-300380358,SKU-APP-3969,Dress,2,2,2,432.7,243.4,189.3,226.05,9.7,0,0,2025-12-09 10:00:00,1,0,1
TXN-03-06031,STORE-015,Apparel,BrandC,Online,UPC-246732857,SKU-APP-4977,Socks,4,4,3,1241.6,738.31,503.29,394.94,84.54,1,1,2025-12-10 03:00:00,0,0,1
TXN-03-06111,STORE-008,Apparel,BrandB,In-Store,UPC-100914593,SKU-APP-1042,Hat,8,8,1,1923.52,965.92,957.6,243.83,3.39,0,0,2025-12-22 19:00:00,0,0,1
TXN-03-01075,STORE-015,Electronics,BrandF,In-Store,UPC-754354336,SKU-ELE-8075,Monitor,2,2,3,494.26,213.8,280.46,327.69,80.56,1,0,2025-12-19 20:00:00,0,0,1
TXN-03-04033,STORE-001,Electronics,BrandB,In-Store,UPC-446746221,SKU-ELE-2605,Charger,4,4,2,1205.0,613.14,591.86,332.23,30.98,0,0,2025-12-12 14:00:00,1,0,1
TXN-03-01539,STORE-008,Electronics,BrandB,In-Store,UPC-500847457,SKU-ELE-3740,Camera,5,5,2,1611.55,1085.26,526.29,340.78,18.47,0,0,2025-12-16 02:00:00,0,1,1
TXN-03-03766,STORE-005,Electronics,BrandF,Mobile,UPC-518539513,SKU-ELE-7763,Camera,6,6,0,1612.02,849.84,762.18,363.07,94.4,0,0,2025-12-10 16:00:00,1,1,1
TXN-03-03022,STORE-014,Electronics,BrandE,Mobile,UPC-550856831,SKU-ELE-8706,Tablet,6,6,2,990.12,600.38,389.74,180.85,15.83,0,0,2025-12-02 20:00:00,1,0,1
TXN-03-01090,STORE-018,Home & Garden,BrandD,Online,UPC-128672505,SKU-HOM-9137,Rug,7,7,2,2404.01,1385.32,1018.69,445.16,101.73,0,0,2025-12-17 22:00:00,0,0,1
TXN-03-02171,STORE-013,Apparel,BrandE,Mobile,UPC-635486774,SKU-APP-8688,Scarf,7,7,3,339.71,142.93,196.78,67.46,18.93,0,0,2025-12-05 14:00:00,1,0,1
TXN-03-03304,STORE-015,Home & Garden,BrandA,Online,UPC-973951408,SKU-HOM-3511,Vase,5,5,2,953.4,408.06,545.34,221.26,30.58,0,0,2025-12-25 01:00:00,1,0,1
TXN-03-04061,STORE-004,Apparel,BrandH,Online,UPC-207877311,SKU-APP-1222,Dress,2,2,4,467.04,242.99,224.05,290.91,57.39,0,0,2025-12-20 21:00:00,1,0,1
TXN-03-00820,STORE-016,Electronics,BrandG,In-Store,UPC-929455348,SKU-ELE-1338,Speaker,4,4,4,864.8,391.49,473.31,257.36,41.16,0,0,2025-12-23 07:00:00,1,1,1
TXN-03-00050,STORE-015,Apparel,BrandF,Online,UPC-779760587,SKU-APP-3411,Socks,6,6,0,2725.26,1645.75,1079.51,460.52,6.31,0,0,2025-12-27 18:00:00,0,1,1
TXN-03-04626,STORE-005,Electronics,BrandC,In-Store,UPC-475740594,SKU-ELE-6524,Phone,4,4,1,1101.92,688.58,413.34,279.61,4.13,0,0,2025-12-26 08:00:00,1,0,1
TXN-03-00051,STORE-016,Grocery,BrandH,Online,UPC-361586206,SKU-GRO-6421,Cereal,5,5,1,2054.85,891.18,1163.67,483.55,72.58,0,0,2025-12-19 22:00:00,0,0,1
TXN-03-05560,STORE-005,Apparel,BrandC,In-Store,UPC-872095374,SKU-APP-1954,T-Shirt,9,9,0,100.8,73.49,27.31,13.76,2.56,0,0,2025-12-06 15:00:00,0,1,1
TXN-03-01258,STORE-009,Grocery,BrandE,In-Store,UPC-708014843,SKU-GRO-5672,Coffee,2,2,3,72.86,42.4,30.46,46.04,9.61,0,0,2025-12-23 12:00:00,1,0,1
TXN-03-02006,STORE-006,Grocery,BrandA,In-Store,UPC-964214203,SKU-GRO-4628,Bread,1,1,3,89.28,53.16,36.12,100.54,11.26,0,0,2025-12-07 04:00:00,0,0,1
TXN-03-06094,STORE-009,Electronics,BrandG,In-Store,UPC-368490484,SKU-ELE-4695,Charger,8,8,1,1332.32,546.72,785.6,201.44,34.9,0,0,2025-12-18 17:00:00,0,0,1
TXN-03-02464,STORE-017,Home & Garden,BrandF,Online,UPC-683474041,SKU-HOM-1450,Chair,4,4,0,418.88,178.7,240.18,138.51,33.79,0,0,2025-12-01 12:00:00,1,0,1
TXN-03-00749,STORE-014,Electronics,BrandE,In-Store,UPC-512922662,SKU-ELE-3999,Laptop,5,5,4,1247.0,511.85,735.15,329.17,79.77,0,0,2025-12-07 18:00:00,1,0,1
TXN-03-05930,STORE-004,Apparel,BrandA,In-Store,UPC-746880030,SKU-APP-3016,Hat,4,4,3,1314.92,532.05,782.87,332.54,3.81,0,0,2025-12-26 14:00:00,1,0,1
TXN-03-05995,STORE-009,Grocery,BrandF,Online,UPC-585104903,SKU-GRO-5983,Juice,6,6,0,958.8,640.75,318.05,179.57,19.77,0,0,2025-12-09 19:00:00,1,0,1
TXN-03-00138,STORE-003,Apparel,BrandF,Online,UPC-763029592,SKU-APP-8614,Hat,5,5,2,1513.45,666.36,847.09,312.26,9.57,0,0,2025-12-21 11:00:00,1,1,1
TXN-03-04714,STORE-007,Electronics,BrandG,In-Store,UPC-290470046,SKU-ELE-4585,Speaker,5,5,3,739.55,387.72,351.83,153.27,5.36,0,0,2025-12-17 20:00:00,0,0,1
TXN-03-04728,STORE-003,Home & Garden,BrandD,Online,UPC-444113238,SKU-HOM-6882,Cushion,7,7,4,1835.4,992.84,842.56,351.42,89.22,0,0,2025-12-05 14:00:00,0,1,1
TXN-03-04290,STORE-019,Apparel,BrandC,In-Store,UPC-565257361,SKU-APP-5293,Jacket,2,2,3,36.34,19.41,16.93,21.65,3.48,0,0,2025-12-14 17:00:00,1,0,1
TXN-03-05050,STORE-010,Sports,BrandC,Mobile,UPC-233335576,SKU-SPO-1594,Resistance Band,8,8,0,2570.24,1165.45,1404.79,381.26,59.98,0,0,2025-12-12 17:00:00,1,0,1
TXN-03-05547,STORE-004,Home & Garden,BrandC,Online,UPC-565244469,SKU-HOM-3719,Vase,4,4,0,1365.52,761.58,603.94,383.06,41.68,1,0,2025-12-21 01:00:00,1,0,1
TXN-03-03005,STORE-011,Sports,BrandG,In-Store,UPC-683488535,SKU-SPO-6475,Water Bottle,8,8,3,3064.16,2153.32,910.84,403.07,20.05,0,0,2025-12-22 12:00:00,1,0,1
TXN-03-00487,STORE-007,Electronics,BrandB,In-Store,UPC-220374685,SKU-ELE-7972,Camera,8,8,4,3335.52,2331.21,1004.31,465.74,48.8,0,0,2025-12-09 00:00:00,1,0,1
TXN-03-02203,STORE-017,Sports,BrandB,In-Store,UPC-351091959,SKU-SPO-8990,Running Shoes,2,2,2,256.88,147.26,109.62,152.79,24.35,0,0,2025-12-24 19:00:00,1,0,1
TXN-03-03592,STORE-004,Electronics,BrandC,Mobile,UPC-171537803,SKU-ELE-8969,Tablet,5,5,4,322.25,204.93,117.32,72.88,8.43,0,0,2025-12-26 08:00:00,1,1,1
TXN-03-03178,STORE-008,Apparel,BrandE,Mobile,UPC-515140501,SKU-APP-2274,Hat,4,4,4,326.28,226.36,99.92,92.13,10.56,0,0,2025-12-22 13:00:00,1,1,1
TXN-03-01867,STORE-015,Electronics,BrandG,In-Store,UPC-241679417,SKU-ELE-6579,Charger,8,8,4,514.24,208.09,306.15,74.32,10.04,0,0,2025-12-22 00:00:00,1,0,1
TXN-03-04763,STORE-010,Apparel,BrandH,Online,UPC-661102219,SKU-APP-2070,Shoes,2,2,3,529.08,261.06,268.02,285.08,20.54,0,0,2025-12-24 16:00:00,1,1,1
TXN-03-03302,STORE-017,Grocery,BrandD,Online,UPC-640631722,SKU-GRO-7754,Milk,7,7,3,1781.08,828.51,952.57,315.38,60.94,0,0,2025-12-24 17:00:00,1,0,1
TXN-03-04756,STORE-016,Grocery,BrandE,In-Store,UPC-185805323,SKU-GRO-5856,Bread,7,7,3,1835.4,829.96,1005.44,267.56,5.36,0,0,2025-12-06 19:00:00,1,0,1
TXN-03-04070,STORE-008,Sports,BrandC,In-Store,UPC-279237458,SKU-SPO-4249,Backpack,8,8,4,2032.32,1159.53,872.79,351.43,97.39,0,0,2025-12-25 23:00:00,1,0,1
TXN-03-00060,STORE-002,Electronics,BrandC,Online,UPC-218380107,SKU-ELE-8274,Camera,2,2,2,167.56,74.39,93.17,118.11,34.33,0,0,2025-12-20 10:00:00,0,0,1
TXN-03-03603,STORE-015,Home & Garden,BrandE,Online,UPC-838381906,SKU-HOM-4615,Plant Pot,6,6,0,465.06,251.44,213.62,104.0,26.49,0,0,2025-12-10 07:00:00,0,0,1
TXN-03-00006,STORE-007,Apparel,BrandG,In-Store,UPC-745248079,SKU-APP-6861,Dress,1,1,1,187.65,121.2,66.45,245.84,58.19,0,0,2025-12-13 15:00:00,0,0,1
TXN-03-03513,STORE-019,Grocery,BrandF,Mobile,UPC-471095004,SKU-GRO-3055,Coffee,4,4,4,995.68,692.47,303.21,322.95,74.03,0,0,2025-12-04 16:00:00,0,0,1
TXN-03-02131,STORE-002,Electronics,BrandG,In-Store,UPC-780721566,SKU-ELE-8309,Monitor,5,5,2,1441.9,806.15,635.75,400.95,112.57,0,0,2025-12-17 08:00:00,1,0,1
TXN-03-04024,STORE-001,Grocery,BrandD,Mobile,UPC-814918511,SKU-GRO-8484,Coffee,8,8,1,2196.88,1558.61,638.27,293.88,19.27,0,0,2025-12-25 03:00:00,1,0,1
TXN-03-00768,STORE-002,Home & Garden,BrandH,Online,UPC-206248328,SKU-HOM-4538,Hose,2,2,4,68.0,40.61,27.39,34.15,0.15,0,0,2025-12-22 01:00:00,1,0,1
TXN-03-04538,STORE-004,Apparel,BrandE,In-Store,UPC-784143633,SKU-APP-4835,Shoes,8,8,4,2022.48,1380.11,642.37,303.76,50.95,0,0,2025-12-25 01:00:00,1,0,1
TXN-03-03858,STORE-019,Home & Garden,BrandA,In-Store,UPC-395766387,SKU-HOM-8822,Rug,5,5,2,593.5,426.54,166.96,152.62,33.92,0,0,2025-12-22 10:00:00,1,0,1
TXN-03-00685,STORE-010,Sports,BrandG,Online,UPC-940621607,SKU-SPO-4715,Running Shoes,1,1,0,182.32,109.97,72.35,240.0,57.68,0,0,2025-12-01 00:00:00,0,1,1
TXN-03-00258,STORE-002,Sports,BrandH,In-Store,UPC-259121266,SKU-SPO-8226,Dumbbell,1,1,1,339.25,252.38,86.87,440.69,101.44,0,0,2025-12-28 17:00:00,1,0,1
TXN-03-03684,STORE-016,Sports,BrandH,In-Store,UPC-613119015,SKU-SPO-8300,Cap,4,4,1,1064.12,449.25,614.87,308.47,42.44,0,0,2025-12-06 19:00:00,1,0,1
TXN-03-00971,STORE-015,Home & Garden,BrandE,In-Store,UPC-356050913,SKU-HOM-4717,Tool Set,4,4,4,1124.4,534.77,589.63,320.55,39.45,0,0,2025-12-16 11:00:00,1,0,1
TXN-03-05481,STORE-010,Home & Garden,BrandD,Mobile,UPC-788743671,SKU-HOM-9465,Vase,7,7,2,903.91,516.92,386.99,165.72,36.59,0,0,2025-12-10 12:00:00,1,0,1
TXN-03-01855,STORE-007,Electronics,BrandB,In-Store,UPC-657589972,SKU-ELE-5355,Laptop,3,3,2,778.5,403.19,375.31,283.4,23.9,0,0,2025-12-20 00:00:00,0,0,1
TXN-03-04490,STORE-006,Home & Garden,BrandD,Online,UPC-897906308,SKU-HOM-5143,Vase,4,4,4,464.32,272.77,191.55,149.57,33.49,0,0,2025-12-07 06:00:00,1,0,1
TXN-03-02484,STORE-018,Electronics,BrandB,In-Store,UPC-840053719,SKU-ELE-3544,Charger,3,3,2,373.62,275.91,97.71,127.65,3.11,1,0,2025-12-07 18:00:00,0,1,1
TXN-03-02746,STORE-007,Electronics,BrandC,Online,UPC-888407067,SKU-ELE-7174,Tablet,5,5,1,1346.25,907.08,439.17,364.76,95.51,0,0,2025-12-04 22:00:00,1,0,1
TXN-03-04754,STORE-002,Electronics,BrandG,In-Store,UPC-301781574,SKU-ELE-6869,Charger,5,5,3,2115.3,1515.37,599.93,473.72,50.66,0,0,2025-12-04 20:00:00,0,0,1
TXN-03-05992,STORE-007,Apparel,BrandE,Online,UPC-338298939,SKU-APP-7631,Socks,9,9,3,2769.93,1944.75,825.18,391.83,84.06,0,0,2025-12-02 03:00:00,1,0,1
TXN-03-03299,STORE-007,Electronics,BrandE,In-Store,UPC-434750980,SKU-ELE-3062,Monitor,7,7,4,1207.85,486.58,721.27,220.95,48.4,0,0,2025-12-06 10:00:00,1,0,1
TXN-03-01561,STORE-012,Electronics,BrandA,Online,UPC-605991523,SKU-ELE-7429,Laptop,8,8,0,1635.44,964.2,671.24,272.27,67.84,0,0,2025-12-23 22:00:00,0,1,1
TXN-03-05593,STORE-020,Home & Garden,BrandA,Online,UPC-293024034,SKU-HOM-2940,Cushion,4,4,2,1002.72,496.71,506.01,287.75,37.07,0,0,2025-12-24 09:00:00,1,0,1
TXN-03-05365,STORE-014,Grocery,BrandG,Online,UPC-134865166,SKU-GRO-9307,Pasta,5,5,0,1257.45,802.26,455.19,284.96,33.47,0,0,2025-12-02 06:00:00,1,0,1
TXN-03-02184,STORE-004,Home & Garden,BrandF,In-Store,UPC-400721023,SKU-HOM-4017,Cushion,2,2,2,68.68,50.2,18.48,45.18,10.84,0,0,2025-12-27 14:00:00,1,0,1
TXN-03-06335,STORE-015,Home & Garden,BrandF,In-Store,UPC-440824391,SKU-HOM-2778,Tool Set,6,6,2,178.8,92.33,86.47,40.74,10.94,0,0,2025-12-30 18:00:00,0,0,1
TXN-03-03335,STORE-012,Apparel,BrandC,In-Store,UPC-162809817,SKU-APP-4305,Scarf,8,8,1,3193.36,2171.0,1022.36,447.04,47.87,0,0,2025-12-12 08:00:00,0,0,1
TXN-03-02832,STORE-008,Electronics,BrandB,Online,UPC-262327258,SKU-ELE-4468,Tablet,8,8,3,1589.52,662.32,927.2,280.67,81.98,0,0,2025-12-30 13:00:00,0,0,1
TXN-03-00957,STORE-015,Grocery,BrandC,Online,UPC-763288137,SKU-GRO-9719,Cereal,7,7,3,403.83,272.61,131.22,58.97,1.28,0,0,2025-12-27 05:00:00,1,1,1
TXN-03-04997,STORE-011,Apparel,BrandA,In-Store,UPC-193741331,SKU-APP-1332,Shoes,8,8,0,675.28,332.77,342.51,100.18,15.77,0,0,2025-12-09 16:00:00,0,0,1
TXN-03-03630,STORE-001,Electronics,BrandB,In-Store,UPC-965865011,SKU-ELE-2755,Laptop,9,9,4,1647.63,965.14,682.49,249.71,66.64,0,0,2025-12-30 12:00:00,1,0,1
TXN-03-00018,STORE-017,Electronics,BrandE,In-Store,UPC-233740953,SKU-ELE-5190,Tablet,1,1,3,318.07,139.2,178.87,408.0,89.93,0,0,2025-12-27 19:00:00,0,1,1
TXN-03-00724,STORE-013,Sports,BrandF,Online,UPC-579340822,SKU-SPO-1598,Cap,7,7,2,183.68,130.04,53.64,36.02,9.78,0,0,2025-12-01 16:00:00,1,1,1
TXN-03-02119,STORE-004,Grocery,BrandD,In-Store,UPC-306871986,SKU-GRO-6752,Snack Bar,1,1,2,277.32,120.04,157.28,383.15,105.83,0,0,2025-12-20 10:00:00,1,0,1
TXN-03-03459,STORE-010,Home & Garden,BrandF,In-Store,UPC-592121463,SKU-HOM-2173,Chair,3,3,0,1402.86,768.44,634.42,475.53,7.91,0,0,2025-12-12 10:00:00,1,0,1
TXN-03-00264,STORE-015,Home & Garden,BrandF,In-Store,UPC-521050944,SKU-HOM-2834,Chair,9,9,2,363.69,225.83,137.86,41.59,1.18,0,0,2025-12-08 16:00:00,1,0,1
TXN-03-00385,STORE-020,Home & Garden,BrandH,In-Store,UPC-144519428,SKU-HOM-7914,Vase,1,1,4,266.46,186.45,80.01,352.14,85.68,0,0,2025-12-11 13:00:00,1,0,1
TXN-03-04296,STORE-006,Home & Garden,BrandG,Online,UPC-439873988,SKU-HOM-1997,Chair,4,4,0,306.16,222.47,83.69,103.24,26.7,0,0,2025-12-22 08:00:00,1,0,1
TXN-03-04398,STORE-018,Sports,BrandG,Online,UPC-990777504,SKU-SPO-6836,Backpack,2,2,3,288.46,117.48,170.98,158.82,14.59,0,0,2025-12-06 03:00:00,1,0,1
TXN-03-02645,STORE-017,Apparel,BrandC,Online,UPC-861488772,SKU-APP-6796,Jacket,1,1,1,30.01,19.6,10.41,31.85,1.84,0,0,2025-12-02 20:00:00,1,0,1
TXN-03-05860,STORE-006,Grocery,BrandF,In-Store,UPC-838862926,SKU-GRO-7696,Rice,1,1,3,216.36,152.29,64.07,305.15,88.79,0,0,2025-12-28 14:00:00,1,0,1
TXN-03-00871,STORE-007,Sports,BrandD,Mobile,UPC-651937542,SKU-SPO-5494,Resistance Band,7,7,3,284.55,128.52,156.03,49.23,8.58,0,0,2025-12-06 20:00:00,1,0,1
TXN-03-05399,STORE-011,Electronics,BrandG,In-Store,UPC-521055652,SKU-ELE-6842,Phone,5,5,3,1771.95,822.45,949.5,356.45,2.06,0,0,2025-12-12 04:00:00,0,1,1
TXN-03-04956,STORE-016,Electronics,BrandD,In-Store,UPC-216280503,SKU-ELE-4795,Speaker,1,1,1,49.65,21.1,28.55,54.86,5.21,0,0,2025-12-09 10:00:00,0,0,1
TXN-03-03665,STORE-001,Sports,BrandA,Online,UPC-427137767,SKU-SPO-4119,Cap,3,3,1,945.42,657.89,287.53,404.61,89.47,0,0,2025-12-13 02:00:00,1,0,1
TXN-03-04441,STORE-002,Grocery,BrandE,In-Store,UPC-429812743,SKU-GRO-4549,Pasta,7,7,3,1711.01,1033.89,677.12,293.67,49.24,0,0,2025-12-28 21:00:00,1,1,1
TXN-03-05767,STORE-012,Sports,BrandC,In-Store,UPC-693969685,SKU-SPO-7968,Cap,8,8,3,2954.08,1654.99,1299.09,498.16,128.9,0,0,2025-12-08 23:00:00,1,0,1
TXN-03-00413,STORE-001,Apparel,BrandC,Online,UPC-902771367,SKU-APP-6766,Scarf,4,4,3,1663.96,1132.65,531.31,482.4,66.41,1,0,2025-12-22 11:00:00,0,0,1
TXN-03-00800,STORE-008,Apparel,BrandC,Mobile,UPC-861754201,SKU-APP-5465,Shoes,2,2,3,560.58,397.42,163.16,322.96,42.67,0,0,2025-12-13 22:00:00,1,1,1
TXN-03-02705,STORE-015,Electronics,BrandC,Mobile,UPC-611365101,SKU-ELE-8733,Laptop,8,8,3,1417.04,663.53,753.51,182.56,5.43,0,0,2025-12-02 16:00:00,1,0,1
TXN-03-05719,STORE-014,Home & Garden,BrandD,In-Store,UPC-730937238,SKU-HOM-5243,Lamp,9,9,3,2313.81,1626.7,687.11,298.05,40.96,1,0,2025-12-21 12:00:00,0,0,1
TXN-03-03323,STORE-017,Grocery,BrandB,Online,UPC-334948050,SKU-GRO-6498,Snack Bar,2,2,3,793.0,331.92,461.08,465.93,69.43,0,0,2025-12-01 07:00:00,0,0,1
TXN-03-02499,STORE-010,Grocery,BrandD,Online,UPC-310170719,SKU-GRO-1311,Coffee,1,1,0,164.94,110.39,54.55,187.88,22.94,0,0,2025-12-27 04:00:00,1,0,1
TXN-03-06390,STORE-010,Apparel,BrandC,In-Store,UPC-293433896,SKU-APP-5303,Socks,8,8,3,2783.04,1855.18,927.86,373.76,25.88,0,0,2025-12-08 21:00:00,1,0,1
TXN-03-04674,STORE-005,Home & Garden,BrandC,Mobile,UPC-178346907,SKU-HOM-3058,Plant Pot,8,8,0,1330.96,929.36,401.6,231.05,64.68,0,0,2025-12-15 17:00:00,1,0,1
TXN-03-05037,STORE-001,Home & Garden,BrandD,In-Store,UPC-779428312,SKU-HOM-9766,Chair,3,3,1,977.01,644.47,332.54,452.28,126.61,0,0,2025-12-08 20:00:00,0,1,1
TXN-03-00520,STORE-001,Electronics,BrandE,Online,UPC-725944327,SKU-ELE-5042,Headphones,7,7,1,962.5,453.47,509.03,139.32,1.82,0,0,2025-12-23 02:00:00,1,0,1
TXN-03-00162,STORE-018,Home & Garden,BrandB,Mobile,UPC-250139529,SKU-HOM-5571,Cushion,8,8,4,2829.52,1759.39,1070.13,408.06,54.37,0,0,2025-12-26 01:00:00,1,0,1
TXN-03-02953,STORE-009,Home & Garden,BrandH,Online,UPC-100917140,SKU-HOM-8829,Lamp,3,3,3,846.48,630.34,216.14,380.52,98.36,1,0,2025-12-27 18:00:00,0,1,1
TXN-03-02022,STORE-019,Apparel,BrandA,In-Store,UPC-440000374,SKU-APP-5569,Socks,3,3,4,245.01,171.75,73.26,85.07,3.4,0,0,2025-12-08 07:00:00,0,1,1
TXN-03-01470,STORE-003,Grocery,BrandG,Online,UPC-642117322,SKU-GRO-9998,Milk,7,7,2,2452.87,1717.9,734.97,390.56,40.15,0,0,2025-12-02 15:00:00,1,0,1
TXN-03-01843,STORE-015,Electronics,BrandA,In-Store,UPC-641781650,SKU-ELE-1432,Speaker,8,8,2,2348.4,1525.44,822.96,308.66,15.11,0,0,2025-12-28 20:00:00,1,0,1
TXN-03-06297,STORE-016,Electronics,BrandD,Online,UPC-502116504,SKU-ELE-3740,Phone,2,2,2,357.96,263.09,94.87,221.78,42.8,0,0,2025-12-19 04:00:00,1,0,1
TXN-03-05207,STORE-014,Apparel,BrandB,Mobile,UPC-546862435,SKU-APP-9210,T-Shirt,7,7,0,376.32,245.49,130.83,69.98,16.22,0,0,2025-12-20 13:00:00,1,0,1
TXN-03-06242,STORE-015,Grocery,BrandA,In-Store,UPC-469848595,SKU-GRO-2006,Pasta,3,3,0,232.83,173.92,58.91,92.21,14.6,0,0,2025-12-30 23:00:00,0,1,1
TXN-03-01181,STORE-003,Electronics,BrandA,Mobile,UPC-668863811,SKU-ELE-3602,Speaker,3,3,2,1013.61,432.03,581.58,359.86,21.99,0,0,2025-12-01 15:00:00,0,0,1
TXN-03-03544,STORE-007,Apparel,BrandB,In-Store,UPC-368511312,SKU-APP-4762,T-Shirt,5,5,3,656.9,371.16,285.74,134.96,3.58,0,0,2025-12-02 14:00:00,1,0,1
TXN-03-01374,STORE-003,Apparel,BrandD,In-Store,UPC-174365028,SKU-APP-7931,Dress,6,6,3,489.42,309.93,179.49,114.65,33.08,0,0,2025-12-13 07:00:00,1,1,1
TXN-03-02642,STORE-018,Grocery,BrandG,In-Store,UPC-367937153,SKU-GRO-2832,Juice,8,8,0,3039.76,2218.54,821.22,472.67,92.7,0,0,2025-12-04 01:00:00,1,0,1
TXN-03-05605,STORE-003,Home & Garden,BrandC,In-Store,UPC-389875995,SKU-HOM-6744,Rug,3,3,0,1143.99,543.29,600.7,476.23,94.9,0,0,2025-12-23 01:00:00,0,0,1
TXN-03-02729,STORE-007,Grocery,BrandB,In-Store,UPC-416713752,SKU-GRO-2952,Juice,2,2,3,159.88,71.1,88.78,98.72,18.78,0,0,2025-12-07 00:00:00,1,1,1
TXN-03-00704,STORE-006,Electronics,BrandB,In-Store,UPC-621566120,SKU-ELE-5017,Headphones,5,5,4,2053.85,1255.93,797.92,419.25,8.48,0,0,2025-12-16 21:00:00,1,0,1
TXN-03-01208,STORE-003,Electronics,BrandH,In-Store,UPC-648245922,SKU-ELE-8164,Camera,3,3,1,821.4,338.41,482.99,372.21,98.41,0,0,2025-12-19 22:00:00,1,1,1
TXN-03-03751,STORE-018,Grocery,BrandG,Mobile,UPC-764686575,SKU-GRO-2863,Juice,8,8,2,2343.36,950.47,1392.89,337.58,44.66,1,0,2025-12-14 11:00:00,0,0,1
TXN-03-00803,STORE-016,Apparel,BrandH,Mobile,UPC-143464291,SKU-APP-1208,Scarf,6,6,3,2135.58,1233.96,901.62,376.01,20.08,0,0,2025-12-25 22:00:00,0,0,1
TXN-03-00442,STORE-007,Grocery,BrandH,Mobile,UPC-134571114,SKU-GRO-2148,Rice,2,2,1,683.74,433.49,250.25,477.17,135.3,0,0,2025-12-12 20:00:00,1,0,1
TXN-03-06164,STORE-015,Electronics,BrandC,In-Store,UPC-714348541,SKU-ELE-6758,Camera,3,3,1,911.01,454.95,456.06,384.63,80.96,0,0,2025-12-13 06:00:00,0,1,1
TXN-03-03653,STORE-007,Electronics,BrandA,In-Store,UPC-610770951,SKU-ELE-3401,Charger,6,6,0,1246.14,850.33,395.81,222.16,14.47,0,0,2025-12-23 01:00:00,0,0,1
TXN-03-05141,STORE-012,Electronics,BrandF,In-Store,UPC-182485424,SKU-ELE-3411,Monitor,8,8,4,1350.32,766.71,583.61,227.15,58.36,0,0,2025-12-12 14:00:00,0,0,1
TXN-03-03527,STORE-018,Electronics,BrandB,Online,UPC-985319610,SKU-ELE-2929,Charger,6,6,2,1039.08,476.24,562.84,194.04,20.86,0,0,2025-12-20 08:00:00,0,1,1
TXN-03-02910,STORE-010,Sports,BrandH,In-Store,UPC-167113697,SKU-SPO-5653,Water Bottle,3,3,1,198.99,105.76,93.23,69.21,2.88,0,0,2025-12-13 00:00:00,0,0,1
TXN-03-05731,STORE-012,Apparel,BrandD,In-Store,UPC-904284328,SKU-APP-9254,Jacket,4,4,2,1382.44,1003.82,378.62,435.55,89.94,0,0,2025-12-20 16:00:00,1,1,1
TXN-03-16424,STORE-001,Sports,BrandH,Mobile,UPC-314545165,SKU-SPO-6096,Jersey,7,7,0,1037.26,690.02,347.24,198.95,50.77,0,0,2025-12-18 11:00:00,1,0,1
TXN-03-03732,STORE-019,Sports,BrandA,In-Store,UPC-342390745,SKU-SPO-2152,Jersey,4,4,0,1625.96,1120.07,505.89,473.76,67.27,0,0,2025-12-17 22:00:00,1,0,1
TXN-03-00831,STORE-007,Grocery,BrandD,In-Store,UPC-796274674,SKU-GRO-3178,Bread,8,8,1,2535.6,1372.04,1163.56,448.87,131.92,0,0,2025-12-19 07:00:00,1,0,1
TXN-03-04828,STORE-016,Apparel,BrandC,In-Store,UPC-363515035,SKU-APP-7300,Jacket,6,6,4,106.62,46.73,59.89,20.09,2.32,0,0,2025-12-10 03:00:00,1,1,1
TXN-03-05109,STORE-008,Home & Garden,BrandF,Online,UPC-565611309,SKU-HOM-2262,Plant Pot,1,1,0,378.63,256.55,122.08,468.27,89.64,0,0,2025-12-20 10:00:00,0,0,1
TXN-03-04055,STORE-002,Home & Garden,BrandG,In-Store,UPC-432507771,SKU-HOM-3299,Chair,8,8,4,837.12,512.23,324.89,134.25,29.61,0,0,2025-12-18 13:00:00,0,1,1
TXN-03-02665,STORE-018,Grocery,BrandE,In-Store,UPC-342900830,SKU-GRO-5703,Pasta,1,1,2,67.88,31.02,36.86,73.92,6.04,0,0,2025-12-13 08:00:00,1,0,1
TXN-03-00176,STORE-012,Apparel,BrandC,Online,UPC-336657159,SKU-APP-8549,Dress,1,1,1,111.25,51.85,59.4,134.51,23.26,0,0,2025-12-16 15:00:00,1,0,1
TXN-03-01619,STORE-012,Home & Garden,BrandA,In-Store,UPC-493127758,SKU-HOM-1519,Tool Set,7,7,2,440.65,319.52,121.13,63.11,0.16,0,0,2025-12-14 15:00:00,0,1,1
TXN-03-06095,STORE-012,Electronics,BrandE,Online,UPC-999927337,SKU-ELE-5844,Camera,9,9,3,2758.68,2040.17,718.51,369.82,63.3,0,0,2025-12-12 20:00:00,1,0,1
TXN-03-16412,STORE-016,Home & Garden,BrandE,In-Store,UPC-705088094,SKU-HOM-7435,Lamp,8,8,2,1969.28,1351.15,618.13,261.4,15.24,0,0,2025-12-16 01:00:00,0,0,1
TXN-03-03242,STORE-010,Home & Garden,BrandF,In-Store,UPC-571678456,SKU-HOM-6643,Vase,7,7,2,1826.3,829.19,997.11,361.18,100.28,0,0,2025-12-22 08:00:00,1,0,1
TXN-03-00963,STORE-012,Grocery,BrandE,In-Store,UPC-845535566,SKU-GRO-7258,Coffee,7,7,3,450.1,185.97,264.13,65.0,0.7,0,0,2025-12-24 01:00:00,1,1,1
TXN-03-03165,STORE-010,Sports,BrandG,In-Store,UPC-284184239,SKU-SPO-7643,Running Shoes,8,8,4,1012.0,593.65,418.35,160.85,34.35,0,0,2025-12-29 02:00:00,1,0,1
TXN-03-00462,STORE-001,Home & Garden,BrandE,In-Store,UPC-382941235,SKU-HOM-7129,Lamp,5,5,4,1782.85,1300.13,482.72,386.09,29.52,0,0,2025-12-14 13:00:00,0,1,1
TXN-03-05926,STORE-016,Home & Garden,BrandE,In-Store,UPC-705088094,SKU-HOM-7435,Lamp,8,8,2,1969.28,1351.15,618.13,261.4,15.24,0,0,2025-12-16 01:00:00,0,0,1
TXN-03-04971,STORE-011,Home & Garden,BrandE,Mobile,UPC-827767071,SKU-HOM-9852,Cushion,9,9,1,1889.82,1235.9,653.92,216.07,6.09,0,0,2025-12-17 13:00:00,1,1,1
TXN-03-05226,STORE-019,Sports,BrandA,In-Store,UPC-344399572,SKU-SPO-1869,Resistance Band,9,9,4,1955.34,1122.42,832.92,299.71,82.45,0,0,2025-12-13 16:00:00,1,0,1
TXN-03-06151,STORE-003,Sports,BrandF,In-Store,UPC-541454855,SKU-SPO-2386,Backpack,9,9,3,2150.01,1235.29,914.72,329.29,90.4,0,0,2025-12-15 19:00:00,1,0,1
TXN-03-04004,STORE-010,Grocery,BrandF,Online,UPC-400605779,SKU-GRO-7679,Cereal,6,6,3,1152.42,512.56,639.86,266.6,74.53,0,0,2025-12-10 07:00:00,1,0,1
TXN-03-06273,STORE-012,Grocery,BrandB,Online,UPC-786808664,SKU-GRO-7411,Cereal,9,9,0,3460.41,1665.48,1794.93,495.75,111.26,0,0,2025-12-27 08:00:00,0,0,1
TXN-03-00874,STORE-008,Grocery,BrandG,In-Store,UPC-441186534,SKU-GRO-9657,Pasta,1,1,1,184.12,124.9,59.22,245.28,61.16,0,0,2025-12-28 02:00:00,1,0,1
TXN-03-06181,STORE-012,Home & Garden,BrandH,In-Store,UPC-329060029,SKU-HOM-6774,Chair,4,4,3,49.76,36.46,13.3,13.87,1.43,1,0,2025-12-29 18:00:00,0,0,1
TXN-03-02548,STORE-013,Home & Garden,BrandE,Online,UPC-508239678,SKU-HOM-3398,Tool Set,9,9,1,3239.01,2159.57,1079.44,373.02,13.13,0,0,2025-12-11 07:00:00,0,1,1
TXN-03-00490,STORE-007,Apparel,BrandG,In-Store,UPC-350137364,SKU-APP-1871,Hat,9,9,2,1580.13,640.9,939.23,190.83,15.26,1,0,2025-12-01 12:00:00,1,0,1
TXN-03-04535,STORE-003,Electronics,BrandC,Mobile,UPC-531152530,SKU-ELE-9320,Tablet,5,5,2,1049.45,602.31,447.14,255.91,46.02,0,0,2025-12-03 13:00:00,1,0,1
TXN-03-02101,STORE-016,Home & Garden,BrandG,In-Store,UPC-156303406,SKU-HOM-5769,Vase,7,7,2,3279.15,1321.98,1957.17,496.38,27.93,0,0,2025-12-11 22:00:00,1,0,1
TXN-03-05366,STORE-013,Electronics,BrandB,In-Store,UPC-847165858,SKU-ELE-8707,Headphones,7,7,1,2841.16,1631.23,1209.93,493.55,87.67,0,0,2025-12-23 18:00:00,1,0,1
TXN-03-04219,STORE-018,Grocery,BrandB,Online,UPC-955719580,SKU-GRO-8938,Bread,5,5,4,1533.45,963.07,570.38,418.09,111.4,0,0,2025-12-18 11:00:00,1,0,1
TXN-03-06347,STORE-016,Apparel,BrandB,In-Store,UPC-713853719,SKU-APP-6277,Shoes,5,5,0,1401.35,808.13,593.22,325.61,45.34,0,0,2025-12-22 16:00:00,1,0,1
TXN-03-01498,STORE-013,Apparel,BrandE,In-Store,UPC-458918121,SKU-APP-6787,Socks,2,2,3,520.88,318.02,202.86,298.89,38.45,0,0,2025-12-01 09:00:00,1,0,1
TXN-03-04623,STORE-004,Apparel,BrandG,In-Store,UPC-598026406,SKU-APP-4789,Jacket,7,7,2,1532.65,1111.78,420.87,271.14,52.19,0,0,2025-12-25 00:00:00,0,0,1
TXN-03-06318,STORE-013,Electronics,BrandD,In-Store,UPC-223468201,SKU-ELE-8810,Monitor,2,2,2,655.64,358.75,296.89,397.79,69.97,0,0,2025-12-04 14:00:00,1,0,1
TXN-03-04810,STORE-019,Electronics,BrandD,Mobile,UPC-629312777,SKU-ELE-6132,Monitor,1,1,1,338.24,235.81,102.43,398.76,60.52,0,0,2025-12-29 02:00:00,1,0,1
TXN-03-03495,STORE-006,Grocery,BrandE,Mobile,UPC-731175629,SKU-GRO-7803,Juice,4,4,2,276.92,172.51,104.41,89.32,20.09,0,0,2025-12-10 14:00:00,0,0,1
TXN-03-04846,STORE-016,Apparel,BrandF,In-Store,UPC-241559417,SKU-APP-7513,Scarf,8,8,0,142.72,86.22,56.5,18.8,0.96,0,0,2025-12-25 01:00:00,1,0,1
TXN-03-01836,STORE-003,Electronics,BrandC,In-Store,UPC-318946797,SKU-ELE-6423,Laptop,5,5,2,510.4,348.03,162.37,129.51,27.43,0,0,2025-12-07 23:00:00,0,0,1
TXN-03-00286,STORE-006,Home & Garden,BrandC,In-Store,UPC-982610430,SKU-HOM-9049,Cushion,8,8,1,1845.12,1222.08,623.04,279.31,48.67,0,0,2025-12-04 09:00:00,0,1,1
TXN-03-00000,STORE-009,Electronics,BrandA,Mobile,UPC-777490646,SKU-ELE-3382,Phone,5,5,4,1335.6,834.4,501.2,338.65,71.53,0,0,2025-12-21 13:00:00,1,1,1
TXN-03-05019,STORE-001,Grocery,BrandH,Online,UPC-943011764,SKU-GRO-7949,Rice,2,2,0,82.26,55.5,26.76,51.89,10.76,0,0,2025-12-22 00:00:00,0,0,1
TXN-03-06130,STORE-005,Electronics,BrandB,In-Store,UPC-710984767,SKU-ELE-8079,Tablet,2,2,4,16.24,11.69,4.55,9.91,1.79,0,0,2025-12-17 04:00:00,1,1,1
TXN-03-05279,STORE-005,Grocery,BrandH,Online,UPC-957037702,SKU-GRO-9876,Pasta,8,8,0,2638.56,1361.99,1276.57,366.09,36.27,0,0,2025-12-08 16:00:00,0,0,1
TXN-03-00564,STORE-007,Apparel,BrandH,Online,UPC-788412202,SKU-APP-7194,Shoes,9,9,2,2867.94,1959.51,908.43,447.17,128.51,0,0,2025-12-27 05:00:00,1,0,1
TXN-03-04933,STORE-016,Home & Garden,BrandD,In-Store,UPC-169524359,SKU-HOM-8084,Cushion,1,1,1,156.46,83.53,72.93,193.38,36.92,0,0,2025-12-18 13:00:00,1,0,1
TXN-03-01267,STORE-020,Grocery,BrandG,Mobile,UPC-608271293,SKU-GRO-4282,Pasta,7,7,1,3029.53,1796.08,1233.45,493.49,60.7,0,0,2025-12-17 04:00:00,1,0,1
TXN-03-01398,STORE-010,Electronics,BrandF,Online,UPC-212752739,SKU-ELE-5840,Headphones,1,1,4,353.53,171.43,182.1,458.63,105.1,0,0,2025-12-18 01:00:00,0,0,1
TXN-03-00666,STORE-012,Apparel,BrandD,Online,UPC-748772943,SKU-APP-7780,Hat,4,4,2,1077.2,435.19,642.01,370.8,101.5,0,0,2025-12-26 14:00:00,1,1,1
TXN-03-01098,STORE-010,Grocery,BrandC,Online,UPC-786267917,SKU-GRO-3185,Snack Bar,3,3,3,247.41,130.1,117.31,94.58,12.11,0,0,2025-12-20 06:00:00,0,0,1
TXN-03-06283,STORE-012,Grocery,BrandG,In-Store,UPC-797596638,SKU-GRO-5542,Cereal,1,1,3,139.52,82.44,57.08,176.68,37.16,1,0,2025-12-24 12:00:00,1,1,1
TXN-03-00001,STORE-005,Grocery,BrandA,Online,UPC-974625471,SKU-GRO-1605,Milk,1,1,1,160.41,78.43,81.98,173.95,13.54,0,0,2025-12-04 10:00:00,1,0,1
TXN-03-04892,STORE-012,Electronics,BrandD,In-Store,UPC-200783100,SKU-ELE-5107,Phone,9,9,2,78.12,35.33,42.79,11.6,2.92,0,0,2025-12-02 18:00:00,1,0,1
TXN-03-02517,STORE-008,Sports,BrandB,Online,UPC-189073951,SKU-SPO-9667,Yoga Mat,8,8,4,2516.96,1448.37,1068.59,348.97,34.35,0,0,2025-12-16 18:00:00,1,0,1
TXN-03-06119,STORE-004,Electronics,BrandD,Mobile,UPC-177013465,SKU-ELE-4569,Speaker,8,8,1,2369.84,1477.93,891.91,395.78,99.55,0,0,2025-12-12 14:00:00,1,0,1
TXN-03-02852,STORE-019,Electronics,BrandD,Online,UPC-551956649,SKU-ELE-4970,Laptop,8,8,2,1207.04,645.54,561.5,152.58,1.7,0,0,2025-12-04 00:00:00,1,0,1
TXN-03-02814,STORE-015,Apparel,BrandH,In-Store,UPC-459271906,SKU-APP-7804,Socks,8,8,1,1661.2,822.52,838.68,273.32,65.67,0,0,2025-12-30 17:00:00,0,0,1
TXN-03-06257,STORE-002,Sports,BrandE,Online,UPC-391608711,SKU-SPO-2705,Dumbbell,5,5,4,1000.2,476.74,523.46,217.69,17.65,0,0,2025-12-01 05:00:00,1,0,1
TXN-03-03519,STORE-018,Grocery,BrandE,Mobile,UPC-934556939,SKU-GRO-7906,Snack Bar,1,1,0,204.92,147.0,57.92,229.95,25.03,0,0,2025-12-24 07:00:00,1,1,1
TXN-03-02880,STORE-001,Apparel,BrandB,Online,UPC-836218052,SKU-APP-4142,Jeans,9,9,3,1767.42,1005.59,761.83,276.99,80.61,1,0,2025-12-30 08:00:00,1,0,1
TXN-03-03954,STORE-015,Apparel,BrandB,In-Store,UPC-275104927,SKU-APP-9226,Hat,4,4,4,1499.64,685.72,813.92,408.74,33.83,0,0,2025-12-18 22:00:00,0,0,1
TXN-03-03268,STORE-009,Electronics,BrandC,Mobile,UPC-656784314,SKU-ELE-1831,Monitor,7,7,1,386.4,199.28,187.12,76.46,21.26,0,0,2025-12-10 15:00:00,1,0,1
TXN-03-05906,STORE-016,Home & Garden,BrandH,In-Store,UPC-158043072,SKU-HOM-6242,Tool Set,7,7,2,887.32,598.96,288.36,142.8,16.04,1,0,2025-12-28 03:00:00,1,1,1
TXN-03-04306,STORE-005,Grocery,BrandF,In-Store,UPC-140911123,SKU-GRO-1144,Snack Bar,2,2,2,184.54,95.65,88.89,127.43,35.16,0,0,2025-12-10 13:00:00,0,0,1
TXN-03-03363,STORE-017,Sports,BrandH,Online,UPC-309116511,SKU-SPO-6442,Water Bottle,9,9,0,721.26,492.27,228.99,108.35,28.21,1,0,2025-12-03 07:00:00,1,0,1
TXN-03-03601,STORE-003,Home & Garden,BrandB,In-Store,UPC-429643708,SKU-HOM-9725,Plant Pot,9,9,3,1234.17,614.44,619.73,149.02,11.89,0,0,2025-12-12 23:00:00,1,0,1
TXN-03-04988,STORE-004,Grocery,BrandG,In-Store,UPC-504453131,SKU-GRO-5784,Snack Bar,2,2,4,678.42,388.21,290.21,409.56,70.35,0,0,2025-12-06 15:00:00,0,0,1
TXN-03-03960,STORE-007,Grocery,BrandB,In-Store,UPC-604582675,SKU-GRO-7289,Rice,7,7,2,1837.29,842.47,994.82,354.54,92.07,0,0,2025-12-21 14:00:00,1,0,1
TXN-03-02535,STORE-011,Electronics,BrandE,In-Store,UPC-700595989,SKU-ELE-5858,Tablet,5,5,4,2186.85,980.22,1206.63,444.26,6.89,0,0,2025-12-26 10:00:00,1,0,1
TXN-03-03512,STORE-009,Grocery,BrandH,Online,UPC-688244755,SKU-GRO-4956,Coffee,3,3,3,334.17,222.34,111.83,149.01,37.62,0,0,2025-12-24 10:00:00,1,1,1
TXN-03-00447,STORE-005,Sports,BrandH,Online,UPC-728421752,SKU-SPO-9589,Backpack,7,7,3,2124.99,914.05,1210.94,329.82,26.25,0,0,2025-12-25 16:00:00,1,0,1
TXN-03-03196,STORE-006,Electronics,BrandG,In-Store,UPC-734531568,SKU-ELE-8977,Speaker,1,1,1,210.26,131.97,78.29,299.78,89.52,0,0,2025-12-15 19:00:00,0,1,1
TXN-03-00998,STORE-002,Electronics,BrandG,Online,UPC-875617808,SKU-ELE-4463,Tablet,5,5,4,1489.85,715.26,774.59,391.93,93.96,0,0,2025-12-18 04:00:00,1,1,1
TXN-03-01963,STORE-005,Home & Garden,BrandD,In-Store,UPC-537225760,SKU-HOM-4403,Plant Pot,4,4,1,844.44,616.82,227.62,229.17,18.06,0,0,2025-12-19 18:00:00,0,0,1
TXN-03-04827,STORE-013,Electronics,BrandE,In-Store,UPC-640108799,SKU-ELE-6660,Phone,5,5,3,1149.0,534.75,614.25,307.91,78.11,0,0,2025-12-12 17:00:00,1,0,1
TXN-03-02826,STORE-001,Electronics,BrandA,Online,UPC-502731823,SKU-ELE-2659,Monitor,4,4,4,47.96,32.24,15.72,16.51,4.52,0,0,2025-12-22 14:00:00,1,1,1
TXN-03-05470,STORE-004,Apparel,BrandF,Mobile,UPC-330105441,SKU-APP-4820,Hat,1,1,0,349.13,222.93,126.2,488.71,139.58,0,0,2025-12-03 04:00:00,0,1,1
TXN-03-05165,STORE-015,Sports,BrandG,Mobile,UPC-871248277,SKU-SPO-3109,Running Shoes,9,9,4,579.51,329.84,249.67,64.78,0.39,1,0,2025-12-15 12:00:00,1,1,1
TXN-03-02609,STORE-008,Apparel,BrandD,In-Store,UPC-177689385,SKU-APP-1922,Socks,9,9,3,2389.14,1234.99,1154.15,329.91,64.45,0,0,2025-12-26 12:00:00,0,0,1
TXN-03-02128,STORE-010,Apparel,BrandH,Mobile,UPC-696798053,SKU-APP-2319,Hat,9,9,0,2753.19,1373.11,1380.08,375.02,69.11,0,0,2025-12-26 21:00:00,0,0,1
TXN-03-02311,STORE-011,Home & Garden,BrandF,Online,UPC-583178580,SKU-HOM-1796,Hose,1,1,4,246.87,164.61,82.26,328.34,81.47,1,1,2025-12-23 15:00:00,1,0,1
TXN-03-05846,STORE-006,Grocery,BrandH,Mobile,UPC-327763886,SKU-GRO-4775,Pasta,2,2,4,383.04,265.45,117.59,218.41,26.89,0,0,2025-12-03 19:00:00,1,1,1
TXN-03-04523,STORE-005,Home & Garden,BrandG,In-Store,UPC-804168427,SKU-HOM-2298,Chair,9,9,0,2457.45,1239.45,1218.0,332.27,59.22,0,0,2025-12-09 15:00:00,0,0,1
TXN-03-02618,STORE-018,Apparel,BrandF,In-Store,UPC-240712622,SKU-APP-5870,Jeans,2,2,2,911.94,432.91,479.03,466.31,10.34,0,0,2025-12-12 17:00:00,1,0,1
TXN-03-01533,STORE-008,Grocery,BrandA,Online,UPC-863376860,SKU-GRO-9216,Milk,4,4,4,993.36,510.74,482.62,259.82,11.48,0,0,2025-12-15 00:00:00,0,1,1
TXN-03-01503,STORE-010,Grocery,BrandD,Online,UPC-529174440,SKU-GRO-9728,Snack Bar,3,3,1,652.05,369.48,282.57,255.18,37.83,0,0,2025-12-20 11:00:00,1,0,1
TXN-03-04020,STORE-013,Grocery,BrandG,Online,UPC-370001060,SKU-GRO-7623,Pasta,8,8,2,3104.96,1632.44,1472.52,452.75,64.63,0,0,2025-12-08 03:00:00,1,0,1
TXN-03-00794,STORE-009,Electronics,BrandB,In-Store,UPC-434810237,SKU-ELE-6076,Charger,8,8,4,2900.24,1340.3,1559.94,377.19,14.66,0,0,2025-12-29 13:00:00,1,1,1
TXN-03-05704,STORE-006,Electronics,BrandD,Online,UPC-402406041,SKU-ELE-1546,Headphones,5,5,0,568.2,298.32,269.88,129.83,16.19,0,0,2025-12-28 21:00:00,1,0,1
TXN-03-04542,STORE-004,Electronics,BrandB,In-Store,UPC-629917706,SKU-ELE-6808,Tablet,1,1,4,25.39,18.73,6.66,26.77,1.38,0,0,2025-12-01 04:00:00,1,1,1
TXN-03-01974,STORE-013,Electronics,BrandA,Mobile,UPC-594098875,SKU-ELE-1323,Camera,4,4,0,611.16,384.46,226.7,159.24,6.45,0,0,2025-12-25 18:00:00,1,1,1
TXN-03-00551,STORE-019,Grocery,BrandF,In-Store,UPC-441315560,SKU-GRO-1051,Bread,1,1,0,57.31,33.35,23.96,63.77,6.46,0,0,2025-12-01 16:00:00,0,0,1
TXN-03-04753,STORE-016,Home & Garden,BrandF,In-Store,UPC-503602174,SKU-HOM-8214,Tool Set,4,4,4,1261.56,831.26,430.3,427.14,111.75,0,0,2025-12-10 11:00:00,0,1,1
TXN-03-01236,STORE-018,Grocery,BrandF,In-Store,UPC-666938135,SKU-GRO-9790,Pasta,6,6,0,2338.02,1459.92,878.1,485.33,95.66,0,0,2025-12-17 23:00:00,1,0,1
TXN-03-00621,STORE-001,Grocery,BrandE,In-Store,UPC-647393543,SKU-GRO-6523,Juice,2,2,1,401.64,294.96,106.68,218.73,17.91,0,0,2025-12-25 15:00:00,0,0,1
TXN-03-05774,STORE-015,Grocery,BrandH,Online,UPC-504804153,SKU-GRO-1472,Juice,7,7,0,2046.24,1094.8,951.44,399.58,107.26,0,0,2025-12-26 23:00:00,1,0,1
TXN-03-02112,STORE-013,Electronics,BrandD,Online,UPC-385023425,SKU-ELE-8518,Headphones,7,7,4,1407.49,848.36,559.13,246.33,45.26,1,0,2025-12-21 12:00:00,1,1,1
TXN-03-00316,STORE-009,Home & Garden,BrandC,In-Store,UPC-380129218,SKU-HOM-4495,Chair,6,6,3,1131.3,518.01,613.29,200.49,11.94,0,0,2025-12-16 15:00:00,0,0,1
TXN-03-01715,STORE-009,Home & Garden,BrandB,In-Store,UPC-557091857,SKU-HOM-8308,Rug,3,3,2,256.08,161.01,95.07,112.12,26.76,0,0,2025-12-27 09:00:00,1,1,1
TXN-03-01126,STORE-011,Grocery,BrandF,In-Store,UPC-408936268,SKU-GRO-6802,Juice,2,2,0,605.82,418.34,187.48,391.94,89.03,1,0,2025-12-08 03:00:00,1,0,1
TXN-03-01424,STORE-016,Electronics,BrandD,Online,UPC-674481350,SKU-ELE-5120,Monitor,3,3,4,1092.12,439.1,653.02,416.26,52.22,0,0,2025-12-07 06:00:00,1,0,1
TXN-03-06091,STORE-006,Home & Garden,BrandD,In-Store,UPC-654054300,SKU-HOM-2350,Chair,7,7,1,178.15,86.19,91.96,30.61,5.16,0,0,2025-12-10 05:00:00,1,1,1
TXN-03-00660,STORE-006,Electronics,BrandF,Mobile,UPC-545763374,SKU-ELE-1246,Charger,5,5,0,219.35,136.05,83.3,56.23,12.36,0,0,2025-12-15 20:00:00,0,0,1
TXN-03-01161,STORE-009,Electronics,BrandD,In-Store,UPC-464560806,SKU-ELE-6726,Speaker,2,2,0,569.56,311.4,258.16,307.8,23.02,0,0,2025-12-30 09:00:00,1,0,1
TXN-03-03812,STORE-018,Home & Garden,BrandC,Mobile,UPC-730808368,SKU-HOM-8402,Hose,9,9,1,2561.85,1160.39,1401.46,300.4,15.75,0,0,2025-12-06 16:00:00,0,1,1
TXN-03-04618,STORE-013,Sports,BrandE,Online,UPC-601555714,SKU-SPO-9066,Backpack,5,5,3,1233.4,855.11,378.29,250.02,3.34,1,0,2025-12-15 18:00:00,0,1,1
TXN-03-00472,STORE-004,Home & Garden,BrandB,Mobile,UPC-641308866,SKU-HOM-3270,Cushion,5,5,1,699.1,377.71,321.39,152.89,13.07,0,0,2025-12-22 17:00:00,0,1,1
TXN-03-01985,STORE-008,Sports,BrandG,Mobile,UPC-316559141,SKU-SPO-9947,Cap,6,6,0,2356.38,1564.69,791.69,422.2,29.47,0,0,2025-12-19 12:00:00,1,0,1
TXN-03-03097,STORE-014,Electronics,BrandA,In-Store,UPC-898455164,SKU-ELE-9386,Phone,9,9,1,2704.59,1753.24,951.35,355.29,54.78,0,0,2025-12-12 09:00:00,1,0,1
TXN-03-03722,STORE-007,Home & Garden,BrandF,Online,UPC-943304778,SKU-HOM-8692,Hose,3,3,1,292.35,214.98,77.37,128.83,31.38,0,0,2025-12-24 19:00:00,0,1,1
TXN-03-00484,STORE-010,Apparel,BrandB,Online,UPC-802272927,SKU-APP-3736,Scarf,3,3,1,678.75,331.73,347.02,261.4,35.15,0,0,2025-12-27 22:00:00,1,0,1
TXN-03-02197,STORE-016,Electronics,BrandB,Online,UPC-150498526,SKU-ELE-4531,Camera,1,1,1,287.39,155.86,131.53,410.14,122.75,0,0,2025-12-19 09:00:00,1,0,1
TXN-03-00903,STORE-008,Sports,BrandE,Online,UPC-277296940,SKU-SPO-7501,Cap,1,1,3,477.26,248.22,229.04,491.71,14.45,0,0,2025-12-06 23:00:00,0,0,1
TXN-03-05023,STORE-004,Electronics,BrandH,In-Store,UPC-813629458,SKU-ELE-4462,Tablet,7,7,3,2199.26,1564.51,634.75,436.26,122.08,0,0,2025-12-07 21:00:00,1,0,1
TXN-03-02591,STORE-004,Grocery,BrandE,Online,UPC-527979792,SKU-GRO-2705,Rice,5,5,0,1580.65,908.71,671.94,401.95,85.82,0,0,2025-12-22 23:00:00,1,0,1
TXN-03-02751,STORE-003,Sports,BrandG,In-Store,UPC-650865433,SKU-SPO-7133,Resistance Band,3,3,1,1094.43,600.81,493.62,437.17,72.36,0,0,2025-12-30 22:00:00,0,0,1
TXN-03-01406,STORE-016,Home & Garden,BrandE,Online,UPC-730189264,SKU-HOM-7475,Lamp,3,3,4,648.15,287.56,360.59,306.31,90.26,1,1,2025-12-08 05:00:00,1,1,1
TXN-03-05898,STORE-011,Grocery,BrandD,Online,UPC-894541167,SKU-GRO-6651,Rice,4,4,4,449.16,239.82,209.34,115.31,3.02,0,0,2025-12-23 11:00:00,1,0,1
TXN-03-04629,STORE-011,Apparel,BrandD,Online,UPC-492716130,SKU-APP-1027,Hat,4,4,1,1597.16,778.15,819.01,491.39,92.1,0,0,2025-12-02 07:00:00,1,0,1
TXN-03-05759,STORE-008,Apparel,BrandB,In-Store,UPC-113321072,SKU-APP-3543,Jeans,8,8,1,2503.12,1660.5,842.62,338.05,25.16,0,0,2025-12-22 10:00:00,1,0,1
TXN-03-01936,STORE-017,Electronics,BrandG,In-Store,UPC-849724851,SKU-ELE-2701,Laptop,4,4,2,307.64,123.69,183.95,109.6,32.69,0,0,2025-12-20 07:00:00,1,0,1
TXN-03-00235,STORE-015,Sports,BrandA,In-Store,UPC-761084076,SKU-SPO-7115,Dumbbell,4,4,3,1395.28,839.47,555.81,392.99,44.17,0,0,2025-12-02 11:00:00,1,1,1
TXN-03-05770,STORE-003,Electronics,BrandC,In-Store,UPC-976614646,SKU-ELE-1214,Tablet,5,5,0,590.75,290.08,300.67,133.97,15.82,1,0,2025-12-02 08:00:00,1,0,1
TXN-03-02818,STORE-006,Electronics,BrandG,In-Store,UPC-586646917,SKU-ELE-2026,Laptop,3,3,1,720.69,518.03,202.66,335.2,94.97,0,0,2025-12-21 21:00:00,0,0,1
TXN-03-04660,STORE-013,Apparel,BrandD,Online,UPC-476903269,SKU-APP-7237,Dress,5,5,1,1742.6,1174.85,567.75,475.99,127.47,1,0,2025-12-08 04:00:00,0,1,1
TXN-03-03195,STORE-012,Apparel,BrandF,Online,UPC-808548053,SKU-APP-8498,T-Shirt,3,3,4,920.85,655.18,265.67,378.98,72.03,0,0,2025-12-05 00:00:00,0,0,1
TXN-03-05003,STORE-020,Grocery,BrandF,Mobile,UPC-569730509,SKU-GRO-1094,Rice,2,2,1,874.72,482.6,392.12,443.11,5.75,0,0,2025-12-01 19:00:00,1,0,1
TXN-03-03379,STORE-014,Sports,BrandH,Mobile,UPC-133518494,SKU-SPO-8260,Yoga Mat,5,5,4,126.55,71.69,54.86,33.39,8.08,1,1,2025-12-28 13:00:00,0,0,1
TXN-03-02150,STORE-011,Electronics,BrandG,In-Store,UPC-769660018,SKU-ELE-1681,Monitor,1,1,4,161.87,90.72,71.15,204.28,42.41,0,0,2025-12-25 08:00:00,1,0,1
TXN-03-03309,STORE-018,Grocery,BrandG,Online,UPC-664821825,SKU-GRO-3066,Bread,3,3,0,753.06,533.41,219.65,337.4,86.38,0,0,2025-12-21 22:00:00,1,0,1
TXN-03-04603,STORE-014,Grocery,BrandF,Online,UPC-970527493,SKU-GRO-1626,Milk,2,2,1,231.08,94.85,136.23,141.11,25.57,0,0,2025-12-08 14:00:00,1,0,1
TXN-03-02481,STORE-014,Home & Garden,BrandE,Mobile,UPC-300326169,SKU-HOM-4200,Lamp,1,1,3,140.75,92.17,48.58,165.73,24.98,0,0,2025-12-28 04:00:00,1,0,1
TXN-03-05443,STORE-009,Home & Garden,BrandA,In-Store,UPC-852651988,SKU-HOM-2492,Plant Pot,7,7,1,1612.17,663.15,949.02,256.04,25.73,0,0,2025-12-21 20:00:00,1,1,1
TXN-03-03824,STORE-003,Home & Garden,BrandD,Online,UPC-843722926,SKU-HOM-1185,Hose,2,2,4,121.6,63.24,58.36,72.91,12.11,0,0,2025-12-25 13:00:00,1,0,1
TXN-03-03201,STORE-019,Sports,BrandH,In-Store,UPC-690146689,SKU-SPO-3922,Water Bottle,5,5,2,527.25,214.88,312.37,148.66,43.21,0,0,2025-12-17 16:00:00,1,1,1
TXN-03-04182,STORE-002,Sports,BrandH,Online,UPC-943047608,SKU-SPO-1877,Backpack,2,2,1,616.06,273.31,342.75,329.38,21.35,0,0,2025-12-22 06:00:00,1,0,1
TXN-03-00334,STORE-015,Grocery,BrandD,Online,UPC-243328713,SKU-GRO-1184,Rice,6,6,3,118.02,69.61,48.41,21.25,1.58,0,0,2025-12-19 12:00:00,1,0,1
TXN-03-05755,STORE-007,Grocery,BrandA,In-Store,UPC-124755223,SKU-GRO-3674,Rice,8,8,2,3096.4,2002.44,1093.96,425.27,38.22,0,0,2025-12-15 07:00:00,1,0,1
TXN-03-00606,STORE-018,Electronics,BrandA,In-Store,UPC-362935049,SKU-ELE-3831,Camera,7,7,4,2280.32,1016.22,1264.1,372.46,46.7,0,0,2025-12-06 06:00:00,1,0,1
TXN-03-16438,STORE-018,Sports,BrandC,In-Store,UPC-238644785,SKU-SPO-2451,Yoga Mat,2,2,2,835.7,442.26,393.44,467.77,49.92,0,0,2025-12-20 18:00:00,1,1,1
TXN-03-05138,STORE-001,Grocery,BrandA,Online,UPC-785886269,SKU-GRO-4762,Coffee,1,1,4,336.39,186.01,150.38,346.46,10.07,0,0,2025-12-21 01:00:00,1,0,1
TXN-03-00236,STORE-007,Apparel,BrandB,Online,UPC-948137438,SKU-APP-9060,Shoes,1,1,3,380.84,181.01,199.83,390.57,9.73,0,0,2025-12-04 08:00:00,0,1,1
TXN-03-02722,STORE-004,Grocery,BrandE,Online,UPC-774461155,SKU-GRO-1495,Milk,2,2,4,27.02,14.27,12.75,14.95,1.44,0,0,2025-12-23 07:00:00,1,1,1
TXN-03-04423,STORE-017,Sports,BrandA,Mobile,UPC-294125062,SKU-SPO-1235,Resistance Band,3,3,4,649.5,484.28,165.22,226.55,10.05,0,0,2025-12-21 08:00:00,0,1,1
TXN-03-03998,STORE-002,Electronics,BrandE,In-Store,UPC-875523750,SKU-ELE-7201,Camera,6,6,4,2120.46,932.86,1187.6,478.7,125.29,0,0,2025-12-30 12:00:00,1,0,1
TXN-03-02684,STORE-011,Sports,BrandD,In-Store,UPC-352417979,SKU-SPO-9192,Resistance Band,5,5,1,432.15,192.17,239.98,88.26,1.83,0,0,2025-12-21 23:00:00,1,1,1
TXN-03-03330,STORE-003,Sports,BrandG,In-Store,UPC-958660633,SKU-SPO-8828,Jersey,5,5,0,866.65,434.56,432.09,201.61,28.28,0,0,2025-12-15 01:00:00,1,0,1
TXN-03-02558,STORE-019,Grocery,BrandH,In-Store,UPC-913512101,SKU-GRO-8205,Coffee,8,8,2,2390.96,1744.83,646.13,373.18,74.31,0,0,2025-12-14 14:00:00,1,0,1
TXN-03-01639,STORE-003,Home & Garden,BrandH,Mobile,UPC-623240984,SKU-HOM-2997,Hose,5,5,3,2150.8,1051.15,1099.65,491.17,61.01,0,0,2025-12-18 16:00:00,0,0,1
TXN-03-03741,STORE-020,Sports,BrandH,Online,UPC-335307550,SKU-SPO-5187,Backpack,8,8,1,1825.04,1286.51,538.53,253.97,25.84,0,0,2025-12-08 08:00:00,1,0,1
TXN-03-03902,STORE-008,Home & Garden,BrandA,Online,UPC-276475534,SKU-HOM-5386,Cushion,9,9,4,2777.31,1562.36,1214.95,388.66,80.07,0,0,2025-12-06 20:00:00,1,0,1
TXN-03-03463,STORE-008,Home & Garden,BrandB,In-Store,UPC-556133359,SKU-HOM-8025,Vase,7,7,3,1749.3,982.5,766.8,313.87,63.97,0,0,2025-12-01 06:00:00,0,1,1
TXN-03-01773,STORE-008,Apparel,BrandG,Online,UPC-864211041,SKU-APP-8201,Jeans,5,5,0,698.9,448.73,250.17,159.38,19.6,1,0,2025-12-19 03:00:00,1,0,1
TXN-03-05150,STORE-005,Grocery,BrandG,In-Store,UPC-950853138,SKU-GRO-8848,Coffee,7,7,3,622.02,284.29,337.73,117.64,28.78,0,0,2025-12-12 21:00:00,0,1,1
TXN-03-05117,STORE-009,Home & Garden,BrandE,In-Store,UPC-475715493,SKU-HOM-1263,Vase,8,8,1,2389.84,1165.34,1224.5,394.67,95.94,0,0,2025-12-25 11:00:00,1,1,1
TXN-03-03468,STORE-007,Apparel,BrandC,Mobile,UPC-817345243,SKU-APP-4526,T-Shirt,1,1,0,321.88,159.17,162.71,434.81,112.93,0,0,2025-12-01 05:00:00,1,0,1
TXN-03-16446,STORE-003,Sports,BrandF,In-Store,UPC-541454855,SKU-SPO-2386,Backpack,9,9,3,2150.01,1235.29,914.72,329.29,90.4,0,0,2025-12-15 19:00:00,1,0,1
TXN-03-04087,STORE-007,Home & Garden,BrandH,Online,UPC-312852680,SKU-HOM-5938,Plant Pot,7,7,3,319.41,164.07,155.34,55.89,10.26,0,0,2025-12-22 07:00:00,1,0,1
TXN-03-04142,STORE-010,Home & Garden,BrandD,Online,UPC-615352415,SKU-HOM-7251,Rug,4,4,4,1298.48,890.66,407.82,348.74,24.12,0,0,2025-12-11 16:00:00,1,1,1
TXN-03-03948,STORE-011,Home & Garden,BrandA,Online,UPC-655950806,SKU-HOM-3983,Plant Pot,8,8,0,414.56,233.15,181.41,53.65,1.83,0,0,2025-12-24 02:00:00,0,0,1
TXN-03-02545,STORE-003,Home & Garden,BrandF,Online,UPC-437871319,SKU-HOM-8122,Rug,4,4,4,1023.56,723.4,300.16,311.3,55.41,0,0,2025-12-21 10:00:00,1,0,1
TXN-03-04476,STORE-002,Apparel,BrandG,In-Store,UPC-848673193,SKU-APP-5467,Socks,6,6,0,1605.54,754.42,851.12,332.76,65.17,0,0,2025-12-21 08:00:00,0,0,1
TXN-03-03275,STORE-004,Electronics,BrandA,In-Store,UPC-581210875,SKU-ELE-8412,Phone,3,3,3,1155.09,477.82,677.27,498.99,113.96,0,0,2025-12-16 05:00:00,1,0,1
TXN-03-01820,STORE-001,Electronics,BrandF,Online,UPC-568802506,SKU-ELE-6298,Camera,4,4,4,136.36,94.24,42.12,34.81,0.72,0,0,2025-12-27 11:00:00,1,0,1
TXN-03-01186,STORE-009,Home & Garden,BrandF,Online,UPC-330018024,SKU-HOM-3253,Cushion,4,4,2,1667.44,758.37,909.07,428.3,11.44,0,0,2025-12-28 20:00:00,1,0,1
TXN-03-05810,STORE-013,Electronics,BrandG,In-Store,UPC-158834822,SKU-ELE-3001,Phone,2,2,4,496.24,330.94,165.3,256.32,8.2,0,0,2025-12-14 21:00:00,0,0,1
TXN-03-01835,STORE-013,Grocery,BrandA,In-Store,UPC-883378839,SKU-GRO-2743,Coffee,7,7,3,1494.08,979.84,514.24,239.93,26.49,0,0,2025-12-24 23:00:00,0,0,1
TXN-03-03524,STORE-017,Electronics,BrandH,In-Store,UPC-528856729,SKU-ELE-2225,Laptop,4,4,1,1220.24,758.87,461.37,400.64,95.58,0,0,2025-12-24 05:00:00,1,1,1
TXN-03-04365,STORE-013,Apparel,BrandG,In-Store,UPC-975008159,SKU-APP-8871,Jacket,2,2,3,745.76,471.68,274.08,460.38,87.5,0,0,2025-12-01 16:00:00,1,0,1
TXN-03-00042,STORE-017,Grocery,BrandH,Online,UPC-793591213,SKU-GRO-9375,Rice,5,5,2,610.3,421.53,188.77,155.76,33.7,0,0,2025-12-13 18:00:00,1,0,1
TXN-03-00725,STORE-002,Home & Garden,BrandF,In-Store,UPC-932321323,SKU-HOM-6128,Vase,3,3,2,844.35,357.74,486.61,281.88,0.43,0,0,2025-12-30 02:00:00,1,0,1
TXN-03-03245,STORE-015,Sports,BrandH,In-Store,UPC-715330691,SKU-SPO-1337,Dumbbell,2,2,2,381.3,172.62,208.68,245.25,54.6,0,0,2025-12-05 14:00:00,1,0,1
TXN-03-00163,STORE-004,Electronics,BrandF,In-Store,UPC-190024934,SKU-ELE-4225,Laptop,2,2,1,815.84,563.64,252.2,462.79,54.87,0,0,2025-12-28 09:00:00,0,1,1
TXN-03-05479,STORE-010,Electronics,BrandD,In-Store,UPC-131203306,SKU-ELE-6098,Tablet,9,9,4,775.08,374.45,400.63,98.31,12.19,0,0,2025-12-23 23:00:00,1,1,1
TXN-03-16463,STORE-011,Apparel,BrandA,In-Store,UPC-256521144,SKU-APP-7617,Jacket,3,3,0,586.05,344.24,241.81,225.03,29.68,0,0,2025-12-20 16:00:00,1,0,1
TXN-03-05915,STORE-007,Electronics,BrandA,In-Store,UPC-393295244,SKU-ELE-3297,Headphones,9,9,2,1802.34,1233.99,568.35,213.96,13.7,0,0,2025-12-05 01:00:00,0,0,1
TXN-03-01285,STORE-010,Apparel,BrandF,In-Store,UPC-796985239,SKU-APP-8417,Hat,4,4,2,1209.0,591.56,617.44,343.39,41.14,0,0,2025-12-15 23:00:00,0,0,1
TXN-03-01650,STORE-008,Grocery,BrandA,In-Store,UPC-117822337,SKU-GRO-7591,Milk,5,5,3,1863.85,1121.99,741.86,489.52,116.75,0,0,2025-12-24 12:00:00,1,0,1
TXN-03-03263,STORE-019,Sports,BrandD,In-Store,UPC-273811579,SKU-SPO-3277,Cap,2,2,4,612.2,426.23,185.97,402.41,96.31,0,0,2025-12-13 00:00:00,1,0,1
TXN-03-02615,STORE-002,Grocery,BrandB,Online,UPC-802004850,SKU-GRO-6168,Juice,2,2,0,59.3,38.19,21.11,34.7,5.05,0,0,2025-12-19 13:00:00,1,1,1
TXN-03-01473,STORE-015,Sports,BrandC,In-Store,UPC-300472404,SKU-SPO-9173,Jersey,7,7,0,2478.14,1623.68,854.46,390.79,36.77,0,0,2025-12-26 11:00:00,1,0,1
TXN-03-05616,STORE-017,Apparel,BrandF,Online,UPC-505619349,SKU-APP-2165,Jacket,9,9,3,1626.39,1013.44,612.95,251.93,71.22,0,0,2025-12-05 23:00:00,1,0,1
TXN-03-02265,STORE-018,Home & Garden,BrandG,In-Store,UPC-286948751,SKU-HOM-6715,Vase,9,9,2,1514.88,959.35,555.53,192.08,23.76,0,0,2025-12-15 05:00:00,1,0,1
TXN-03-05542,STORE-003,Grocery,BrandA,In-Store,UPC-630932572,SKU-GRO-4341,Pasta,4,4,4,1052.56,736.72,315.84,326.04,62.9,0,0,2025-12-29 09:00:00,1,1,1
TXN-03-03174,STORE-016,Apparel,BrandH,Online,UPC-274897742,SKU-APP-6862,Jeans,1,1,4,202.5,112.43,90.07,231.38,28.88,0,0,2025-12-13 07:00:00,1,1,1
TXN-03-00056,STORE-020,Grocery,BrandD,In-Store,UPC-207960166,SKU-GRO-2143,Bread,8,8,1,2481.12,1818.15,662.97,356.77,46.63,0,0,2025-12-13 20:00:00,1,1,1
TXN-03-04209,STORE-008,Electronics,BrandH,In-Store,UPC-302577014,SKU-ELE-8330,Monitor,1,1,3,385.03,164.39,220.64,465.05,80.02,0,0,2025-12-04 02:00:00,1,0,1
TXN-03-00261,STORE-018,Electronics,BrandA,In-Store,UPC-195513656,SKU-ELE-6015,Charger,2,2,0,312.08,233.35,78.73,222.58,66.54,0,0,2025-12-03 23:00:00,0,0,1
TXN-03-05573,STORE-008,Grocery,BrandE,In-Store,UPC-361014546,SKU-GRO-3995,Rice,7,7,0,614.74,414.36,200.38,121.09,33.27,0,0,2025-12-09 11:00:00,1,0,1
TXN-03-00372,STORE-005,Apparel,BrandE,Mobile,UPC-303445670,SKU-APP-9237,Socks,8,8,0,1746.88,740.21,1006.67,226.52,8.16,0,0,2025-12-25 09:00:00,1,0,1
TXN-03-04584,STORE-004,Grocery,BrandG,In-Store,UPC-265398832,SKU-GRO-6962,Rice,6,6,2,2357.88,1717.17,640.71,435.47,42.49,0,0,2025-12-28 09:00:00,0,0,1
TXN-03-02489,STORE-014,Grocery,BrandF,Online,UPC-207163027,SKU-GRO-7412,Rice,3,3,2,963.15,576.5,386.65,423.81,102.76,0,0,2025-12-20 02:00:00,1,0,1
TXN-03-01352,STORE-001,Home & Garden,BrandE,In-Store,UPC-932914351,SKU-HOM-3801,Vase,7,7,3,2303.56,1302.61,1000.95,393.54,64.46,0,0,2025-12-26 03:00:00,0,0,1
TXN-03-04195,STORE-015,Home & Garden,BrandD,In-Store,UPC-951281009,SKU-HOM-2696,Vase,5,5,1,765.45,350.73,414.72,197.42,44.33,0,0,2025-12-15 23:00:00,1,0,1
TXN-03-06000,STORE-007,Electronics,BrandF,Online,UPC-115671692,SKU-ELE-4062,Charger,2,2,3,85.12,44.75,40.37,51.73,9.17,0,0,2025-12-04 18:00:00,1,0,1
TXN-03-06261,STORE-001,Home & Garden,BrandH,Mobile,UPC-534853174,SKU-HOM-3854,Vase,5,5,2,472.55,191.18,281.37,99.6,5.09,0,0,2025-12-17 10:00:00,1,0,1
TXN-03-00835,STORE-003,Grocery,BrandD,Mobile,UPC-983330777,SKU-GRO-9322,Rice,5,5,1,2036.05,1159.24,876.81,421.21,14.0,0,0,2025-12-17 22:00:00,1,1,1
TXN-03-05837,STORE-010,Grocery,BrandG,Online,UPC-320998370,SKU-GRO-4256,Snack Bar,1,1,4,331.4,133.34,198.06,382.57,51.17,0,0,2025-12-06 08:00:00,1,0,1
TXN-03-02295,STORE-003,Home & Garden,BrandA,Online,UPC-661232902,SKU-HOM-9446,Vase,5,5,1,1601.8,996.63,605.17,426.78,106.42,0,0,2025-12-26 23:00:00,1,0,1
TXN-03-01207,STORE-003,Electronics,BrandB,In-Store,UPC-493481984,SKU-ELE-3909,Headphones,9,9,2,2158.29,957.56,1200.73,302.09,62.28,0,0,2025-12-05 01:00:00,1,0,1
TXN-03-01105,STORE-005,Sports,BrandA,In-Store,UPC-574766622,SKU-SPO-7794,Running Shoes,8,8,2,264.56,134.62,129.94,42.14,9.07,0,0,2025-12-25 01:00:00,1,0,1
TXN-03-00181,STORE-017,Home & Garden,BrandD,In-Store,UPC-425991030,SKU-HOM-8672,Chair,1,1,0,152.39,111.26,41.13,167.76,15.37,0,0,2025-12-29 19:00:00,1,1,1
TXN-03-02065,STORE-003,Sports,BrandB,In-Store,UPC-487854789,SKU-SPO-3802,Water Bottle,1,1,0,267.32,146.76,120.56,272.28,4.96,0,0,2025-12-13 17:00:00,0,0,1
TXN-03-03336,STORE-020,Apparel,BrandF,Online,UPC-142982587,SKU-APP-7923,Scarf,6,6,4,2630.7,1949.78,680.92,474.14,35.69,0,0,2025-12-17 22:00:00,0,1,1
TXN-03-03429,STORE-015,Electronics,BrandB,In-Store,UPC-130042944,SKU-ELE-4528,Phone,3,3,0,473.97,355.45,118.52,223.5,65.51,0,0,2025-12-02 18:00:00,1,0,1
TXN-03-05193,STORE-009,Home & Garden,BrandH,In-Store,UPC-551759605,SKU-HOM-4574,Vase,9,9,0,714.42,513.76,200.66,97.16,17.78,0,0,2025-12-13 18:00:00,1,0,1
TXN-03-05031,STORE-010,Apparel,BrandD,Online,UPC-303841144,SKU-APP-5532,Socks,1,1,4,81.95,60.02,21.93,89.28,7.33,0,0,2025-12-12 20:00:00,0,0,1
TXN-03-00529,STORE-005,Apparel,BrandF,Online,UPC-297151619,SKU-APP-6346,Hat,8,8,0,2129.28,1539.36,589.92,274.17,8.01,1,0,2025-12-23 05:00:00,1,0,1
TXN-03-04588,STORE-016,Electronics,BrandD,In-Store,UPC-185024417,SKU-ELE-4769,Charger,8,8,3,1458.48,1060.45,398.03,195.16,12.85,0,0,2025-12-25 05:00:00,1,0,1
TXN-03-03303,STORE-009,Sports,BrandD,In-Store,UPC-166193703,SKU-SPO-7108,Dumbbell,2,2,0,827.88,488.13,339.75,480.6,66.66,0,0,2025-12-11 06:00:00,1,0,1
TXN-03-02520,STORE-002,Electronics,BrandH,In-Store,UPC-181840066,SKU-ELE-3340,Monitor,3,3,4,853.35,398.9,454.45,359.3,74.85,0,0,2025-12-27 01:00:00,1,1,1
TXN-03-04793,STORE-009,Grocery,BrandC,Mobile,UPC-372819989,SKU-GRO-3465,Milk,1,1,3,19.69,10.43,9.26,24.57,4.88,0,0,2025-12-15 21:00:00,1,1,1
TXN-03-00569,STORE-013,Grocery,BrandC,In-Store,UPC-753041144,SKU-GRO-7414,Milk,6,6,1,1496.1,894.48,601.62,313.02,63.67,0,0,2025-12-07 20:00:00,0,1,1
TXN-03-06120,STORE-018,Grocery,BrandG,In-Store,UPC-210497048,SKU-GRO-9348,Coffee,4,4,3,78.16,48.37,29.79,27.7,8.16,0,0,2025-12-20 00:00:00,1,1,1
TXN-03-00504,STORE-019,Sports,BrandH,In-Store,UPC-755294955,SKU-SPO-5887,Dumbbell,5,5,1,142.85,106.1,36.75,39.72,11.15,0,0,2025-12-15 23:00:00,1,0,1
TXN-03-02027,STORE-003,Sports,BrandG,In-Store,UPC-291107862,SKU-SPO-1836,Yoga Mat,6,6,3,709.98,416.7,293.28,143.63,25.3,0,0,2025-12-22 11:00:00,1,0,1
TXN-03-06329,STORE-017,Apparel,BrandA,Mobile,UPC-128707628,SKU-APP-5602,Scarf,3,3,2,62.91,36.63,26.28,25.64,4.67,0,0,2025-12-04 00:00:00,1,0,1
TXN-03-00953,STORE-018,Home & Garden,BrandE,Mobile,UPC-614557827,SKU-HOM-5433,Rug,1,1,2,115.73,57.96,57.77,139.22,23.49,0,0,2025-12-22 20:00:00,0,0,1
TXN-03-03811,STORE-018,Apparel,BrandA,Mobile,UPC-141757320,SKU-APP-8215,Hat,5,5,1,158.0,100.8,57.2,45.11,13.51,0,0,2025-12-04 09:00:00,0,0,1
TXN-03-02036,STORE-006,Sports,BrandD,Mobile,UPC-189054096,SKU-SPO-7761,Water Bottle,7,7,1,2023.77,1081.98,941.79,380.0,90.89,0,0,2025-12-11 02:00:00,0,0,1
TXN-03-05574,STORE-010,Sports,BrandB,In-Store,UPC-883514400,SKU-SPO-5123,Yoga Mat,3,3,3,525.69,276.92,248.77,223.73,48.5,0,0,2025-12-27 11:00:00,0,1,1
TXN-03-05016,STORE-018,Sports,BrandA,In-Store,UPC-617718231,SKU-SPO-2887,Dumbbell,7,7,3,1147.3,820.73,326.57,220.29,56.39,0,0,2025-12-18 08:00:00,0,0,1
TXN-03-02621,STORE-013,Sports,BrandA,Online,UPC-449587293,SKU-SPO-7098,Dumbbell,7,7,3,1306.62,721.01,585.61,213.46,26.8,1,0,2025-12-03 18:00:00,0,0,1
TXN-03-05901,STORE-019,Apparel,BrandE,In-Store,UPC-131601183,SKU-APP-9577,T-Shirt,6,6,4,1879.32,808.76,1070.56,430.15,116.93,0,0,2025-12-10 10:00:00,1,0,1
TXN-03-04866,STORE-016,Grocery,BrandD,In-Store,UPC-519581081,SKU-GRO-5322,Juice,8,8,3,3069.52,1702.65,1366.87,400.13,16.44,0,0,2025-12-03 13:00:00,1,0,1
TXN-03-05531,STORE-017,Electronics,BrandH,In-Store,UPC-352098046,SKU-ELE-2931,Headphones,1,1,1,336.52,223.24,113.28,383.41,46.89,0,0,2025-12-29 14:00:00,0,0,1
TXN-03-03028,STORE-004,Apparel,BrandE,Online,UPC-805719057,SKU-APP-4473,Hat,2,2,4,384.3,279.25,105.05,267.95,75.8,0,0,2025-12-23 11:00:00,1,1,1
TXN-03-00661,STORE-011,Home & Garden,BrandE,In-Store,UPC-460510103,SKU-HOM-6346,Hose,1,1,4,68.99,47.94,21.05,86.02,17.03,0,0,2025-12-15 11:00:00,1,1,1
TXN-03-04853,STORE-007,Electronics,BrandA,In-Store,UPC-614205362,SKU-ELE-7515,Monitor,5,5,0,363.3,240.72,122.58,99.93,27.27,0,0,2025-12-11 02:00:00,1,0,1
TXN-03-02024,STORE-001,Electronics,BrandG,Online,UPC-176119460,SKU-ELE-2392,Charger,3,3,2,1300.92,958.32,342.6,455.15,21.51,0,0,2025-12-22 22:00:00,1,0,1
TXN-03-00546,STORE-004,Home & Garden,BrandB,In-Store,UPC-424671744,SKU-HOM-3804,Lamp,9,9,0,1222.02,629.86,592.16,173.08,37.3,0,0,2025-12-03 00:00:00,0,1,1
TXN-03-04094,STORE-019,Electronics,BrandH,Online,UPC-976504180,SKU-ELE-3768,Speaker,5,5,1,2000.3,1424.19,576.11,466.59,66.53,0,0,2025-12-18 14:00:00,1,1,1
TXN-03-06288,STORE-018,Sports,BrandB,In-Store,UPC-628024129,SKU-SPO-9913,Backpack,3,3,4,953.52,567.12,386.4,347.95,30.11,0,0,2025-12-04 09:00:00,1,0,1
TXN-03-02046,STORE-012,Apparel,BrandH,Online,UPC-922176156,SKU-APP-3644,T-Shirt,6,6,0,1725.06,861.1,863.96,346.79,59.28,0,0,2025-12-23 16:00:00,1,0,1
TXN-03-01467,STORE-013,Home & Garden,BrandC,Online,UPC-521017255,SKU-HOM-5666,Tool Set,5,5,2,981.25,541.81,439.44,218.18,21.93,0,0,2025-12-09 01:00:00,0,0,1
TXN-03-05347,STORE-008,Grocery,BrandH,Online,UPC-591068246,SKU-GRO-4847,Snack Bar,2,2,3,257.82,164.88,92.94,176.52,47.61,0,0,2025-12-03 03:00:00,1,0,1
TXN-03-05304,STORE-010,Apparel,BrandB,Online,UPC-842995136,SKU-APP-1564,Hat,1,1,0,199.52,137.28,62.24,262.53,63.01,0,0,2025-12-20 21:00:00,0,1,1
TXN-03-05178,STORE-009,Home & Garden,BrandA,Online,UPC-455680005,SKU-HOM-6022,Vase,9,9,2,3510.81,1928.55,1582.26,467.57,77.48,0,0,2025-12-06 05:00:00,1,0,1
TXN-03-00739,STORE-003,Apparel,BrandC,In-Store,UPC-305731483,SKU-APP-3006,T-Shirt,1,1,0,321.34,150.44,170.9,394.6,73.26,0,0,2025-12-04 17:00:00,1,0,1
TXN-03-05504,STORE-019,Electronics,BrandD,Mobile,UPC-460722442,SKU-ELE-1783,Headphones,8,8,0,63.92,37.85,26.07,8.92,0.93,1,0,2025-12-30 00:00:00,0,0,1
TXN-03-03350,STORE-002,Sports,BrandE,Online,UPC-766332999,SKU-SPO-7650,Jersey,5,5,4,63.05,44.23,18.82,16.28,3.67,0,0,2025-12-26 06:00:00,0,0,1
TXN-03-03082,STORE-008,Sports,BrandF,In-Store,UPC-727688039,SKU-SPO-1556,Dumbbell,1,1,1,319.49,144.86,174.63,353.55,34.06,0,0,2025-12-05 14:00:00,1,0,1
TXN-03-02552,STORE-008,Grocery,BrandE,In-Store,UPC-562477140,SKU-GRO-8525,Cereal,1,1,2,178.7,133.08,45.62,193.04,14.34,0,0,2025-12-23 19:00:00,0,1,1
TXN-03-02399,STORE-007,Electronics,BrandC,Mobile,UPC-932771043,SKU-ELE-1186,Tablet,8,8,1,3364.24,1443.83,1920.41,467.99,47.46,0,0,2025-12-13 23:00:00,0,1,1
TXN-03-06337,STORE-014,Grocery,BrandF,In-Store,UPC-546025589,SKU-GRO-9182,Bread,5,5,4,980.85,434.37,546.48,220.71,24.54,0,0,2025-12-05 16:00:00,1,0,1
TXN-03-03526,STORE-015,Grocery,BrandH,In-Store,UPC-495403659,SKU-GRO-4153,Milk,1,1,3,114.83,79.03,35.8,151.1,36.27,0,0,2025-12-22 15:00:00,0,1,1
TXN-03-01893,STORE-015,Grocery,BrandF,Mobile,UPC-461995860,SKU-GRO-6855,Rice,2,2,4,438.8,239.14,199.66,286.99,67.59,0,0,2025-12-12 20:00:00,0,1,1
TXN-03-01380,STORE-003,Sports,BrandF,In-Store,UPC-432513034,SKU-SPO-7529,Dumbbell,9,9,0,3284.37,1455.78,1828.59,461.78,96.85,0,0,2025-12-17 14:00:00,0,1,1
TXN-03-02002,STORE-011,Electronics,BrandG,Online,UPC-891978286,SKU-ELE-9054,Camera,2,2,4,670.32,451.77,218.55,417.0,81.84,0,0,2025-12-18 21:00:00,0,0,1
TXN-03-03999,STORE-015,Electronics,BrandD,In-Store,UPC-547942969,SKU-ELE-1232,Camera,3,3,1,861.06,475.88,385.18,336.15,49.13,0,0,2025-12-27 23:00:00,1,0,1
TXN-03-05689,STORE-005,Apparel,BrandH,Online,UPC-526196492,SKU-APP-2223,Jacket,8,8,2,1672.48,831.39,841.09,211.07,2.01,0,0,2025-12-10 10:00:00,0,0,1
TXN-03-00095,STORE-019,Grocery,BrandH,In-Store,UPC-888539390,SKU-GRO-8576,Milk,8,8,4,320.32,134.77,185.55,56.27,16.23,0,0,2025-12-27 03:00:00,0,0,1
TXN-03-05991,STORE-003,Apparel,BrandD,Online,UPC-536498956,SKU-APP-2122,Jeans,7,7,2,2232.23,1026.75,1205.48,388.9,70.01,0,0,2025-12-28 04:00:00,0,1,1
TXN-03-00304,STORE-013,Grocery,BrandC,In-Store,UPC-312432864,SKU-GRO-1511,Juice,4,4,2,107.08,63.87,43.21,32.87,6.1,0,0,2025-12-27 05:00:00,0,0,1
TXN-03-00639,STORE-018,Grocery,BrandA,In-Store,UPC-628949715,SKU-GRO-9152,Bread,6,6,4,2148.42,1412.3,736.12,363.37,5.3,1,1,2025-12-28 17:00:00,0,0,1
TXN-03-03163,STORE-015,Electronics,BrandG,Online,UPC-374452767,SKU-ELE-4090,Speaker,6,6,1,1149.0,780.54,368.46,202.74,11.24,0,0,2025-12-06 05:00:00,1,1,1
TXN-03-02893,STORE-009,Sports,BrandE,Mobile,UPC-752143204,SKU-SPO-9880,Running Shoes,5,5,3,686.5,404.1,282.4,157.88,20.58,0,0,2025-12-13 02:00:00,1,0,1
TXN-03-03914,STORE-016,Sports,BrandA,In-Store,UPC-494513962,SKU-SPO-7875,Jersey,6,6,3,609.54,410.38,199.16,108.13,6.54,0,0,2025-12-11 04:00:00,0,0,1
TXN-03-00824,STORE-004,Apparel,BrandE,In-Store,UPC-911247997,SKU-APP-4694,Hat,3,3,1,1157.22,863.66,293.56,417.0,31.26,0,0,2025-12-24 10:00:00,1,0,1
TXN-03-05218,STORE-011,Grocery,BrandG,Online,UPC-177808651,SKU-GRO-7143,Cereal,8,8,1,881.12,580.48,300.64,133.24,23.1,0,0,2025-12-25 20:00:00,0,1,1
TXN-03-04367,STORE-005,Home & Garden,BrandD,In-Store,UPC-428128094,SKU-HOM-1965,Vase,7,7,3,897.61,421.04,476.57,168.04,39.81,0,0,2025-12-08 12:00:00,1,0,1
TXN-03-00037,STORE-004,Grocery,BrandD,In-Store,UPC-422082040,SKU-GRO-5503,Milk,7,7,0,1561.35,1106.56,454.79,229.92,6.87,0,0,2025-12-02 15:00:00,0,1,1
TXN-03-01660,STORE-016,Electronics,BrandB,Online,UPC-872330954,SKU-ELE-9976,Camera,4,4,4,1562.12,1095.44,466.68,472.09,81.56,0,0,2025-12-19 05:00:00,1,1,1
TXN-03-02663,STORE-010,Home & Garden,BrandH,In-Store,UPC-803379649,SKU-HOM-2186,Lamp,7,7,2,1132.32,528.08,604.24,194.75,32.99,0,0,2025-12-18 10:00:00,0,1,1
TXN-03-05720,STORE-014,Home & Garden,BrandE,Online,UPC-908588646,SKU-HOM-8636,Lamp,9,9,4,2681.19,1109.53,1571.66,376.47,78.56,0,0,2025-12-07 21:00:00,0,0,1
TXN-03-05322,STORE-001,Grocery,BrandD,Online,UPC-650930204,SKU-GRO-1803,Pasta,8,8,3,2192.32,1048.74,1143.58,295.01,20.97,0,0,2025-12-16 04:00:00,1,0,1
TXN-03-02238,STORE-015,Grocery,BrandH,Online,UPC-486669651,SKU-GRO-6149,Juice,8,8,4,406.96,233.99,172.97,57.73,6.86,0,0,2025-12-21 17:00:00,1,0,1
TXN-03-00627,STORE-011,Grocery,BrandA,In-Store,UPC-705767812,SKU-GRO-9734,Rice,4,4,2,1356.76,828.79,527.97,347.93,8.74,0,0,2025-12-24 16:00:00,1,0,1
TXN-03-03444,STORE-003,Electronics,BrandF,In-Store,UPC-628261087,SKU-ELE-7410,Charger,2,2,3,499.26,354.14,145.12,316.71,67.08,0,0,2025-12-10 04:00:00,1,0,1
TXN-03-01055,STORE-019,Electronics,BrandA,Mobile,UPC-456203849,SKU-ELE-6291,Speaker,6,6,4,509.22,214.96,294.26,106.36,21.49,0,0,2025-12-22 10:00:00,0,1,1
TXN-03-04586,STORE-018,Home & Garden,BrandE,In-Store,UPC-199900684,SKU-HOM-2906,Plant Pot,6,6,1,264.9,162.07,102.83,60.24,16.09,0,0,2025-12-15 07:00:00,1,0,1
TXN-03-01838,STORE-008,Apparel,BrandH,In-Store,UPC-836265102,SKU-APP-7832,Scarf,4,4,0,434.08,230.48,203.6,125.51,16.99,0,0,2025-12-29 17:00:00,0,0,1
TXN-03-01969,STORE-017,Electronics,BrandG,Online,UPC-634907932,SKU-ELE-9441,Tablet,3,3,0,292.32,168.76,123.56,115.63,18.19,0,0,2025-12-16 15:00:00,1,0,1
TXN-03-00587,STORE-013,Grocery,BrandH,Online,UPC-453279033,SKU-GRO-4270,Snack Bar,4,4,0,1301.44,607.64,693.8,366.28,40.92,0,0,2025-12-03 20:00:00,0,1,1
TXN-03-01035,STORE-008,Home & Garden,BrandA,In-Store,UPC-900883359,SKU-HOM-6617,Cushion,1,1,0,90.85,46.23,44.62,98.63,7.78,0,0,2025-12-04 00:00:00,1,1,1
TXN-03-02356,STORE-012,Sports,BrandA,Online,UPC-310513852,SKU-SPO-2224,Cap,5,5,3,1730.2,871.4,858.8,408.85,62.81,0,0,2025-12-03 04:00:00,0,0,1
TXN-03-05712,STORE-015,Grocery,BrandG,In-Store,UPC-583863500,SKU-GRO-7798,Pasta,8,8,4,2107.04,1275.97,831.07,349.68,86.3,0,0,2025-12-05 00:00:00,1,0,1
TXN-03-00241,STORE-001,Home & Garden,BrandC,In-Store,UPC-295400831,SKU-HOM-7422,Rug,4,4,2,1742.72,1263.33,479.39,452.51,16.83,0,0,2025-12-22 18:00:00,0,1,1
TXN-03-02702,STORE-006,Electronics,BrandB,In-Store,UPC-827427637,SKU-ELE-5039,Headphones,1,1,4,164.71,104.57,60.14,174.71,10.0,0,0,2025-12-29 04:00:00,1,0,1
TXN-03-03507,STORE-020,Electronics,BrandC,In-Store,UPC-904479353,SKU-ELE-8518,Speaker,8,8,0,2578.0,1892.94,685.06,371.53,49.28,0,0,2025-12-14 12:00:00,1,0,1
TXN-03-02656,STORE-018,Grocery,BrandD,In-Store,UPC-280437724,SKU-GRO-9177,Bread,6,6,4,1902.66,1376.46,526.2,361.49,44.38,0,0,2025-12-25 12:00:00,0,0,1
TXN-03-01387,STORE-004,Home & Garden,BrandA,In-Store,UPC-721034285,SKU-HOM-7604,Tool Set,6,6,2,897.48,584.13,313.35,175.89,26.31,0,0,2025-12-13 04:00:00,1,0,1
TXN-03-04808,STORE-003,Electronics,BrandC,In-Store,UPC-295461011,SKU-ELE-5066,Phone,1,1,0,259.29,193.5,65.79,336.82,77.53,1,0,2025-12-13 22:00:00,0,0,1
TXN-03-02414,STORE-013,Apparel,BrandF,Online,UPC-385532565,SKU-APP-7855,Scarf,9,9,1,186.93,100.27,86.66,28.41,7.64,1,0,2025-12-21 18:00:00,1,1,1
TXN-03-05781,STORE-008,Electronics,BrandE,Online,UPC-232513726,SKU-ELE-7510,Headphones,9,9,2,968.85,479.5,489.35,109.62,1.97,0,0,2025-12-30 15:00:00,1,1,1
TXN-03-01945,STORE-006,Apparel,BrandC,Online,UPC-475325633,SKU-APP-2883,Dress,6,6,3,1553.34,970.62,582.72,261.36,2.47,0,0,2025-12-12 23:00:00,1,0,1
TXN-03-00779,STORE-006,Grocery,BrandH,Online,UPC-727156673,SKU-GRO-8987,Snack Bar,1,1,3,367.23,198.83,168.4,394.92,27.69,0,0,2025-12-16 02:00:00,1,0,1
TXN-03-05637,STORE-003,Apparel,BrandG,Mobile,UPC-667879272,SKU-APP-5539,Jacket,3,3,1,798.72,338.89,459.83,329.86,63.62,0,0,2025-12-26 17:00:00,0,0,1
TXN-03-00298,STORE-002,Apparel,BrandD,Mobile,UPC-351688762,SKU-APP-5351,Scarf,5,5,2,1566.75,1083.87,482.88,397.47,84.12,0,0,2025-12-22 10:00:00,1,0,1
TXN-03-06365,STORE-014,Home & Garden,BrandG,In-Store,UPC-541837992,SKU-HOM-1945,Chair,6,6,3,777.48,442.12,335.36,177.11,47.53,0,0,2025-12-14 02:00:00,1,1,1
TXN-03-05987,STORE-004,Grocery,BrandA,In-Store,UPC-453877830,SKU-GRO-4006,Bread,4,4,4,749.32,318.64,430.68,254.93,67.6,0,0,2025-12-05 18:00:00,1,0,1
TXN-03-04687,STORE-008,Home & Garden,BrandG,In-Store,UPC-874638560,SKU-HOM-9627,Plant Pot,2,2,1,13.24,6.36,6.88,6.97,0.35,0,0,2025-12-07 10:00:00,1,1,1
TXN-03-06196,STORE-017,Home & Garden,BrandE,In-Store,UPC-442930099,SKU-HOM-8745,Hose,7,7,4,1211.77,708.57,503.2,173.98,0.87,0,0,2025-12-16 23:00:00,0,0,1
TXN-03-02154,STORE-019,Home & Garden,BrandC,In-Store,UPC-626925386,SKU-HOM-8432,Plant Pot,8,8,1,2016.32,832.39,1183.93,305.8,53.76,0,0,2025-12-22 15:00:00,1,0,1
TXN-03-03694,STORE-015,Apparel,BrandG,Online,UPC-115660237,SKU-APP-5339,Jeans,6,6,0,808.5,409.65,398.85,184.32,49.57,1,1,2025-12-08 12:00:00,1,0,1
TXN-03-05330,STORE-016,Electronics,BrandB,Mobile,UPC-253520235,SKU-ELE-4872,Speaker,5,5,3,749.7,519.74,229.96,211.67,61.73,0,0,2025-12-30 01:00:00,1,1,1
TXN-03-03450,STORE-013,Home & Garden,BrandD,Online,UPC-567950381,SKU-HOM-4252,Vase,2,2,1,169.6,83.82,85.78,90.5,5.7,0,0,2025-12-24 19:00:00,0,0,1
TXN-03-00114,STORE-011,Grocery,BrandE,Online,UPC-511962048,SKU-GRO-7354,Coffee,9,9,2,2504.16,1295.24,1208.92,365.23,86.99,0,0,2025-12-13 06:00:00,1,0,1
TXN-03-01221,STORE-002,Electronics,BrandA,Mobile,UPC-814985196,SKU-ELE-1150,Speaker,6,6,2,2393.28,1704.3,688.98,423.45,24.57,0,0,2025-12-01 22:00:00,1,0,1
TXN-03-00039,STORE-016,Electronics,BrandG,Mobile,UPC-187357119,SKU-ELE-2644,Camera,5,5,1,442.6,311.24,131.36,114.23,25.71,0,0,2025-12-21 00:00:00,0,0,1
TXN-03-00683,STORE-009,Electronics,BrandC,In-Store,UPC-212396174,SKU-ELE-9937,Speaker,8,8,4,1576.56,984.4,592.16,209.48,12.41,0,0,2025-12-01 22:00:00,0,0,1
TXN-03-00371,STORE-011,Home & Garden,BrandG,In-Store,UPC-102034536,SKU-HOM-1778,Plant Pot,4,4,1,1620.88,718.91,901.97,412.2,6.98,0,0,2025-12-03 09:00:00,1,0,1
TXN-03-06309,STORE-019,Home & Garden,BrandG,Online,UPC-939677419,SKU-HOM-4732,Rug,2,2,2,915.12,677.48,237.64,499.3,41.74,0,0,2025-12-22 12:00:00,1,0,1
TXN-03-05457,STORE-006,Electronics,BrandA,In-Store,UPC-627328120,SKU-ELE-6974,Tablet,9,9,3,2120.76,1377.52,743.24,262.06,26.42,0,0,2025-12-22 04:00:00,1,1,1
TXN-03-03243,STORE-017,Apparel,BrandE,Online,UPC-820964216,SKU-APP-3046,Jacket,4,4,0,1564.88,1165.09,399.79,405.18,13.96,0,0,2025-12-16 10:00:00,1,1,1
TXN-03-01501,STORE-008,Apparel,BrandG,Online,UPC-985234473,SKU-APP-6424,T-Shirt,3,3,2,394.11,181.52,212.59,154.37,23.0,0,0,2025-12-18 10:00:00,1,0,1
TXN-03-01087,STORE-010,Home & Garden,BrandH,In-Store,UPC-626235343,SKU-HOM-4612,Tool Set,5,5,1,118.9,81.81,37.09,33.16,9.38,0,0,2025-12-25 19:00:00,1,0,1
TXN-03-02349,STORE-004,Sports,BrandE,Mobile,UPC-691189449,SKU-SPO-1413,Cap,9,9,2,1032.03,559.65,472.38,131.57,16.9,0,0,2025-12-02 23:00:00,0,0,1
TXN-03-05944,STORE-010,Home & Garden,BrandG,Online,UPC-630477841,SKU-HOM-8236,Plant Pot,8,8,1,2594.4,1220.72,1373.68,403.92,79.62,0,0,2025-12-05 00:00:00,0,0,1
TXN-03-04678,STORE-004,Electronics,BrandA,In-Store,UPC-734123213,SKU-ELE-7171,Headphones,6,6,2,1325.52,954.91,370.61,276.94,56.02,0,0,2025-12-01 00:00:00,1,0,1
TXN-03-04463,STORE-016,Electronics,BrandF,In-Store,UPC-229763904,SKU-ELE-4218,Camera,6,6,1,1971.3,892.67,1078.63,403.07,74.52,0,0,2025-12-18 08:00:00,0,0,1
TXN-03-04101,STORE-020,Home & Garden,BrandF,Mobile,UPC-922352041,SKU-HOM-8305,Rug,6,6,1,946.92,679.24,267.68,178.49,20.67,0,0,2025-12-23 05:00:00,1,1,1
TXN-03-04921,STORE-014,Grocery,BrandH,Online,UPC-469322539,SKU-GRO-5877,Rice,7,7,4,1240.68,736.35,504.33,212.77,35.53,0,0,2025-12-18 20:00:00,1,0,1
TXN-03-00209,STORE-013,Grocery,BrandC,In-Store,UPC-431817658,SKU-GRO-1463,Milk,2,2,4,46.74,24.25,22.49,26.71,3.34,0,0,2025-12-04 15:00:00,1,1,1
TXN-03-03062,STORE-016,Electronics,BrandG,Online,UPC-357060592,SKU-ELE-2984,Phone,3,3,4,376.26,253.63,122.63,135.01,9.59,0,0,2025-12-05 04:00:00,1,0,1
TXN-03-06183,STORE-002,Electronics,BrandE,In-Store,UPC-540157329,SKU-ELE-6428,Laptop,5,5,3,463.0,232.34,230.66,95.19,2.59,0,0,2025-12-02 15:00:00,1,1,1
TXN-03-03010,STORE-011,Electronics,BrandA,In-Store,UPC-610914116,SKU-ELE-7919,Speaker,3,3,1,603.45,329.04,274.41,217.77,16.62,0,0,2025-12-14 05:00:00,1,0,1
TXN-03-06327,STORE-006,Grocery,BrandC,Mobile,UPC-787024479,SKU-GRO-5067,Juice,8,8,2,1072.08,710.92,361.16,158.07,24.06,0,0,2025-12-21 15:00:00,1,0,1
TXN-03-06097,STORE-011,Home & Garden,BrandE,Online,UPC-664217474,SKU-HOM-7586,Tool Set,1,1,2,152.87,81.67,71.2,207.03,54.16,0,0,2025-12-23 19:00:00,1,1,1
TXN-03-01892,STORE-013,Apparel,BrandD,Online,UPC-995427380,SKU-APP-3856,Socks,3,3,4,957.87,635.76,322.11,393.09,73.8,0,0,2025-12-15 01:00:00,1,0,1
TXN-03-02201,STORE-003,Sports,BrandG,Online,UPC-716562243,SKU-SPO-2119,Water Bottle,2,2,1,798.98,478.92,320.06,470.29,70.8,0,0,2025-12-30 19:00:00,0,1,1
TXN-03-03644,STORE-016,Grocery,BrandB,In-Store,UPC-399177956,SKU-GRO-6871,Juice,2,2,1,106.92,65.64,41.28,54.25,0.79,0,0,2025-12-25 15:00:00,0,1,1
TXN-03-01688,STORE-020,Home & Garden,BrandA,Online,UPC-533249046,SKU-HOM-5924,Lamp,9,9,1,399.33,224.87,174.46,62.84,18.47,0,0,2025-12-01 18:00:00,1,1,1
TXN-03-02013,STORE-020,Electronics,BrandC,In-Store,UPC-359910999,SKU-ELE-7607,Headphones,4,4,0,555.88,403.72,152.16,166.97,28.0,0,0,2025-12-30 22:00:00,1,0,1
TXN-03-00610,STORE-008,Grocery,BrandF,In-Store,UPC-842068544,SKU-GRO-3821,Cereal,2,2,2,908.74,587.01,321.73,455.02,0.65,0,0,2025-12-11 02:00:00,1,1,1
TXN-03-03761,STORE-003,Home & Garden,BrandA,In-Store,UPC-672587387,SKU-HOM-3225,Plant Pot,1,1,2,170.59,87.94,82.65,219.06,48.47,0,0,2025-12-22 21:00:00,1,0,1
TXN-03-05335,STORE-008,Home & Garden,BrandE,Online,UPC-167194740,SKU-HOM-6265,Hose,5,5,0,306.25,143.38,162.87,70.01,8.76,0,0,2025-12-24 02:00:00,1,1,1
TXN-03-06057,STORE-015,Sports,BrandE,In-Store,UPC-728288822,SKU-SPO-4138,Cap,9,9,1,672.75,503.08,169.67,77.23,2.48,0,0,2025-12-27 02:00:00,1,0,1
TXN-03-03746,STORE-011,Grocery,BrandC,In-Store,UPC-968514938,SKU-GRO-1597,Bread,4,4,0,1221.84,501.68,720.16,367.65,62.19,0,0,2025-12-13 20:00:00,0,0,1
TXN-03-05044,STORE-001,Home & Garden,BrandG,Mobile,UPC-301878008,SKU-HOM-4199,Plant Pot,2,2,3,444.6,320.6,124.0,283.81,61.51,0,0,2025-12-24 20:00:00,0,0,1
TXN-03-00900,STORE-014,Electronics,BrandA,In-Store,UPC-245671758,SKU-ELE-4262,Headphones,3,3,3,30.6,21.24,9.36,11.99,1.79,0,0,2025-12-21 23:00:00,0,0,1
TXN-03-02498,STORE-007,Apparel,BrandD,In-Store,UPC-167021307,SKU-APP-4467,Scarf,3,3,0,764.82,510.32,254.5,360.69,105.75,0,0,2025-12-12 19:00:00,1,0,1
TXN-03-00700,STORE-010,Apparel,BrandG,Online,UPC-511605345,SKU-APP-3427,Socks,7,7,2,662.83,378.38,284.45,123.41,28.72,0,0,2025-12-12 01:00:00,1,1,1
TXN-03-04408,STORE-005,Electronics,BrandA,In-Store,UPC-530024416,SKU-ELE-4676,Tablet,2,2,2,518.66,339.15,179.51,283.86,24.53,0,0,2025-12-08 22:00:00,1,0,1
TXN-03-00969,STORE-014,Electronics,BrandF,Online,UPC-432701811,SKU-ELE-8258,Speaker,1,1,1,170.95,116.6,54.35,175.89,4.94,0,0,2025-12-24 22:00:00,1,0,1
TXN-03-01801,STORE-001,Electronics,BrandD,Online,UPC-472673054,SKU-ELE-9047,Tablet,3,3,2,21.93,12.15,9.78,8.99,1.68,0,0,2025-12-16 12:00:00,1,0,1
TXN-03-06131,STORE-009,Electronics,BrandD,In-Store,UPC-950850403,SKU-ELE-4195,Monitor,7,7,3,2678.48,1470.8,1207.68,438.32,55.68,0,0,2025-12-24 19:00:00,0,1,1
TXN-03-03172,STORE-015,Electronics,BrandA,In-Store,UPC-195057607,SKU-ELE-8181,Camera,5,5,0,643.5,383.09,260.41,153.27,24.57,0,0,2025-12-15 17:00:00,1,0,1
TXN-03-05082,STORE-005,Apparel,BrandC,In-Store,UPC-700843059,SKU-APP-2326,Jeans,2,2,3,65.98,37.32,28.66,40.38,7.39,0,0,2025-12-28 19:00:00,1,0,1
TXN-03-02429,STORE-019,Home & Garden,BrandF,In-Store,UPC-541806089,SKU-HOM-8671,Vase,7,7,4,1185.66,510.45,675.21,194.64,25.26,0,0,2025-12-06 06:00:00,1,0,1
TXN-03-00077,STORE-013,Home & Garden,BrandA,In-Store,UPC-183125711,SKU-HOM-4396,Cushion,9,9,3,1355.85,747.49,608.36,197.39,46.74,0,0,2025-12-02 08:00:00,1,0,1
TXN-03-04858,STORE-020,Home & Garden,BrandH,Online,UPC-119852369,SKU-HOM-8581,Cushion,3,3,4,723.45,429.27,294.18,267.44,26.29,0,0,2025-12-07 21:00:00,0,1,1
TXN-03-05268,STORE-010,Home & Garden,BrandA,In-Store,UPC-952533334,SKU-HOM-9832,Tool Set,5,5,2,993.85,520.83,473.02,207.57,8.8,0,0,2025-12-10 16:00:00,1,1,1
TXN-03-01955,STORE-015,Apparel,BrandG,Mobile,UPC-615192492,SKU-APP-3860,T-Shirt,5,5,3,316.25,161.79,154.46,89.66,26.41,0,0,2025-12-18 03:00:00,0,0,1
TXN-03-05730,STORE-008,Home & Garden,BrandE,In-Store,UPC-997333857,SKU-HOM-7567,Rug,6,6,1,1092.78,798.6,294.18,239.69,57.56,0,0,2025-12-14 15:00:00,1,0,1
TXN-03-01449,STORE-014,Home & Garden,BrandD,Online,UPC-680982672,SKU-HOM-4528,Vase,8,8,2,862.32,373.57,488.75,121.3,13.51,0,0,2025-12-30 06:00:00,1,0,1
TXN-03-04871,STORE-018,Home & Garden,BrandD,In-Store,UPC-370241176,SKU-HOM-6352,Hose,7,7,0,280.14,146.62,133.52,48.43,8.41,0,0,2025-12-03 16:00:00,1,0,1
TXN-03-03784,STORE-013,Home & Garden,BrandC,In-Store,UPC-956589249,SKU-HOM-3128,Vase,1,1,4,19.64,8.82,10.82,20.02,0.38,0,0,2025-12-08 02:00:00,0,0,1
TXN-03-02239,STORE-018,Electronics,BrandC,Mobile,UPC-340241548,SKU-ELE-8036,Headphones,2,2,4,284.98,180.46,104.52,146.29,3.8,0,0,2025-12-27 05:00:00,0,0,1
TXN-03-00325,STORE-003,Apparel,BrandG,In-Store,UPC-111312034,SKU-APP-1306,Dress,2,2,3,609.56,248.95,360.61,310.94,6.16,0,0,2025-12-19 21:00:00,1,0,1
TXN-03-03381,STORE-015,Sports,BrandF,In-Store,UPC-624204811,SKU-SPO-8306,Resistance Band,7,7,0,2183.16,1615.72,567.44,326.3,14.42,1,0,2025-12-29 03:00:00,0,0,1
TXN-03-04042,STORE-007,Grocery,BrandA,In-Store,UPC-552208748,SKU-GRO-1920,Milk,8,8,2,121.68,58.96,62.72,16.38,1.17,0,0,2025-12-03 21:00:00,1,0,1
TXN-03-03731,STORE-016,Home & Garden,BrandG,Online,UPC-654595412,SKU-HOM-8306,Lamp,6,6,2,137.46,78.32,59.14,32.48,9.57,1,0,2025-12-04 19:00:00,1,0,1
TXN-03-00514,STORE-001,Sports,BrandB,Mobile,UPC-358654418,SKU-SPO-3716,Yoga Mat,2,2,1,701.44,507.29,194.15,483.03,132.31,0,0,2025-12-06 15:00:00,0,0,1
TXN-03-00380,STORE-016,Electronics,BrandB,Online,UPC-980883030,SKU-ELE-2329,Tablet,4,4,2,1434.52,1075.32,359.2,386.2,27.57,0,0,2025-12-10 20:00:00,1,0,1
TXN-03-05961,STORE-006,Home & Garden,BrandD,Online,UPC-928974017,SKU-HOM-9005,Tool Set,9,9,3,848.7,571.73,276.97,115.33,21.03,0,0,2025-12-11 02:00:00,1,1,1
TXN-03-05716,STORE-017,Grocery,BrandB,In-Store,UPC-267424238,SKU-GRO-8212,Bread,4,4,2,864.44,375.42,489.02,257.3,41.19,0,0,2025-12-05 20:00:00,1,0,1
TXN-03-03848,STORE-003,Grocery,BrandD,Online,UPC-855259563,SKU-GRO-6776,Bread,7,7,0,1844.29,872.64,971.65,319.82,56.35,0,0,2025-12-03 15:00:00,0,0,1
TXN-03-06333,STORE-009,Grocery,BrandE,In-Store,UPC-293976275,SKU-GRO-5862,Coffee,2,2,3,545.52,235.1,310.42,326.07,53.31,0,0,2025-12-06 07:00:00,1,0,1
TXN-03-02352,STORE-007,Grocery,BrandC,Mobile,UPC-228106433,SKU-GRO-6903,Milk,5,5,4,724.8,329.58,395.22,164.8,19.84,0,0,2025-12-20 12:00:00,1,0,1
TXN-03-04484,STORE-008,Apparel,BrandG,In-Store,UPC-366226145,SKU-APP-4228,Shoes,2,2,0,48.62,28.6,20.02,32.58,8.27,0,0,2025-12-22 06:00:00,0,0,1
TXN-03-05418,STORE-006,Apparel,BrandA,In-Store,UPC-307311868,SKU-APP-3681,Shoes,3,3,2,211.32,104.36,106.96,80.56,10.12,1,0,2025-12-25 07:00:00,1,0,1
TXN-03-01733,STORE-003,Electronics,BrandD,In-Store,UPC-685916041,SKU-ELE-9694,Charger,2,2,0,168.0,93.37,74.63,116.1,32.1,0,0,2025-12-30 18:00:00,0,1,1
TXN-03-01787,STORE-007,Electronics,BrandG,In-Store,UPC-124523681,SKU-ELE-8163,Monitor,7,7,1,2728.88,1249.89,1478.99,436.31,46.47,0,0,2025-12-28 07:00:00,1,0,1
TXN-03-01280,STORE-007,Sports,BrandF,Online,UPC-926750534,SKU-SPO-4621,Jersey,1,1,0,422.69,288.82,133.87,464.74,42.05,0,0,2025-12-08 06:00:00,0,0,1
TXN-03-05081,STORE-011,Sports,BrandF,Online,UPC-301716652,SKU-SPO-6034,Cap,3,3,4,754.86,517.38,237.48,316.38,64.76,0,0,2025-12-01 06:00:00,1,0,1
TXN-03-16407,STORE-013,Sports,BrandE,Online,UPC-713214655,SKU-SPO-6138,Backpack,1,1,3,345.22,249.65,95.57,413.95,68.73,0,0,2025-12-12 14:00:00,1,1,1
TXN-03-03933,STORE-017,Home & Garden,BrandC,Mobile,UPC-863442671,SKU-HOM-4796,Rug,2,2,1,142.84,59.73,83.11,76.9,5.48,0,0,2025-12-19 05:00:00,1,1,1
TXN-03-04199,STORE-019,Grocery,BrandG,In-Store,UPC-245079388,SKU-GRO-7912,Cereal,2,2,2,455.62,291.59,164.03,307.88,80.07,1,1,2025-12-14 02:00:00,0,0,1
TXN-03-05275,STORE-002,Home & Garden,BrandH,Online,UPC-502791138,SKU-HOM-3600,Plant Pot,3,3,2,1182.42,836.84,345.58,398.68,4.54,0,0,2025-12-05 16:00:00,1,1,1
TXN-03-04074,STORE-003,Grocery,BrandH,Online,UPC-646773305,SKU-GRO-3137,Snack Bar,5,5,2,990.95,575.74,415.21,219.79,21.6,0,0,2025-12-11 08:00:00,0,0,1
TXN-03-02680,STORE-001,Apparel,BrandF,In-Store,UPC-962349556,SKU-APP-7952,Hat,3,3,4,455.73,300.74,154.99,209.8,57.89,0,0,2025-12-26 12:00:00,1,0,1
TXN-03-05923,STORE-005,Grocery,BrandC,Mobile,UPC-115543161,SKU-GRO-3544,Milk,9,9,1,872.46,580.16,292.3,113.08,16.14,1,0,2025-12-07 08:00:00,0,0,1
TXN-03-01321,STORE-006,Home & Garden,BrandF,Mobile,UPC-121532130,SKU-HOM-9332,Hose,9,9,4,1473.93,1017.54,456.39,167.28,3.51,0,0,2025-12-16 14:00:00,0,0,1
TXN-03-00027,STORE-009,Electronics,BrandF,In-Store,UPC-942089739,SKU-ELE-7327,Phone,7,7,3,484.96,323.36,161.6,95.77,26.49,0,0,2025-12-08 01:00:00,1,1,1
TXN-03-01281,STORE-009,Apparel,BrandA,In-Store,UPC-572606119,SKU-APP-1862,Jacket,3,3,2,389.28,272.65,116.63,155.55,25.79,0,0,2025-12-19 14:00:00,1,1,1
TXN-03-04852,STORE-014,Electronics,BrandD,Online,UPC-559655310,SKU-ELE-2264,Camera,1,1,4,61.9,26.56,35.34,85.98,24.08,0,0,2025-12-14 04:00:00,1,1,1
TXN-03-01859,STORE-016,Sports,BrandA,Online,UPC-278367919,SKU-SPO-9536,Cap,6,6,3,2273.58,1096.64,1176.94,398.78,19.85,0,0,2025-12-09 05:00:00,1,0,1
TXN-03-06118,STORE-014,Home & Garden,BrandC,In-Store,UPC-752958726,SKU-HOM-7709,Plant Pot,9,9,2,771.66,320.94,450.72,101.17,15.43,0,0,2025-12-28 19:00:00,1,0,1
TXN-03-02292,STORE-012,Electronics,BrandA,Online,UPC-112202566,SKU-ELE-8119,Monitor,1,1,4,194.73,108.63,86.1,272.18,77.45,0,0,2025-12-02 18:00:00,1,0,1
TXN-03-06163,STORE-008,Electronics,BrandA,Online,UPC-481826353,SKU-ELE-5241,Tablet,9,9,0,856.62,563.8,292.82,110.77,15.59,0,0,2025-12-12 02:00:00,1,0,1
TXN-03-03116,STORE-013,Apparel,BrandF,In-Store,UPC-753629696,SKU-APP-1482,Socks,3,3,3,740.7,393.06,347.64,322.08,75.18,0,0,2025-12-30 12:00:00,1,0,1
TXN-03-06194,STORE-014,Sports,BrandE,Mobile,UPC-951827935,SKU-SPO-4803,Resistance Band,6,6,0,2085.3,1282.16,803.14,431.74,84.19,0,0,2025-12-11 12:00:00,1,1,1
TXN-03-04780,STORE-012,Electronics,BrandA,In-Store,UPC-339617733,SKU-ELE-9863,Charger,6,6,2,33.54,15.88,17.66,7.57,1.98,0,0,2025-12-19 23:00:00,0,0,1
TXN-03-04178,STORE-006,Grocery,BrandA,In-Store,UPC-276720882,SKU-GRO-9684,Pasta,9,9,3,2128.23,1503.87,624.36,260.71,24.24,0,0,2025-12-22 09:00:00,0,0,1
TXN-03-03853,STORE-008,Sports,BrandF,In-Store,UPC-157868510,SKU-SPO-8637,Resistance Band,4,4,0,29.96,20.64,9.32,7.57,0.08,0,0,2025-12-08 03:00:00,1,1,1
TXN-03-06343,STORE-002,Electronics,BrandD,In-Store,UPC-741912775,SKU-ELE-8466,Monitor,9,9,3,2157.39,1300.41,856.98,308.85,69.14,0,0,2025-12-07 00:00:00,0,1,1
TXN-03-02233,STORE-008,Home & Garden,BrandE,In-Store,UPC-511539562,SKU-HOM-6902,Plant Pot,7,7,3,2557.52,1140.18,1417.34,490.4,125.04,0,0,2025-12-02 08:00:00,0,0,1
TXN-03-02205,STORE-008,Home & Garden,BrandC,Online,UPC-557471500,SKU-HOM-6239,Plant Pot,5,5,3,1306.25,615.05,691.2,264.98,3.73,0,0,2025-12-09 00:00:00,0,0,1
TXN-03-00826,STORE-003,Home & Garden,BrandC,Online,UPC-455386512,SKU-HOM-4586,Lamp,5,5,1,641.85,474.34,167.51,173.13,44.76,0,0,2025-12-21 09:00:00,1,0,1
TXN-03-04868,STORE-020,Home & Garden,BrandE,In-Store,UPC-315568347,SKU-HOM-5024,Plant Pot,8,8,4,2466.32,1337.01,1129.31,329.77,21.48,0,0,2025-12-16 12:00:00,1,1,1
TXN-03-00359,STORE-019,Electronics,BrandC,In-Store,UPC-167970034,SKU-ELE-2962,Laptop,7,7,4,1924.58,1393.42,531.16,328.03,53.09,0,0,2025-12-23 00:00:00,0,0,1
TXN-03-02342,STORE-005,Apparel,BrandE,In-Store,UPC-636345514,SKU-APP-3653,Dress,3,3,4,230.82,130.21,100.61,102.51,25.57,0,0,2025-12-02 08:00:00,1,0,1
TXN-03-00939,STORE-013,Apparel,BrandA,Online,UPC-530169763,SKU-APP-5747,Shoes,2,2,0,92.94,42.35,50.59,58.23,11.76,0,0,2025-12-09 19:00:00,1,1,1
TXN-03-00506,STORE-012,Sports,BrandD,Online,UPC-346974643,SKU-SPO-9477,Cap,5,5,4,563.25,279.4,283.85,142.49,29.84,0,0,2025-12-20 00:00:00,1,0,1
TXN-03-00947,STORE-010,Electronics,BrandG,In-Store,UPC-111087704,SKU-ELE-8142,Speaker,3,3,2,316.86,197.46,119.4,108.15,2.53,0,0,2025-12-08 10:00:00,1,1,1
TXN-03-00135,STORE-015,Apparel,BrandC,In-Store,UPC-733997686,SKU-APP-1195,Scarf,5,5,0,1187.2,634.08,553.12,269.5,32.06,0,0,2025-12-09 01:00:00,1,0,1
TXN-03-00777,STORE-008,Home & Garden,BrandE,In-Store,UPC-564886554,SKU-HOM-2852,Tool Set,4,4,4,579.2,340.43,238.77,149.61,4.81,0,0,2025-12-02 14:00:00,1,0,1
TXN-03-04563,STORE-007,Electronics,BrandC,In-Store,UPC-228820954,SKU-ELE-7163,Camera,6,6,1,1336.14,647.76,688.38,235.09,12.4,0,0,2025-12-27 09:00:00,1,1,1
TXN-03-00363,STORE-010,Electronics,BrandD,Online,UPC-561968767,SKU-ELE-8931,Headphones,6,6,4,1138.8,625.09,513.71,229.39,39.59,0,0,2025-12-24 06:00:00,0,1,1
TXN-03-00625,STORE-019,Grocery,BrandE,Online,UPC-326301817,SKU-GRO-7678,Bread,6,6,0,671.94,386.72,285.22,134.98,22.99,0,0,2025-12-12 00:00:00,1,0,1
TXN-03-00375,STORE-006,Sports,BrandC,In-Store,UPC-296720026,SKU-SPO-8451,Yoga Mat,7,7,1,602.98,305.13,297.85,97.05,10.91,0,0,2025-12-26 18:00:00,1,1,1
TXN-03-04882,STORE-020,Grocery,BrandC,In-Store,UPC-332643162,SKU-GRO-1127,Juice,8,8,1,2760.32,1514.06,1246.26,486.28,141.24,0,0,2025-12-17 15:00:00,0,1,1
TXN-03-01786,STORE-009,Grocery,BrandH,Online,UPC-398037045,SKU-GRO-4574,Pasta,4,4,2,348.96,171.57,177.39,102.54,15.3,0,0,2025-12-04 20:00:00,0,1,1
TXN-03-01667,STORE-015,Sports,BrandG,In-Store,UPC-901609527,SKU-SPO-1750,Jersey,2,2,0,168.38,77.51,90.87,85.43,1.24,0,0,2025-12-26 09:00:00,1,1,1
TXN-03-06269,STORE-004,Grocery,BrandB,In-Store,UPC-814540451,SKU-GRO-3030,Bread,8,8,0,1902.56,1359.86,542.7,266.03,28.21,0,0,2025-12-02 21:00:00,0,0,1
TXN-03-01919,STORE-014,Grocery,BrandF,Mobile,UPC-687904392,SKU-GRO-4589,Bread,1,1,4,274.39,136.28,138.11,379.08,104.69,0,0,2025-12-23 01:00:00,1,0,1
TXN-03-04438,STORE-012,Home & Garden,BrandG,In-Store,UPC-403597967,SKU-HOM-5282,Vase,8,8,4,582.48,236.39,346.09,72.99,0.18,0,0,2025-12-22 13:00:00,0,1,1
TXN-03-04906,STORE-006,Sports,BrandC,Mobile,UPC-855899350,SKU-SPO-8682,Running Shoes,8,8,0,3180.56,2261.72,918.84,408.77,11.2,0,0,2025-12-04 12:00:00,1,0,1
TXN-03-04286,STORE-010,Electronics,BrandA,Mobile,UPC-347895033,SKU-ELE-2812,Monitor,6,6,0,1409.82,802.76,607.06,304.08,69.11,0,0,2025-12-05 12:00:00,1,0,1
TXN-03-03175,STORE-012,Home & Garden,BrandA,In-Store,UPC-608793605,SKU-HOM-4531,Tool Set,7,7,4,2334.15,1290.85,1043.3,465.77,132.32,0,0,2025-12-10 10:00:00,0,0,1
TXN-03-01929,STORE-005,Apparel,BrandB,In-Store,UPC-504517964,SKU-APP-1094,Shoes,1,1,1,353.68,245.4,108.28,390.75,37.07,0,0,2025-12-17 15:00:00,1,1,1
TXN-03-02550,STORE-004,Home & Garden,BrandB,In-Store,UPC-289613907,SKU-HOM-7837,Lamp,8,8,0,175.44,121.31,54.13,23.26,1.33,0,0,2025-12-08 19:00:00,0,0,1
TXN-03-00774,STORE-008,Sports,BrandH,In-Store,UPC-560826547,SKU-SPO-9287,Cap,5,5,0,1227.1,626.59,600.51,341.57,96.15,0,0,2025-12-26 09:00:00,1,0,1
TXN-03-05554,STORE-015,Electronics,BrandC,In-Store,UPC-958589910,SKU-ELE-6205,Speaker,7,7,2,762.09,509.55,252.54,148.6,39.73,0,0,2025-12-18 05:00:00,0,0,1
TXN-03-01176,STORE-003,Sports,BrandB,Online,UPC-585004420,SKU-SPO-1752,Water Bottle,5,5,0,1480.05,1053.55,426.5,357.7,61.69,0,0,2025-12-23 09:00:00,1,0,1
TXN-03-02577,STORE-019,Grocery,BrandH,In-Store,UPC-443667414,SKU-GRO-4514,Rice,7,7,4,1671.53,726.9,944.63,328.1,89.31,0,0,2025-12-08 06:00:00,1,0,1
TXN-03-02984,STORE-003,Sports,BrandD,Online,UPC-295023720,SKU-SPO-8779,Jersey,3,3,2,1048.62,496.91,551.71,420.53,70.99,0,0,2025-12-03 07:00:00,0,0,1
TXN-03-05783,STORE-008,Grocery,BrandG,In-Store,UPC-688749094,SKU-GRO-2935,Pasta,6,6,3,157.26,98.77,58.49,34.98,8.77,0,0,2025-12-21 10:00:00,0,0,1
TXN-03-02666,STORE-020,Electronics,BrandE,In-Store,UPC-836617749,SKU-ELE-8524,Headphones,8,8,1,1044.64,646.95,397.69,177.64,47.06,0,0,2025-12-13 16:00:00,1,1,1
TXN-03-00931,STORE-006,Apparel,BrandD,In-Store,UPC-282500295,SKU-APP-2672,Shoes,9,9,1,1751.49,806.25,945.24,198.92,4.31,0,0,2025-12-11 23:00:00,1,0,1
TXN-03-04155,STORE-020,Home & Garden,BrandA,Mobile,UPC-450054742,SKU-HOM-1700,Tool Set,8,8,1,1763.92,843.39,920.53,228.52,8.03,0,0,2025-12-24 13:00:00,1,1,1
TXN-03-05331,STORE-008,Apparel,BrandF,Online,UPC-374932722,SKU-APP-9451,Jacket,7,7,4,334.67,206.6,128.07,50.7,2.89,0,0,2025-12-27 21:00:00,0,0,1
TXN-03-00599,STORE-003,Electronics,BrandD,Online,UPC-208247781,SKU-ELE-9913,Laptop,1,1,4,52.32,32.75,19.57,64.76,12.44,0,0,2025-12-18 18:00:00,0,1,1
TXN-03-05687,STORE-003,Grocery,BrandH,In-Store,UPC-426905765,SKU-GRO-4421,Bread,4,4,2,206.52,145.36,61.16,67.6,15.97,0,0,2025-12-15 07:00:00,1,0,1
TXN-03-00361,STORE-002,Electronics,BrandH,In-Store,UPC-440987234,SKU-ELE-5260,Tablet,5,5,4,1030.35,552.77,477.58,207.05,0.98,0,0,2025-12-05 22:00:00,1,1,1
TXN-03-05888,STORE-015,Home & Garden,BrandH,In-Store,UPC-789088717,SKU-HOM-5665,Plant Pot,9,9,4,4149.9,2067.66,2082.24,496.89,35.79,0,0,2025-12-19 08:00:00,1,0,1
TXN-03-03393,STORE-018,Electronics,BrandH,Online,UPC-927905147,SKU-ELE-8061,Monitor,2,2,2,198.86,93.13,105.73,102.72,3.29,0,0,2025-12-24 05:00:00,1,0,1
TXN-03-00219,STORE-009,Home & Garden,BrandG,In-Store,UPC-295927034,SKU-HOM-2102,Hose,7,7,0,2577.4,1723.2,854.2,469.87,101.67,0,0,2025-12-02 03:00:00,1,1,1
TXN-03-04925,STORE-011,Apparel,BrandD,Mobile,UPC-372487667,SKU-APP-4590,Jacket,5,5,0,1728.45,1097.63,630.82,368.85,23.16,0,0,2025-12-01 09:00:00,1,0,1
TXN-03-01629,STORE-006,Home & Garden,BrandC,In-Store,UPC-803889596,SKU-HOM-3599,Lamp,4,4,1,1527.84,849.07,678.77,412.24,30.28,0,0,2025-12-18 16:00:00,0,0,1
TXN-03-03532,STORE-007,Electronics,BrandC,Online,UPC-986294359,SKU-ELE-7242,Monitor,5,5,3,1572.45,910.42,662.03,420.02,105.53,0,0,2025-12-03 06:00:00,0,0,1
TXN-03-04539,STORE-018,Electronics,BrandH,In-Store,UPC-813908797,SKU-ELE-3273,Monitor,1,1,0,259.98,120.18,139.8,315.92,55.94,0,0,2025-12-06 20:00:00,1,0,1
TXN-03-04477,STORE-005,Home & Garden,BrandG,In-Store,UPC-813588201,SKU-HOM-6457,Vase,1,1,2,190.04,110.63,79.41,210.18,20.14,0,0,2025-12-16 19:00:00,1,0,1
TXN-03-05702,STORE-017,Electronics,BrandF,In-Store,UPC-830903777,SKU-ELE-3954,Speaker,5,5,1,907.45,450.96,456.49,212.93,31.44,0,0,2025-12-22 11:00:00,0,1,1
TXN-03-00295,STORE-001,Sports,BrandH,In-Store,UPC-388135597,SKU-SPO-5565,Cap,6,6,1,1689.3,906.81,782.49,319.68,38.13,0,0,2025-12-19 01:00:00,0,0,1
TXN-03-05002,STORE-017,Grocery,BrandB,In-Store,UPC-651518813,SKU-GRO-8402,Rice,2,2,1,431.08,217.55,213.53,263.11,47.57,0,0,2025-12-08 20:00:00,1,0,1
TXN-03-01858,STORE-019,Grocery,BrandG,In-Store,UPC-683106874,SKU-GRO-4339,Pasta,3,3,0,149.13,108.99,40.14,61.46,11.75,0,0,2025-12-12 20:00:00,1,0,1
TXN-03-01612,STORE-003,Home & Garden,BrandF,In-Store,UPC-110451953,SKU-HOM-2117,Lamp,9,9,3,1212.21,582.57,629.64,148.4,13.71,0,0,2025-12-03 05:00:00,1,0,1
TXN-03-05924,STORE-020,Apparel,BrandC,In-Store,UPC-905648358,SKU-APP-2906,Jeans,7,7,1,126.07,74.63,51.44,22.67,4.66,0,0,2025-12-26 00:00:00,1,0,1
TXN-03-05046,STORE-005,Home & Garden,BrandB,Mobile,UPC-962513664,SKU-HOM-9935,Rug,2,2,2,587.0,336.01,250.99,407.74,114.24,0,0,2025-12-14 22:00:00,1,1,1
TXN-03-00861,STORE-019,Electronics,BrandE,In-Store,UPC-613707148,SKU-ELE-8321,Speaker,7,7,3,1895.46,1215.86,679.6,370.46,99.68,0,0,2025-12-25 09:00:00,1,0,1
TXN-03-01189,STORE-013,Sports,BrandA,Online,UPC-556875677,SKU-SPO-8423,Yoga Mat,2,2,0,673.64,286.88,386.76,414.19,77.37,0,0,2025-12-04 11:00:00,0,0,1
TXN-03-04141,STORE-008,Grocery,BrandD,In-Store,UPC-201697086,SKU-GRO-6818,Pasta,9,9,4,2410.83,1740.22,670.61,337.34,69.47,0,0,2025-12-22 11:00:00,1,0,1
TXN-03-05394,STORE-015,Grocery,BrandH,In-Store,UPC-919533490,SKU-GRO-3359,Snack Bar,6,6,0,2921.7,1944.13,977.57,491.44,4.49,0,0,2025-12-11 13:00:00,1,0,1
TXN-03-01674,STORE-006,Sports,BrandG,Online,UPC-114897875,SKU-SPO-6252,Dumbbell,7,7,4,1303.12,530.15,772.97,203.49,17.33,0,0,2025-12-03 21:00:00,1,1,1
TXN-03-02268,STORE-015,Apparel,BrandC,Online,UPC-193151755,SKU-APP-9460,Socks,5,5,1,1535.5,788.27,747.23,376.32,69.22,0,0,2025-12-19 23:00:00,0,0,1
TXN-03-03040,STORE-006,Electronics,BrandH,In-Store,UPC-681769851,SKU-ELE-1904,Tablet,8,8,4,1527.68,962.54,565.14,213.09,22.13,0,0,2025-12-12 03:00:00,1,0,1
TXN-03-04764,STORE-017,Grocery,BrandH,Online,UPC-472192953,SKU-GRO-6788,Pasta,3,3,1,44.58,21.62,22.96,16.37,1.51,0,0,2025-12-02 15:00:00,1,0,1
TXN-03-00365,STORE-018,Sports,BrandE,Online,UPC-550121106,SKU-SPO-4802,Water Bottle,7,7,2,1154.65,809.81,344.84,190.44,25.49,0,0,2025-12-24 04:00:00,1,0,1
TXN-03-04594,STORE-015,Electronics,BrandA,Online,UPC-328313405,SKU-ELE-2561,Speaker,6,6,1,538.2,247.16,291.04,91.95,2.25,0,0,2025-12-04 13:00:00,0,0,1
TXN-03-00817,STORE-020,Grocery,BrandG,Online,UPC-126626205,SKU-GRO-2230,Milk,9,9,2,1180.89,710.29,470.6,167.34,36.13,0,0,2025-12-02 09:00:00,1,0,1
TXN-03-01865,STORE-020,Grocery,BrandG,Mobile,UPC-567702041,SKU-GRO-1963,Coffee,2,2,2,872.74,652.11,220.63,452.9,16.53,0,0,2025-12-06 02:00:00,1,0,1
TXN-03-00882,STORE-006,Electronics,BrandD,Mobile,UPC-597771651,SKU-ELE-9869,Monitor,2,2,2,574.34,330.95,243.39,325.13,37.96,0,0,2025-12-09 16:00:00,0,0,1
TXN-03-00952,STORE-001,Sports,BrandC,Mobile,UPC-327006342,SKU-SPO-9629,Jersey,4,4,0,1628.0,895.6,732.4,498.02,91.02,0,0,2025-12-30 02:00:00,0,0,1
TXN-03-00930,STORE-013,Apparel,BrandH,In-Store,UPC-559935505,SKU-APP-9286,T-Shirt,2,2,2,733.54,520.59,212.95,443.94,77.17,0,0,2025-12-05 04:00:00,1,1,1
TXN-03-06388,STORE-007,Electronics,BrandF,Online,UPC-151676122,SKU-ELE-5047,Tablet,9,9,1,2101.86,1086.57,1015.29,263.77,30.23,0,0,2025-12-24 20:00:00,1,0,1
TXN-03-01184,STORE-016,Sports,BrandC,Online,UPC-856723252,SKU-SPO-7844,Resistance Band,3,3,2,617.1,260.96,356.14,272.21,66.51,0,0,2025-12-02 02:00:00,0,1,1
TXN-03-02397,STORE-010,Grocery,BrandB,Online,UPC-696344371,SKU-GRO-5709,Snack Bar,1,1,4,338.14,164.1,174.04,341.72,3.58,0,0,2025-12-29 04:00:00,1,0,1
TXN-03-03248,STORE-016,Home & Garden,BrandD,In-Store,UPC-201827662,SKU-HOM-3202,Tool Set,7,7,0,252.28,134.81,117.47,43.08,7.04,0,0,2025-12-08 23:00:00,1,0,1
TXN-03-01500,STORE-004,Electronics,BrandA,In-Store,UPC-655357005,SKU-ELE-7373,Phone,7,7,1,1501.57,848.58,652.99,303.85,89.34,0,0,2025-12-14 06:00:00,0,0,1
TXN-03-01493,STORE-013,Apparel,BrandC,In-Store,UPC-406072684,SKU-APP-2128,Hat,2,2,4,739.4,439.71,299.69,389.46,19.76,0,0,2025-12-30 21:00:00,0,1,1
TXN-03-01913,STORE-007,Home & Garden,BrandE,In-Store,UPC-424286280,SKU-HOM-9653,Tool Set,7,7,2,1442.56,968.04,474.52,281.93,75.85,0,0,2025-12-05 19:00:00,0,0,1
TXN-03-00554,STORE-001,Electronics,BrandD,In-Store,UPC-729803472,SKU-ELE-9831,Laptop,5,5,4,857.05,550.33,306.72,216.77,45.36,0,0,2025-12-06 20:00:00,1,0,1
TXN-03-03693,STORE-005,Electronics,BrandE,Online,UPC-970538747,SKU-ELE-4413,Camera,9,9,2,2309.85,1272.93,1036.92,290.9,34.25,1,1,2025-12-28 13:00:00,1,1,1
TXN-03-04503,STORE-018,Grocery,BrandF,Mobile,UPC-190785629,SKU-GRO-4755,Bread,4,4,2,1258.8,676.19,582.61,318.03,3.33,0,0,2025-12-02 12:00:00,1,0,1
TXN-03-05701,STORE-014,Sports,BrandF,In-Store,UPC-130197500,SKU-SPO-9002,Resistance Band,9,9,3,2753.19,1399.42,1353.77,383.23,77.32,1,0,2025-12-09 17:00:00,1,1,1
TXN-03-04840,STORE-012,Electronics,BrandD,Mobile,UPC-999377967,SKU-ELE-7061,Phone,5,5,1,737.3,309.57,427.73,182.3,34.84,0,0,2025-12-11 01:00:00,1,0,1
TXN-03-03074,STORE-005,Electronics,BrandG,Mobile,UPC-745719475,SKU-ELE-5731,Laptop,9,9,0,2353.95,1115.94,1238.01,338.71,77.16,0,0,2025-12-21 22:00:00,1,0,1
TXN-03-03852,STORE-013,Apparel,BrandF,Mobile,UPC-253188126,SKU-APP-2718,Hat,1,1,4,193.9,94.0,99.9,206.36,12.46,0,0,2025-12-30 23:00:00,1,0,1
TXN-03-04191,STORE-010,Electronics,BrandB,Mobile,UPC-817889941,SKU-ELE-9631,Camera,8,8,2,2986.4,1850.79,1135.61,479.03,105.73,0,0,2025-12-09 09:00:00,1,0,1
TXN-03-04064,STORE-012,Apparel,BrandD,In-Store,UPC-599717479,SKU-APP-6249,Scarf,8,8,2,717.36,370.2,347.16,100.25,10.58,0,0,2025-12-21 00:00:00,1,1,1
TXN-03-02557,STORE-016,Grocery,BrandB,In-Store,UPC-755881856,SKU-GRO-9394,Snack Bar,1,1,0,119.77,87.22,32.55,157.75,37.98,0,0,2025-12-21 01:00:00,1,1,1
TXN-03-00207,STORE-015,Apparel,BrandD,In-Store,UPC-720307697,SKU-APP-5126,Jacket,3,3,1,400.02,255.59,144.43,140.72,7.38,0,0,2025-12-02 18:00:00,1,1,1
TXN-03-05766,STORE-008,Home & Garden,BrandB,In-Store,UPC-483481746,SKU-HOM-5406,Hose,3,3,2,224.49,116.47,108.02,91.34,16.51,0,0,2025-12-25 14:00:00,0,0,1
TXN-03-02158,STORE-015,Apparel,BrandD,In-Store,UPC-102932137,SKU-APP-4302,Shoes,8,8,1,2881.6,1410.79,1470.81,476.13,115.93,0,0,2025-12-11 18:00:00,1,0,1
TXN-03-02913,STORE-016,Sports,BrandG,Online,UPC-275386443,SKU-SPO-8509,Dumbbell,8,8,0,2756.0,1318.88,1437.12,399.05,54.55,0,0,2025-12-27 22:00:00,1,0,1
TXN-03-04554,STORE-020,Apparel,BrandD,In-Store,UPC-308914608,SKU-APP-8146,T-Shirt,6,6,1,1197.06,703.51,493.55,261.47,61.96,0,0,2025-12-23 14:00:00,0,0,1
TXN-03-04471,STORE-018,Apparel,BrandG,Online,UPC-996993013,SKU-APP-6057,Shoes,3,3,2,673.83,413.31,260.52,314.85,90.24,0,0,2025-12-04 08:00:00,0,0,1
TXN-03-02845,STORE-001,Grocery,BrandE,Online,UPC-194441614,SKU-GRO-2758,Snack Bar,8,8,3,2430.72,1458.51,972.21,334.6,30.76,0,0,2025-12-03 00:00:00,0,1,1
TXN-03-00814,STORE-013,Home & Garden,BrandH,Online,UPC-338655350,SKU-HOM-3617,Cushion,4,4,0,240.8,176.35,64.45,85.78,25.58,0,0,2025-12-06 15:00:00,1,1,1
TXN-03-05383,STORE-013,Home & Garden,BrandF,In-Store,UPC-316355931,SKU-HOM-9744,Chair,9,9,0,2340.09,1176.21,1163.88,356.14,96.13,0,0,2025-12-26 15:00:00,1,0,1
TXN-03-04771,STORE-018,Apparel,BrandD,Online,UPC-429754387,SKU-APP-2869,Shoes,3,3,2,607.47,341.09,266.38,288.44,85.95,0,0,2025-12-02 14:00:00,1,0,1
TXN-03-00349,STORE-002,Grocery,BrandH,In-Store,UPC-413000273,SKU-GRO-8090,Milk,5,5,0,1120.1,566.81,553.29,233.66,9.64,0,0,2025-12-14 10:00:00,0,1,1
TXN-03-03296,STORE-006,Electronics,BrandF,Online,UPC-824972914,SKU-ELE-6276,Monitor,9,9,1,1072.17,636.06,436.11,144.24,25.11,0,0,2025-12-07 04:00:00,0,1,1
TXN-03-00402,STORE-010,Electronics,BrandB,In-Store,UPC-610516879,SKU-ELE-4705,Tablet,3,3,0,458.37,310.33,148.04,185.55,32.76,0,0,2025-12-12 15:00:00,1,1,1
TXN-03-00671,STORE-003,Grocery,BrandA,In-Store,UPC-387675347,SKU-GRO-5222,Coffee,9,9,3,3750.66,1916.44,1834.22,455.83,39.09,0,0,2025-12-30 19:00:00,1,0,1
TXN-03-03687,STORE-019,Grocery,BrandG,In-Store,UPC-216245347,SKU-GRO-7973,Coffee,8,8,2,496.08,291.46,204.62,63.85,1.84,0,0,2025-12-14 20:00:00,0,1,1
TXN-03-02078,STORE-006,Grocery,BrandG,Mobile,UPC-331335261,SKU-GRO-9799,Bread,1,1,2,272.61,110.67,161.94,369.08,96.47,0,0,2025-12-16 09:00:00,1,0,1
TXN-03-04152,STORE-012,Sports,BrandD,In-Store,UPC-271683648,SKU-SPO-1954,Water Bottle,1,1,2,69.24,29.15,40.09,93.48,24.24,0,0,2025-12-02 20:00:00,1,0,1
TXN-03-00367,STORE-017,Sports,BrandC,In-Store,UPC-983216809,SKU-SPO-7406,Cap,3,3,0,869.37,394.11,475.26,310.41,20.62,0,0,2025-12-05 11:00:00,1,0,1
TXN-03-03020,STORE-009,Electronics,BrandD,In-Store,UPC-370223227,SKU-ELE-4273,Speaker,8,8,3,785.04,485.99,299.05,133.87,35.74,0,0,2025-12-10 20:00:00,1,1,1
TXN-03-02637,STORE-014,Sports,BrandB,In-Store,UPC-968265398,SKU-SPO-5578,Resistance Band,9,9,3,558.99,267.39,291.6,72.17,10.06,0,0,2025-12-02 19:00:00,1,1,1
TXN-03-06155,STORE-012,Electronics,BrandE,Mobile,UPC-460956581,SKU-ELE-3433,Headphones,2,2,2,699.48,373.64,325.84,471.65,121.91,0,0,2025-12-25 03:00:00,0,1,1
TXN-03-00016,STORE-013,Sports,BrandA,Mobile,UPC-150993886,SKU-SPO-5094,Resistance Band,3,3,3,961.26,432.78,528.48,402.35,81.93,0,0,2025-12-09 14:00:00,0,0,1
TXN-03-05250,STORE-016,Home & Garden,BrandA,Mobile,UPC-727732898,SKU-HOM-3398,Hose,5,5,2,574.5,323.01,251.49,151.81,36.91,0,0,2025-12-22 09:00:00,1,0,1
TXN-03-01584,STORE-001,Home & Garden,BrandB,Mobile,UPC-417756837,SKU-HOM-6975,Lamp,1,1,3,344.92,243.24,101.68,465.77,120.85,0,0,2025-12-09 10:00:00,1,0,1
TXN-03-03697,STORE-015,Grocery,BrandD,In-Store,UPC-418011811,SKU-GRO-4493,Snack Bar,2,2,2,689.78,481.27,208.51,390.03,45.14,0,0,2025-12-04 01:00:00,1,0,1
TXN-03-05659,STORE-019,Grocery,BrandE,In-Store,UPC-289869839,SKU-GRO-7092,Milk,7,7,4,1111.6,639.61,471.99,184.7,25.9,0,0,2025-12-27 03:00:00,1,0,1
TXN-03-03222,STORE-015,Electronics,BrandB,In-Store,UPC-185540635,SKU-ELE-3558,Charger,3,3,2,542.07,368.62,173.45,223.08,42.39,0,0,2025-12-25 19:00:00,1,0,1
TXN-03-05068,STORE-011,Electronics,BrandE,In-Store,UPC-663146076,SKU-ELE-2315,Speaker,2,2,1,616.44,434.66,181.78,357.74,49.52,0,0,2025-12-10 11:00:00,1,0,1
TXN-03-03374,STORE-005,Home & Garden,BrandC,In-Store,UPC-292643085,SKU-HOM-7124,Tool Set,6,6,4,45.66,19.83,25.83,10.61,3.0,0,0,2025-12-19 06:00:00,1,0,1
TXN-03-04077,STORE-013,Electronics,BrandB,Online,UPC-351856498,SKU-ELE-3034,Monitor,8,8,1,1407.44,984.23,423.21,183.95,8.02,1,0,2025-12-19 14:00:00,1,0,1
TXN-03-04531,STORE-017,Electronics,BrandE,In-Store,UPC-176876997,SKU-ELE-3194,Charger,6,6,3,765.0,354.62,410.38,134.19,6.69,0,0,2025-12-01 14:00:00,1,0,1
TXN-03-00312,STORE-017,Home & Garden,BrandA,Online,UPC-177608069,SKU-HOM-9769,Lamp,5,5,0,1870.05,1278.13,591.92,467.72,93.71,0,0,2025-12-04 04:00:00,1,0,1
TXN-03-00273,STORE-013,Home & Garden,BrandB,In-Store,UPC-567407846,SKU-HOM-7535,Rug,8,8,1,558.32,375.91,182.41,82.64,12.85,0,0,2025-12-01 05:00:00,1,0,1
TXN-03-00144,STORE-009,Home & Garden,BrandH,Mobile,UPC-461125004,SKU-HOM-4150,Vase,2,2,0,242.94,104.44,138.5,141.94,20.47,0,0,2025-12-03 22:00:00,1,0,1
TXN-03-03745,STORE-019,Home & Garden,BrandF,Mobile,UPC-619793423,SKU-HOM-7348,Plant Pot,3,3,1,213.33,140.42,72.91,72.83,1.72,0,0,2025-12-28 22:00:00,1,1,1
TXN-03-05189,STORE-019,Electronics,BrandD,Online,UPC-446640474,SKU-ELE-7683,Headphones,6,6,2,2191.14,916.43,1274.71,400.67,35.48,0,0,2025-12-24 02:00:00,1,0,1
TXN-03-02983,STORE-015,Electronics,BrandF,In-Store,UPC-409664597,SKU-ELE-4415,Laptop,9,9,3,561.33,335.33,226.0,79.54,17.17,0,0,2025-12-19 09:00:00,0,0,1
TXN-03-01615,STORE-011,Electronics,BrandF,Online,UPC-612973598,SKU-ELE-2180,Laptop,1,1,2,275.97,133.8,142.17,292.43,16.46,0,0,2025-12-15 04:00:00,1,0,1
TXN-03-05241,STORE-010,Apparel,BrandG,In-Store,UPC-184736905,SKU-APP-4105,T-Shirt,9,9,1,715.77,418.62,297.15,106.35,26.82,0,0,2025-12-23 06:00:00,0,0,1
TXN-03-05516,STORE-016,Grocery,BrandB,Mobile,UPC-375689368,SKU-GRO-9031,Pasta,4,4,1,969.56,547.89,421.67,343.81,101.42,0,0,2025-12-15 01:00:00,1,1,1
TXN-03-00012,STORE-020,Sports,BrandD,In-Store,UPC-969103499,SKU-SPO-1970,Resistance Band,4,4,1,1042.96,427.35,615.61,300.06,39.32,0,0,2025-12-12 20:00:00,1,0,1
TXN-03-00034,STORE-011,Apparel,BrandA,In-Store,UPC-256521144,SKU-APP-7617,Jacket,3,3,0,586.05,344.24,241.81,225.03,29.68,0,0,2025-12-20 16:00:00,1,0,1
TXN-03-02430,STORE-011,Sports,BrandB,Online,UPC-387824785,SKU-SPO-4267,Running Shoes,7,7,4,1044.75,504.34,540.41,185.11,35.86,0,0,2025-12-26 05:00:00,0,1,1
TXN-03-02290,STORE-003,Home & Garden,BrandF,In-Store,UPC-872039978,SKU-HOM-4821,Rug,4,4,3,404.84,237.4,167.44,103.7,2.49,0,0,2025-12-19 02:00:00,1,0,1
TXN-03-02102,STORE-016,Electronics,BrandD,Online,UPC-421870072,SKU-ELE-2094,Headphones,1,1,4,437.16,236.7,200.46,456.47,19.31,1,0,2025-12-23 03:00:00,0,0,1
TXN-03-01344,STORE-008,Grocery,BrandH,In-Store,UPC-805689990,SKU-GRO-4711,Pasta,3,3,1,1137.57,553.77,583.8,440.78,61.59,0,0,2025-12-30 11:00:00,1,0,1
TXN-03-06247,STORE-019,Electronics,BrandG,Online,UPC-712329092,SKU-ELE-7003,Speaker,4,4,1,659.0,468.91,190.09,229.32,64.57,0,0,2025-12-27 15:00:00,1,1,1
TXN-03-05282,STORE-004,Sports,BrandC,In-Store,UPC-586735646,SKU-SPO-6348,Resistance Band,5,5,3,1389.35,667.47,721.88,290.08,12.21,0,0,2025-12-01 18:00:00,1,0,1
TXN-03-05603,STORE-003,Sports,BrandA,Online,UPC-419692665,SKU-SPO-4188,Yoga Mat,7,7,4,2823.73,1277.76,1545.97,436.09,32.7,0,0,2025-12-03 17:00:00,0,1,1
TXN-03-05747,STORE-012,Apparel,BrandF,In-Store,UPC-525902363,SKU-APP-3990,T-Shirt,1,1,4,24.38,10.13,14.25,24.71,0.33,0,0,2025-12-14 01:00:00,1,0,1
TXN-03-01933,STORE-013,Electronics,BrandG,Mobile,UPC-385590492,SKU-ELE-7128,Charger,9,9,4,774.45,359.76,414.69,113.07,27.02,0,0,2025-12-15 22:00:00,1,0,1
TXN-03-06302,STORE-010,Apparel,BrandC,Online,UPC-491547735,SKU-APP-4851,Jacket,2,2,4,697.48,381.86,315.62,488.84,140.1,0,0,2025-12-26 09:00:00,1,1,1
TXN-03-16427,STORE-005,Home & Garden,BrandE,In-Store,UPC-688225592,SKU-HOM-8870,Cushion,7,7,0,749.21,534.67,214.54,110.33,3.3,0,0,2025-12-25 23:00:00,1,0,1
TXN-03-01897,STORE-018,Grocery,BrandA,In-Store,UPC-327237358,SKU-GRO-4663,Rice,9,9,2,3280.32,2329.14,951.18,379.14,14.66,0,0,2025-12-04 18:00:00,0,0,1
TXN-03-02525,STORE-008,Apparel,BrandF,Online,UPC-371941148,SKU-APP-1950,Hat,8,8,4,458.4,320.66,137.74,79.0,21.7,0,0,2025-12-19 00:00:00,0,0,1
TXN-03-01219,STORE-018,Electronics,BrandD,In-Store,UPC-268670297,SKU-ELE-2272,Monitor,7,7,3,655.2,474.15,181.05,113.79,20.19,0,0,2025-12-05 12:00:00,0,0,1
TXN-03-04474,STORE-010,Electronics,BrandB,In-Store,UPC-108555209,SKU-ELE-1697,Charger,1,1,1,163.68,98.11,65.57,200.3,36.62,0,0,2025-12-28 22:00:00,1,0,1
TXN-03-05153,STORE-009,Electronics,BrandG,In-Store,UPC-717972879,SKU-ELE-8382,Tablet,1,1,0,25.81,11.89,13.92,28.72,2.91,0,0,2025-12-10 07:00:00,0,1,1
TXN-03-00923,STORE-019,Electronics,BrandC,Online,UPC-934568375,SKU-ELE-7590,Speaker,2,2,2,433.1,187.28,245.82,302.6,86.05,0,0,2025-12-07 00:00:00,0,1,1
TXN-03-04941,STORE-012,Apparel,BrandD,In-Store,UPC-233430915,SKU-APP-8891,T-Shirt,4,4,2,1204.16,667.08,537.08,358.93,57.89,0,0,2025-12-06 04:00:00,1,0,1
TXN-03-04171,STORE-014,Apparel,BrandG,Online,UPC-656065001,SKU-APP-6472,Jeans,3,3,3,1146.57,714.14,432.43,434.09,51.9,0,0,2025-12-25 11:00:00,1,0,1
TXN-03-00792,STORE-015,Apparel,BrandD,Online,UPC-133588746,SKU-APP-7722,Shoes,1,1,0,248.25,144.05,104.2,302.13,53.88,0,0,2025-12-11 20:00:00,1,0,1
TXN-03-04246,STORE-003,Apparel,BrandE,In-Store,UPC-268258774,SKU-APP-9995,Jeans,3,3,3,981.03,549.68,431.35,383.33,56.32,0,0,2025-12-27 11:00:00,1,0,1
TXN-03-03316,STORE-018,Electronics,BrandA,Mobile,UPC-437220495,SKU-ELE-5389,Laptop,5,5,3,780.9,328.9,452.0,176.16,19.98,0,0,2025-12-21 16:00:00,1,0,1
TXN-03-01244,STORE-003,Home & Garden,BrandB,In-Store,UPC-291672979,SKU-HOM-8156,Rug,8,8,4,692.32,281.73,410.59,118.55,32.01,0,0,2025-12-23 14:00:00,0,0,1
TXN-03-02842,STORE-003,Home & Garden,BrandA,In-Store,UPC-590962109,SKU-HOM-2838,Rug,1,1,0,268.12,163.56,104.56,311.03,42.91,0,0,2025-12-21 20:00:00,0,0,1
TXN-03-00542,STORE-004,Home & Garden,BrandB,Online,UPC-819550771,SKU-HOM-2444,Plant Pot,8,8,4,51.12,28.79,22.33,6.82,0.43,0,0,2025-12-11 14:00:00,1,0,1
TXN-03-00624,STORE-007,Home & Garden,BrandG,Online,UPC-216413453,SKU-HOM-6353,Hose,1,1,0,39.93,21.77,18.16,43.4,3.47,0,0,2025-12-12 06:00:00,0,1,1
TXN-03-01319,STORE-019,Electronics,BrandB,In-Store,UPC-411079251,SKU-ELE-7821,Phone,1,1,2,281.97,154.05,127.92,293.64,11.67,1,1,2025-12-19 03:00:00,1,0,1
TXN-03-06197,STORE-015,Home & Garden,BrandC,Mobile,UPC-148807167,SKU-HOM-8753,Rug,1,1,0,251.83,116.7,135.13,268.01,16.18,0,0,2025-12-14 06:00:00,0,1,1
TXN-03-05584,STORE-013,Sports,BrandF,Online,UPC-395529146,SKU-SPO-5318,Dumbbell,2,2,3,263.08,107.48,155.6,148.19,16.65,0,0,2025-12-12 22:00:00,1,0,1
TXN-03-01512,STORE-019,Grocery,BrandA,In-Store,UPC-466511360,SKU-GRO-4584,Milk,4,4,0,1472.56,784.13,688.43,387.31,19.17,0,0,2025-12-12 19:00:00,1,1,1
TXN-03-03430,STORE-017,Grocery,BrandC,Mobile,UPC-868352532,SKU-GRO-1448,Pasta,2,2,1,449.6,191.13,258.47,235.33,10.53,0,0,2025-12-22 16:00:00,1,0,1
TXN-03-04904,STORE-008,Grocery,BrandF,Mobile,UPC-812114604,SKU-GRO-9484,Bread,4,4,4,967.2,515.45,451.75,283.49,41.69,0,0,2025-12-01 19:00:00,1,1,1
TXN-03-06116,STORE-002,Apparel,BrandA,In-Store,UPC-153139244,SKU-APP-7772,Socks,1,1,3,199.42,110.51,88.91,205.99,6.57,0,0,2025-12-26 14:00:00,0,0,1
TXN-03-00572,STORE-017,Home & Garden,BrandA,Mobile,UPC-599419611,SKU-HOM-5468,Chair,8,8,2,3280.16,2177.71,1102.45,457.87,47.85,0,0,2025-12-07 16:00:00,0,1,1
TXN-03-05013,STORE-014,Home & Garden,BrandD,Mobile,UPC-843945373,SKU-HOM-9106,Rug,3,3,2,453.9,197.79,256.11,215.84,64.54,0,0,2025-12-23 04:00:00,0,0,1
TXN-03-05631,STORE-016,Home & Garden,BrandG,Mobile,UPC-504527946,SKU-HOM-5722,Rug,7,7,2,707.0,437.06,269.94,124.16,23.16,0,0,2025-12-30 06:00:00,1,0,1
TXN-03-03580,STORE-012,Sports,BrandD,Online,UPC-902570099,SKU-SPO-7376,Cap,6,6,1,829.62,601.79,227.83,168.5,30.23,1,0,2025-12-17 13:00:00,1,0,1
TXN-03-02973,STORE-014,Apparel,BrandE,Mobile,UPC-513644392,SKU-APP-4389,Jeans,9,9,0,3585.51,1769.14,1816.37,410.92,12.53,0,0,2025-12-06 00:00:00,0,1,1
TXN-03-01814,STORE-016,Electronics,BrandG,In-Store,UPC-193191815,SKU-ELE-2556,Laptop,6,6,2,1071.72,495.89,575.83,249.86,71.24,0,0,2025-12-21 04:00:00,1,0,1
TXN-03-04112,STORE-009,Electronics,BrandA,Online,UPC-252399813,SKU-ELE-5763,Headphones,4,4,0,1134.68,653.12,481.56,286.47,2.8,0,0,2025-12-19 10:00:00,1,0,1
TXN-03-02510,STORE-015,Electronics,BrandA,In-Store,UPC-662273313,SKU-ELE-9994,Tablet,4,4,1,1211.08,894.2,316.88,386.66,83.89,0,0,2025-12-22 08:00:00,0,1,1
TXN-03-06314,STORE-002,Grocery,BrandC,In-Store,UPC-650597730,SKU-GRO-6654,Juice,7,7,4,768.46,391.75,376.71,124.12,14.34,0,0,2025-12-29 17:00:00,1,1,1
TXN-03-00249,STORE-013,Electronics,BrandE,Mobile,UPC-855312799,SKU-ELE-2214,Tablet,7,7,1,2908.43,2059.0,849.43,450.91,35.42,0,0,2025-12-05 03:00:00,1,0,1
TXN-03-02720,STORE-002,Sports,BrandE,In-Store,UPC-504264478,SKU-SPO-8151,Cap,8,8,4,3113.2,2141.97,971.23,460.04,70.89,0,0,2025-12-25 08:00:00,1,0,1
TXN-03-01770,STORE-009,Sports,BrandF,Online,UPC-807034665,SKU-SPO-3887,Resistance Band,9,9,1,4022.55,2898.95,1123.6,484.35,37.4,0,0,2025-12-11 03:00:00,1,1,1
TXN-03-00696,STORE-017,Grocery,BrandB,Online,UPC-379949005,SKU-GRO-8627,Juice,5,5,0,1900.6,1370.35,530.25,412.78,32.66,0,0,2025-12-24 06:00:00,1,0,1
TXN-03-03313,STORE-003,Electronics,BrandF,In-Store,UPC-634840819,SKU-ELE-4591,Speaker,8,8,1,1501.36,808.62,692.74,246.68,59.01,0,0,2025-12-01 09:00:00,0,0,1
TXN-03-01139,STORE-015,Electronics,BrandG,Mobile,UPC-394560874,SKU-ELE-9065,Headphones,4,4,2,1580.4,806.62,773.78,448.34,53.24,0,0,2025-12-17 21:00:00,1,0,1
TXN-03-05683,STORE-011,Grocery,BrandH,Online,UPC-836161329,SKU-GRO-7924,Pasta,8,8,4,833.2,609.38,223.82,141.62,37.47,0,0,2025-12-23 19:00:00,1,1,1
TXN-03-01904,STORE-015,Home & Garden,BrandH,In-Store,UPC-892552746,SKU-HOM-7462,Plant Pot,9,9,1,3302.28,2074.15,1228.13,437.07,70.15,0,0,2025-12-06 00:00:00,1,1,1
TXN-03-05420,STORE-010,Electronics,BrandD,Online,UPC-971714116,SKU-ELE-8369,Camera,8,8,0,3415.52,2297.09,1118.43,499.66,72.72,0,0,2025-12-16 17:00:00,0,0,1
TXN-03-05549,STORE-007,Home & Garden,BrandH,In-Store,UPC-411553771,SKU-HOM-4451,Vase,4,4,2,404.76,195.56,209.2,123.48,22.29,0,0,2025-12-08 15:00:00,0,0,1
TXN-03-04073,STORE-005,Home & Garden,BrandA,Online,UPC-273237656,SKU-HOM-3765,Cushion,7,7,2,3460.03,1452.58,2007.45,499.49,5.2,0,0,2025-12-23 05:00:00,1,0,1
TXN-03-00322,STORE-020,Apparel,BrandC,Online,UPC-207178168,SKU-APP-9574,Jacket,7,7,0,36.75,26.24,10.51,5.26,0.01,0,0,2025-12-23 00:00:00,1,0,1
TXN-03-04969,STORE-009,Home & Garden,BrandA,In-Store,UPC-991735075,SKU-HOM-6030,Chair,3,3,3,194.37,113.16,81.21,77.09,12.3,0,0,2025-12-18 21:00:00,1,0,1
TXN-03-04762,STORE-002,Grocery,BrandH,Mobile,UPC-410840403,SKU-GRO-8792,Coffee,3,3,4,796.17,523.49,272.68,290.36,24.97,0,0,2025-12-22 07:00:00,0,0,1
TXN-03-04777,STORE-015,Home & Garden,BrandA,Mobile,UPC-456605054,SKU-HOM-3894,Plant Pot,6,6,1,46.68,33.44,13.24,9.67,1.89,0,0,2025-12-02 01:00:00,1,0,1
TXN-03-00857,STORE-012,Apparel,BrandC,Online,UPC-999747762,SKU-APP-3173,Hat,5,5,3,98.7,46.5,52.2,25.34,5.6,0,0,2025-12-29 05:00:00,0,0,1
TXN-03-00833,STORE-017,Electronics,BrandC,In-Store,UPC-322298516,SKU-ELE-9880,Tablet,7,7,1,1601.32,1040.67,560.65,283.32,54.56,0,0,2025-12-18 23:00:00,1,0,1
TXN-03-02632,STORE-020,Sports,BrandE,Online,UPC-942188904,SKU-SPO-2604,Jersey,5,5,0,1084.35,619.2,465.15,220.45,3.58,0,0,2025-12-06 22:00:00,1,0,1
TXN-03-02567,STORE-016,Electronics,BrandH,In-Store,UPC-940817539,SKU-ELE-6960,Tablet,9,9,2,695.61,300.42,395.19,92.42,15.13,1,0,2025-12-06 18:00:00,0,1,1
TXN-03-01804,STORE-006,Sports,BrandE,Online,UPC-943132669,SKU-SPO-6302,Resistance Band,2,2,2,811.42,367.04,444.38,456.19,50.48,0,0,2025-12-17 20:00:00,0,0,1
TXN-03-05663,STORE-020,Grocery,BrandB,In-Store,UPC-497805844,SKU-GRO-1658,Snack Bar,7,7,4,2153.2,1176.45,976.75,428.24,120.64,0,0,2025-12-07 16:00:00,1,0,1
TXN-03-02692,STORE-007,Grocery,BrandC,In-Store,UPC-501039666,SKU-GRO-5942,Pasta,5,5,2,559.4,319.15,240.25,139.99,28.11,0,0,2025-12-18 10:00:00,0,1,1
TXN-03-03896,STORE-018,Sports,BrandC,Online,UPC-429835004,SKU-SPO-9505,Yoga Mat,1,1,3,65.17,45.52,19.65,86.9,21.73,0,0,2025-12-20 16:00:00,1,1,1
TXN-03-03768,STORE-018,Apparel,BrandH,In-Store,UPC-150305612,SKU-APP-6238,Dress,1,1,4,207.28,136.38,70.9,245.29,38.01,0,0,2025-12-30 06:00:00,1,0,1
TXN-03-01647,STORE-007,Grocery,BrandH,Online,UPC-768789139,SKU-GRO-7756,Coffee,6,6,3,867.9,532.05,335.85,192.42,47.77,0,0,2025-12-04 03:00:00,0,1,1
TXN-03-01234,STORE-005,Grocery,BrandC,In-Store,UPC-756087907,SKU-GRO-2973,Bread,2,2,1,689.36,353.68,335.68,466.59,121.91,0,0,2025-12-30 13:00:00,1,0,1
TXN-03-06003,STORE-004,Sports,BrandE,In-Store,UPC-252484973,SKU-SPO-9550,Jersey,1,1,3,389.83,274.67,115.16,428.77,38.94,0,0,2025-12-18 00:00:00,1,0,1
TXN-03-03221,STORE-013,Sports,BrandF,In-Store,UPC-840400611,SKU-SPO-5218,Resistance Band,2,2,0,480.78,293.05,187.73,289.54,49.15,0,0,2025-12-13 13:00:00,0,1,1
TXN-03-01891,STORE-009,Sports,BrandG,Mobile,UPC-108184102,SKU-SPO-1274,Dumbbell,4,4,0,562.64,396.1,166.54,149.14,8.48,0,0,2025-12-07 16:00:00,1,0,1
TXN-03-00374,STORE-001,Sports,BrandF,In-Store,UPC-276346288,SKU-SPO-1212,Resistance Band,9,9,4,1016.91,607.22,409.69,124.3,11.31,0,0,2025-12-26 16:00:00,0,0,1
TXN-03-00524,STORE-020,Grocery,BrandC,In-Store,UPC-648196506,SKU-GRO-7538,Cereal,1,1,1,85.08,43.99,41.09,94.26,9.18,0,0,2025-12-14 08:00:00,1,0,1
TXN-03-02373,STORE-006,Grocery,BrandB,In-Store,UPC-552299880,SKU-GRO-7973,Pasta,5,5,3,1647.0,805.1,841.9,452.67,123.27,0,0,2025-12-16 08:00:00,1,0,1
TXN-03-00830,STORE-019,Electronics,BrandH,Mobile,UPC-405916643,SKU-ELE-6625,Charger,1,1,0,199.17,116.37,82.8,202.28,3.11,0,0,2025-12-06 03:00:00,1,1,1
TXN-03-16418,STORE-013,Home & Garden,BrandC,Online,UPC-755975995,SKU-HOM-5884,Cushion,7,7,4,1495.27,929.49,565.78,266.82,53.21,0,0,2025-12-23 15:00:00,0,0,1
TXN-03-01596,STORE-001,Grocery,BrandF,In-Store,UPC-246579573,SKU-GRO-6667,Coffee,5,5,1,1717.15,1033.26,683.89,381.42,37.99,0,0,2025-12-24 23:00:00,1,0,1
TXN-03-02511,STORE-008,Electronics,BrandH,In-Store,UPC-813497721,SKU-ELE-9879,Tablet,9,9,1,2994.93,1402.69,1592.24,345.9,13.13,0,0,2025-12-17 06:00:00,1,0,1
TXN-03-00084,STORE-017,Electronics,BrandH,In-Store,UPC-130130127,SKU-ELE-8956,Phone,1,1,2,355.38,150.57,204.81,404.22,48.84,0,0,2025-12-11 14:00:00,0,1,1
TXN-03-01932,STORE-010,Electronics,BrandF,Online,UPC-188078289,SKU-ELE-9757,Laptop,5,5,2,666.6,316.1,350.5,174.72,41.4,0,0,2025-12-01 02:00:00,1,1,1
TXN-03-03391,STORE-005,Grocery,BrandB,In-Store,UPC-259398625,SKU-GRO-2885,Juice,1,1,3,31.58,23.66,7.92,33.74,2.16,0,0,2025-12-07 10:00:00,1,0,1
TXN-03-00030,STORE-013,Grocery,BrandF,In-Store,UPC-828725761,SKU-GRO-9154,Cereal,4,4,4,1122.6,543.9,578.7,348.09,67.44,0,0,2025-12-27 22:00:00,0,0,1
TXN-03-02965,STORE-006,Home & Garden,BrandA,In-Store,UPC-405596014,SKU-HOM-2241,Tool Set,6,6,4,958.08,692.01,266.07,168.58,8.9,0,0,2025-12-20 03:00:00,0,0,1
TXN-03-06229,STORE-006,Electronics,BrandE,In-Store,UPC-947063038,SKU-ELE-8605,Speaker,2,2,1,225.42,145.92,79.5,136.09,23.38,0,0,2025-12-11 18:00:00,1,0,1
TXN-03-00863,STORE-008,Home & Garden,BrandF,Mobile,UPC-941524032,SKU-HOM-6919,Chair,4,4,1,978.6,556.56,422.04,347.27,102.62,0,0,2025-12-11 10:00:00,1,0,1
TXN-03-02341,STORE-017,Grocery,BrandF,Online,UPC-997010727,SKU-GRO-4646,Cereal,3,3,1,466.08,218.39,247.69,174.74,19.38,0,0,2025-12-26 08:00:00,0,0,1
TXN-03-03579,STORE-012,Electronics,BrandF,In-Store,UPC-389135391,SKU-ELE-6571,Speaker,6,6,3,2428.74,1196.85,1231.89,447.75,42.96,0,0,2025-12-01 18:00:00,1,1,1
TXN-03-02172,STORE-012,Electronics,BrandE,In-Store,UPC-387210456,SKU-ELE-8919,Speaker,3,3,3,1110.42,676.37,434.05,466.9,96.76,0,0,2025-12-20 09:00:00,1,0,1
TXN-03-03408,STORE-008,Electronics,BrandC,Online,UPC-252235857,SKU-ELE-8216,Monitor,5,5,0,778.05,544.15,233.9,176.5,20.89,0,0,2025-12-11 17:00:00,1,0,1
TXN-03-03958,STORE-015,Apparel,BrandH,Online,UPC-854926608,SKU-APP-6687,Dress,8,8,0,732.88,311.78,421.1,116.02,24.41,0,0,2025-12-29 02:00:00,1,1,1
TXN-03-02120,STORE-005,Apparel,BrandA,In-Store,UPC-506774440,SKU-APP-3686,T-Shirt,3,3,1,587.7,374.31,213.39,237.01,41.11,0,0,2025-12-05 19:00:00,1,0,1
TXN-03-02884,STORE-004,Electronics,BrandE,Online,UPC-151025245,SKU-ELE-9984,Tablet,1,1,4,431.52,261.21,170.31,498.7,67.18,0,0,2025-12-05 15:00:00,0,1,1
TXN-03-05697,STORE-006,Apparel,BrandG,Online,UPC-611478316,SKU-APP-4815,Dress,3,3,0,1348.44,550.07,798.37,479.4,29.92,0,0,2025-12-10 16:00:00,1,1,1
TXN-03-05664,STORE-011,Electronics,BrandA,Online,UPC-581539037,SKU-ELE-1938,Headphones,1,1,4,158.53,90.48,68.05,158.79,0.26,0,0,2025-12-19 21:00:00,1,0,1
TXN-03-04551,STORE-007,Electronics,BrandB,Mobile,UPC-119207555,SKU-ELE-2907,Phone,1,1,2,327.41,211.1,116.31,466.76,139.35,0,0,2025-12-24 18:00:00,0,1,1
TXN-03-03921,STORE-014,Electronics,BrandH,Online,UPC-244990689,SKU-ELE-5907,Speaker,8,8,2,952.24,421.73,530.51,150.26,31.23,0,0,2025-12-25 18:00:00,1,1,1
TXN-03-03432,STORE-011,Electronics,BrandD,In-Store,UPC-517644069,SKU-ELE-2847,Camera,5,5,1,1923.65,1272.63,651.02,384.76,0.03,0,0,2025-12-21 16:00:00,1,0,1
TXN-03-01299,STORE-012,Apparel,BrandE,Online,UPC-887765070,SKU-APP-7254,Hat,5,5,2,232.65,93.57,139.08,59.01,12.48,0,0,2025-12-30 22:00:00,1,0,1
TXN-03-01334,STORE-019,Electronics,BrandF,In-Store,UPC-893199824,SKU-ELE-9703,Phone,7,7,0,794.29,334.06,460.23,146.15,32.68,0,0,2025-12-21 05:00:00,1,1,1
TXN-03-05582,STORE-011,Electronics,BrandH,In-Store,UPC-591361296,SKU-ELE-9337,Laptop,7,7,0,564.27,358.6,205.67,107.94,27.33,0,0,2025-12-15 14:00:00,1,0,1
TXN-03-05849,STORE-004,Electronics,BrandB,Online,UPC-976915204,SKU-ELE-6904,Speaker,6,6,3,436.5,263.83,172.67,75.72,2.97,0,0,2025-12-28 06:00:00,1,1,1
TXN-03-05291,STORE-003,Electronics,BrandF,Mobile,UPC-285677974,SKU-ELE-6804,Charger,3,3,1,1245.93,836.79,409.14,486.8,71.49,1,0,2025-12-27 15:00:00,1,0,1
TXN-03-04359,STORE-015,Sports,BrandF,In-Store,UPC-908034439,SKU-SPO-6120,Running Shoes,1,1,3,333.53,153.05,180.48,458.69,125.16,0,0,2025-12-20 13:00:00,1,0,1
TXN-03-02564,STORE-005,Electronics,BrandC,Online,UPC-662949545,SKU-ELE-8079,Speaker,6,6,3,300.3,193.97,106.33,55.63,5.58,0,0,2025-12-28 05:00:00,0,0,1
TXN-03-02716,STORE-011,Sports,BrandD,In-Store,UPC-394358669,SKU-SPO-5890,Cap,5,5,0,980.95,446.89,534.06,241.03,44.84,0,0,2025-12-28 11:00:00,1,0,1
TXN-03-03411,STORE-003,Electronics,BrandE,In-Store,UPC-607818832,SKU-ELE-9454,Laptop,6,6,2,105.18,54.3,50.88,24.72,7.19,0,0,2025-12-20 11:00:00,1,0,1
TXN-03-01460,STORE-012,Grocery,BrandF,In-Store,UPC-714612075,SKU-GRO-3474,Snack Bar,1,1,1,254.68,185.68,69.0,314.26,59.58,0,0,2025-12-13 21:00:00,0,0,1
TXN-03-03990,STORE-012,Electronics,BrandC,Online,UPC-234322650,SKU-ELE-4160,Speaker,4,4,1,74.56,34.44,40.12,23.62,4.98,0,0,2025-12-28 00:00:00,0,0,1
TXN-03-00147,STORE-006,Home & Garden,BrandA,In-Store,UPC-907997490,SKU-HOM-9685,Lamp,2,2,4,347.08,195.86,151.22,226.94,53.4,0,0,2025-12-25 08:00:00,1,1,1
TXN-03-00788,STORE-010,Electronics,BrandD,In-Store,UPC-384565248,SKU-ELE-6119,Tablet,2,2,3,256.7,123.81,132.89,131.48,3.13,1,0,2025-12-02 05:00:00,1,0,1
TXN-03-05369,STORE-016,Electronics,BrandB,In-Store,UPC-231558162,SKU-ELE-6329,Monitor,9,9,4,2007.09,1180.71,826.38,293.16,70.15,0,0,2025-12-04 14:00:00,1,0,1
TXN-03-01345,STORE-005,Grocery,BrandB,Online,UPC-103231972,SKU-GRO-3983,Juice,5,5,2,1356.5,964.61,391.89,282.53,11.23,0,0,2025-12-18 00:00:00,1,1,1
TXN-03-03943,STORE-008,Grocery,BrandA,In-Store,UPC-902699987,SKU-GRO-9758,Snack Bar,6,6,1,368.82,222.74,146.08,73.02,11.55,0,0,2025-12-02 13:00:00,1,1,1
TXN-03-04360,STORE-004,Electronics,BrandB,Online,UPC-614884188,SKU-ELE-2052,Camera,6,6,3,422.4,305.55,116.85,93.7,23.3,0,0,2025-12-15 10:00:00,1,0,1
TXN-03-05567,STORE-010,Electronics,BrandC,Online,UPC-476354346,SKU-ELE-5324,Camera,2,2,1,917.16,590.48,326.68,480.08,21.5,0,0,2025-12-04 14:00:00,1,0,1
TXN-03-01553,STORE-013,Home & Garden,BrandH,In-Store,UPC-691776967,SKU-HOM-1843,Tool Set,6,6,0,2493.9,1364.09,1129.81,435.0,19.35,0,0,2025-12-23 19:00:00,1,0,1
TXN-03-06145,STORE-006,Home & Garden,BrandB,In-Store,UPC-155033562,SKU-HOM-3510,Tool Set,9,9,1,2756.88,1734.03,1022.85,434.2,127.88,0,0,2025-12-26 12:00:00,0,0,1
TXN-03-02214,STORE-006,Grocery,BrandD,Online,UPC-420362490,SKU-GRO-5959,Bread,9,9,0,1853.1,877.12,975.98,234.34,28.44,0,0,2025-12-29 14:00:00,1,0,1
TXN-03-02301,STORE-006,Home & Garden,BrandC,In-Store,UPC-796354238,SKU-HOM-4905,Rug,5,5,0,1654.7,1064.41,590.29,331.39,0.45,0,0,2025-12-28 23:00:00,1,0,1
TXN-03-06200,STORE-008,Apparel,BrandA,Online,UPC-564348063,SKU-APP-1791,Socks,3,3,2,323.76,189.94,133.82,123.24,15.32,1,0,2025-12-22 03:00:00,0,0,1
TXN-03-05676,STORE-011,Electronics,BrandA,In-Store,UPC-636737329,SKU-ELE-2902,Charger,4,4,4,577.28,364.33,212.95,153.16,8.84,0,0,2025-12-26 01:00:00,1,0,1
TXN-03-03839,STORE-020,Grocery,BrandF,In-Store,UPC-318286881,SKU-GRO-3847,Coffee,5,5,3,1115.05,807.0,308.05,277.17,54.16,0,0,2025-12-30 22:00:00,1,0,1
TXN-03-01041,STORE-007,Apparel,BrandG,In-Store,UPC-828254214,SKU-APP-3049,Hat,1,1,4,150.52,74.76,75.76,166.52,16.0,0,0,2025-12-07 18:00:00,0,0,1
TXN-03-00096,STORE-003,Home & Garden,BrandB,In-Store,UPC-460060659,SKU-HOM-2561,Cushion,6,6,2,1917.06,836.09,1080.97,390.07,70.56,0,0,2025-12-06 01:00:00,1,0,1
TXN-03-00607,STORE-007,Sports,BrandB,In-Store,UPC-290393110,SKU-SPO-2440,Resistance Band,8,8,3,1224.24,836.13,388.11,169.29,16.26,0,0,2025-12-05 14:00:00,0,0,1
TXN-03-01017,STORE-013,Sports,BrandH,Online,UPC-399212505,SKU-SPO-3059,Resistance Band,9,9,1,1702.44,1011.7,690.74,220.7,31.54,0,0,2025-12-22 06:00:00,1,1,1
TXN-03-04706,STORE-018,Electronics,BrandB,In-Store,UPC-388533006,SKU-ELE-9207,Laptop,3,3,2,835.02,559.92,275.1,297.42,19.08,0,0,2025-12-10 09:00:00,1,0,1
TXN-03-02315,STORE-003,Sports,BrandG,In-Store,UPC-630929286,SKU-SPO-1035,Water Bottle,9,9,2,1320.93,745.26,575.67,206.35,59.58,0,0,2025-12-01 09:00:00,1,1,1
TXN-03-04801,STORE-014,Grocery,BrandA,Online,UPC-990964088,SKU-GRO-3001,Pasta,8,8,0,630.4,282.22,348.18,82.66,3.86,0,0,2025-12-22 06:00:00,0,0,1
TXN-03-02478,STORE-002,Apparel,BrandH,Online,UPC-371376481,SKU-APP-1513,Shoes,1,1,4,371.04,251.04,120.0,371.61,0.57,0,0,2025-12-13 00:00:00,0,0,1
TXN-03-05209,STORE-011,Grocery,BrandG,In-Store,UPC-526256819,SKU-GRO-3617,Rice,6,6,1,1682.58,774.78,907.8,376.6,96.17,0,0,2025-12-13 04:00:00,0,1,1
TXN-03-02412,STORE-018,Home & Garden,BrandH,Online,UPC-228231969,SKU-HOM-5629,Lamp,1,1,0,94.52,38.42,56.1,119.52,25.0,0,0,2025-12-28 19:00:00,0,1,1
TXN-03-01179,STORE-017,Sports,BrandH,In-Store,UPC-253836993,SKU-SPO-2772,Jersey,8,8,1,3072.08,1286.62,1785.46,465.05,81.04,0,0,2025-12-28 19:00:00,1,1,1
TXN-03-01866,STORE-013,Sports,BrandE,Online,UPC-156517221,SKU-SPO-1877,Running Shoes,7,7,3,341.11,231.97,109.14,65.54,16.81,0,0,2025-12-22 14:00:00,1,0,1
TXN-03-04414,STORE-001,Electronics,BrandA,In-Store,UPC-722835986,SKU-ELE-5738,Tablet,9,9,3,295.56,194.31,101.25,37.94,5.1,0,0,2025-12-10 06:00:00,1,1,1
TXN-03-03789,STORE-019,Electronics,BrandD,Mobile,UPC-747529771,SKU-ELE-4430,Charger,4,4,3,1165.2,827.11,338.09,320.14,28.84,0,0,2025-12-22 20:00:00,1,0,1
TXN-03-03596,STORE-017,Grocery,BrandH,In-Store,UPC-338752520,SKU-GRO-8337,Milk,9,9,1,4277.16,2707.74,1569.42,490.77,15.53,0,0,2025-12-24 05:00:00,0,1,1
TXN-03-00740,STORE-001,Grocery,BrandD,In-Store,UPC-458446089,SKU-GRO-7417,Pasta,5,5,2,172.6,113.09,59.51,48.31,13.79,0,0,2025-12-28 00:00:00,0,1,1
TXN-03-02821,STORE-001,Apparel,BrandC,In-Store,UPC-762324641,SKU-APP-6659,Scarf,7,7,3,1788.15,1140.27,647.88,341.92,86.47,0,0,2025-12-01 09:00:00,1,0,1
TXN-03-03506,STORE-010,Sports,BrandA,In-Store,UPC-978224949,SKU-SPO-3477,Jersey,4,4,4,1498.88,1105.47,393.41,475.65,100.93,0,0,2025-12-01 10:00:00,0,1,1
TXN-03-04429,STORE-014,Sports,BrandD,In-Store,UPC-934843850,SKU-SPO-7674,Dumbbell,3,3,1,1206.6,597.41,609.19,424.44,22.24,0,0,2025-12-13 14:00:00,1,0,1
TXN-03-00713,STORE-018,Electronics,BrandA,In-Store,UPC-236866593,SKU-ELE-5113,Camera,9,9,0,1869.21,945.62,923.59,230.13,22.44,0,0,2025-12-10 01:00:00,1,0,1
TXN-03-05199,STORE-018,Apparel,BrandA,In-Store,UPC-418064852,SKU-APP-7130,Shoes,3,3,2,662.91,270.47,392.44,233.75,12.78,0,0,2025-12-28 20:00:00,1,0,1
TXN-03-03770,STORE-013,Apparel,BrandC,In-Store,UPC-818174124,SKU-APP-8087,Scarf,4,4,4,663.24,487.78,175.46,210.68,44.87,0,0,2025-12-08 03:00:00,1,1,1
TXN-03-06040,STORE-011,Electronics,BrandG,Mobile,UPC-118846902,SKU-ELE-4062,Phone,5,5,2,1393.6,742.24,651.36,279.86,1.14,0,0,2025-12-09 15:00:00,1,1,1
TXN-03-05760,STORE-012,Apparel,BrandB,In-Store,UPC-847323092,SKU-APP-1680,Jacket,9,9,4,2426.04,1514.46,911.58,274.53,4.97,0,0,2025-12-04 22:00:00,1,1,1
TXN-03-00771,STORE-007,Apparel,BrandH,In-Store,UPC-505124963,SKU-APP-2842,Socks,7,7,0,424.69,171.63,253.06,86.22,25.55,1,0,2025-12-11 10:00:00,0,0,1
TXN-03-01899,STORE-010,Electronics,BrandG,In-Store,UPC-385487701,SKU-ELE-2675,Monitor,2,2,0,307.88,158.57,149.31,205.15,51.21,0,0,2025-12-30 21:00:00,0,0,1
TXN-03-02123,STORE-017,Home & Garden,BrandF,In-Store,UPC-786289146,SKU-HOM-4908,Vase,2,2,0,332.7,177.91,154.79,176.61,10.26,0,0,2025-12-24 19:00:00,1,0,1
TXN-03-05453,STORE-004,Electronics,BrandD,In-Store,UPC-916388890,SKU-ELE-8757,Headphones,2,2,0,674.88,459.24,215.64,347.98,10.54,0,0,2025-12-15 23:00:00,1,0,1
TXN-03-03085,STORE-014,Home & Garden,BrandC,In-Store,UPC-449920973,SKU-HOM-2549,Chair,6,6,2,2687.7,1462.54,1225.16,487.19,39.24,0,0,2025-12-13 12:00:00,1,0,1
TXN-03-01282,STORE-018,Grocery,BrandC,Online,UPC-365996430,SKU-GRO-8407,Juice,3,3,1,622.83,431.61,191.22,270.21,62.6,0,0,2025-12-24 18:00:00,0,0,1
TXN-03-04385,STORE-005,Home & Garden,BrandA,In-Store,UPC-689735251,SKU-HOM-2218,Lamp,9,9,2,2800.35,1870.23,930.12,311.24,0.09,0,0,2025-12-07 13:00:00,1,0,1
TXN-03-02446,STORE-014,Apparel,BrandD,Online,UPC-134710961,SKU-APP-8453,Dress,2,2,0,857.14,445.9,411.24,485.13,56.56,0,0,2025-12-18 15:00:00,1,0,1
TXN-03-04402,STORE-020,Home & Garden,BrandA,In-Store,UPC-252698453,SKU-HOM-6469,Vase,9,9,1,324.81,166.69,158.12,50.76,14.67,0,0,2025-12-04 11:00:00,1,0,1
TXN-03-05905,STORE-014,Apparel,BrandB,Online,UPC-604129867,SKU-APP-6221,Jeans,1,1,0,110.81,70.81,40.0,138.67,27.86,0,0,2025-12-22 19:00:00,1,0,1
TXN-03-03026,STORE-018,Apparel,BrandG,Online,UPC-363466801,SKU-APP-6348,Jeans,9,9,2,1008.9,481.6,527.3,134.61,22.51,0,0,2025-12-15 20:00:00,0,1,1
TXN-03-01033,STORE-014,Home & Garden,BrandE,Online,UPC-241883808,SKU-HOM-3213,Hose,8,8,3,695.84,356.46,339.38,104.26,17.28,0,0,2025-12-09 19:00:00,1,0,1
TXN-03-01463,STORE-013,Grocery,BrandF,Mobile,UPC-799918300,SKU-GRO-4573,Coffee,8,8,4,690.08,476.14,213.94,109.85,23.59,0,0,2025-12-29 10:00:00,0,0,1
TXN-03-04879,STORE-015,Home & Garden,BrandC,Online,UPC-452423396,SKU-HOM-4265,Tool Set,4,4,1,1276.56,825.45,451.11,331.56,12.42,0,0,2025-12-12 11:00:00,1,1,1
TXN-03-03657,STORE-014,Grocery,BrandB,Online,UPC-319375328,SKU-GRO-5112,Pasta,3,3,1,1226.31,623.99,602.32,493.37,84.6,0,0,2025-12-07 01:00:00,0,0,1
TXN-03-01577,STORE-006,Grocery,BrandA,In-Store,UPC-645583151,SKU-GRO-4614,Cereal,4,4,3,1684.6,1023.11,661.49,460.9,39.75,0,0,2025-12-03 02:00:00,0,0,1
TXN-03-05177,STORE-019,Electronics,BrandH,In-Store,UPC-162975959,SKU-ELE-1049,Headphones,7,7,4,1483.16,1109.11,374.05,228.44,16.56,0,0,2025-12-06 05:00:00,1,0,1
TXN-03-04560,STORE-008,Apparel,BrandE,In-Store,UPC-460234857,SKU-APP-5527,Dress,7,7,0,814.59,370.11,444.48,145.87,29.5,0,0,2025-12-14 04:00:00,1,1,1
TXN-03-02608,STORE-011,Home & Garden,BrandF,Online,UPC-106924793,SKU-HOM-7348,Rug,1,1,4,186.61,76.8,109.81,213.62,27.01,0,0,2025-12-02 19:00:00,1,0,1
TXN-03-00257,STORE-011,Grocery,BrandA,Online,UPC-205262437,SKU-GRO-8247,Rice,3,3,2,371.07,197.61,173.46,154.49,30.8,0,0,2025-12-26 06:00:00,1,0,1
TXN-03-03599,STORE-011,Electronics,BrandD,In-Store,UPC-771840114,SKU-ELE-5123,Charger,9,9,1,2820.15,1950.97,869.18,342.37,29.02,0,0,2025-12-01 07:00:00,1,1,1
TXN-03-02396,STORE-019,Apparel,BrandC,Online,UPC-800479438,SKU-APP-7134,Jacket,2,2,1,250.1,176.17,73.93,151.18,26.13,0,0,2025-12-15 11:00:00,1,1,1
TXN-03-05299,STORE-007,Electronics,BrandE,In-Store,UPC-806383244,SKU-ELE-4469,Headphones,8,8,3,436.88,275.75,161.13,57.55,2.94,0,0,2025-12-27 05:00:00,1,0,1
TXN-03-05960,STORE-001,Electronics,BrandG,In-Store,UPC-729413988,SKU-ELE-9508,Monitor,7,7,0,835.8,406.7,429.1,120.59,1.19,0,0,2025-12-07 05:00:00,1,1,1
TXN-03-01723,STORE-004,Grocery,BrandB,Online,UPC-206692406,SKU-GRO-6237,Juice,7,7,3,2854.39,1743.83,1110.56,431.86,24.09,0,0,2025-12-17 13:00:00,0,1,1
TXN-03-04562,STORE-017,Grocery,BrandC,Mobile,UPC-873990425,SKU-GRO-3522,Juice,5,5,4,156.2,75.51,80.69,41.72,10.48,0,0,2025-12-03 02:00:00,1,0,1
TXN-03-05112,STORE-012,Electronics,BrandH,In-Store,UPC-970762252,SKU-ELE-7134,Monitor,7,7,0,1315.86,926.27,389.59,202.24,14.26,0,0,2025-12-17 22:00:00,1,0,1
TXN-03-03218,STORE-003,Apparel,BrandH,Mobile,UPC-525233754,SKU-APP-7023,Socks,4,4,2,847.56,556.67,290.89,289.28,77.39,0,0,2025-12-30 21:00:00,0,0,1
TXN-03-03364,STORE-010,Apparel,BrandE,In-Store,UPC-256923987,SKU-APP-9227,Hat,9,9,0,1525.05,990.12,534.93,176.53,7.08,0,0,2025-12-11 17:00:00,1,0,1
TXN-03-01210,STORE-005,Apparel,BrandE,In-Store,UPC-537304224,SKU-APP-7252,Scarf,6,6,4,1201.5,850.22,351.28,213.74,13.49,0,0,2025-12-06 10:00:00,1,0,1
TXN-03-01388,STORE-015,Electronics,BrandH,Online,UPC-623902746,SKU-ELE-2985,Phone,8,8,0,1105.52,524.94,580.58,177.14,38.95,0,0,2025-12-29 15:00:00,0,0,1
TXN-03-00799,STORE-002,Apparel,BrandG,In-Store,UPC-317476181,SKU-APP-1869,Socks,3,3,3,99.33,65.33,34.0,39.88,6.77,0,0,2025-12-07 03:00:00,1,1,1
TXN-03-03096,STORE-017,Home & Garden,BrandG,In-Store,UPC-467392556,SKU-HOM-4246,Lamp,6,6,1,1904.76,809.14,1095.62,345.8,28.34,0,0,2025-12-17 05:00:00,1,0,1
TXN-03-01021,STORE-003,Grocery,BrandB,Online,UPC-301746772,SKU-GRO-7491,Bread,5,5,2,1954.95,814.73,1140.22,423.39,32.4,0,0,2025-12-20 23:00:00,1,1,1
TXN-03-03642,STORE-015,Home & Garden,BrandG,Online,UPC-323078930,SKU-HOM-1987,Hose,2,2,2,623.64,368.12,255.52,401.51,89.69,0,0,2025-12-16 20:00:00,1,1,1
TXN-03-00203,STORE-010,Apparel,BrandC,In-Store,UPC-813339487,SKU-APP-6001,Shoes,2,2,1,452.64,231.52,221.12,258.88,32.56,0,0,2025-12-01 13:00:00,1,1,1
TXN-03-02807,STORE-005,Electronics,BrandE,Mobile,UPC-721530022,SKU-ELE-7410,Tablet,8,8,4,1463.76,644.75,819.01,191.57,8.6,1,0,2025-12-04 22:00:00,0,0,1
TXN-03-04091,STORE-002,Grocery,BrandA,In-Store,UPC-292820617,SKU-GRO-9985,Snack Bar,8,8,4,342.08,196.19,145.89,52.03,9.27,0,0,2025-12-24 04:00:00,1,1,1
TXN-03-00574,STORE-008,Apparel,BrandH,Online,UPC-496076036,SKU-APP-9388,Jacket,7,7,1,2882.6,1900.59,982.01,481.79,69.99,0,0,2025-12-22 01:00:00,1,0,1
TXN-03-05509,STORE-014,Home & Garden,BrandH,In-Store,UPC-532590508,SKU-HOM-6683,Vase,6,6,1,456.24,233.77,222.47,81.2,5.16,0,0,2025-12-28 06:00:00,0,1,1
TXN-03-02259,STORE-011,Grocery,BrandE,In-Store,UPC-229261146,SKU-GRO-1287,Pasta,1,1,3,197.27,79.07,118.2,213.92,16.65,0,0,2025-12-17 00:00:00,0,0,1
TXN-03-06049,STORE-015,Sports,BrandD,Online,UPC-335209941,SKU-SPO-2313,Yoga Mat,1,1,3,366.88,252.61,114.27,439.93,73.05,0,0,2025-12-23 08:00:00,1,0,1
TXN-03-04046,STORE-008,Apparel,BrandD,In-Store,UPC-944476048,SKU-APP-6580,Shoes,3,3,4,519.21,307.79,211.42,242.88,69.81,0,0,2025-12-26 04:00:00,1,1,1
TXN-03-01346,STORE-004,Home & Garden,BrandC,In-Store,UPC-885521330,SKU-HOM-3125,Cushion,6,6,0,2576.94,1364.97,1211.97,433.8,4.31,1,0,2025-12-09 23:00:00,1,1,1
TXN-03-04029,STORE-001,Apparel,BrandE,Online,UPC-597547412,SKU-APP-9159,Scarf,6,6,2,1605.42,650.19,955.23,311.25,43.68,0,0,2025-12-11 07:00:00,1,1,1
TXN-03-03069,STORE-018,Home & Garden,BrandA,In-Store,UPC-763387966,SKU-HOM-3654,Plant Pot,8,8,4,300.88,153.68,147.2,43.74,6.13,1,0,2025-12-16 01:00:00,1,0,1
TXN-03-02338,STORE-005,Grocery,BrandA,In-Store,UPC-288926520,SKU-GRO-9498,Bread,2,2,1,385.3,240.18,145.12,210.05,17.4,1,0,2025-12-22 03:00:00,1,1,1
TXN-03-02587,STORE-003,Electronics,BrandC,Online,UPC-626334484,SKU-ELE-7032,Speaker,9,9,3,3220.65,1720.65,1500.0,464.35,106.5,0,0,2025-12-25 01:00:00,0,0,1
TXN-03-00142,STORE-020,Electronics,BrandD,In-Store,UPC-280058976,SKU-ELE-2961,Monitor,3,3,0,272.82,130.42,142.4,112.46,21.52,0,0,2025-12-20 11:00:00,1,0,1
TXN-03-03909,STORE-013,Apparel,BrandC,In-Store,UPC-317168790,SKU-APP-6357,Scarf,1,1,1,443.4,265.13,178.27,481.47,38.07,0,0,2025-12-25 07:00:00,1,0,1
TXN-03-05856,STORE-014,Electronics,BrandG,Mobile,UPC-898209279,SKU-ELE-8794,Laptop,3,3,3,110.07,61.12,48.95,45.39,8.7,0,0,2025-12-20 09:00:00,1,1,1
TXN-03-02685,STORE-008,Electronics,BrandF,Online,UPC-479412032,SKU-ELE-6641,Charger,9,9,4,509.13,232.7,276.43,63.12,6.55,0,0,2025-12-10 01:00:00,1,0,1
TXN-03-04124,STORE-017,Electronics,BrandE,Online,UPC-578864988,SKU-ELE-2290,Camera,3,3,3,247.38,114.85,132.53,111.03,28.57,0,0,2025-12-29 12:00:00,0,0,1
TXN-03-02494,STORE-006,Sports,BrandB,In-Store,UPC-834909013,SKU-SPO-7029,Resistance Band,7,7,3,1119.3,773.2,346.1,205.81,45.91,0,0,2025-12-28 04:00:00,1,0,1
TXN-03-03106,STORE-003,Sports,BrandF,Mobile,UPC-324334695,SKU-SPO-3893,Yoga Mat,7,7,1,972.09,594.73,377.36,176.71,37.84,0,0,2025-12-20 05:00:00,1,0,1
TXN-03-02196,STORE-001,Electronics,BrandF,In-Store,UPC-831310675,SKU-ELE-1214,Camera,9,9,0,713.61,358.16,355.45,99.59,20.3,0,0,2025-12-04 01:00:00,1,0,1
TXN-03-00111,STORE-016,Grocery,BrandB,Online,UPC-349448356,SKU-GRO-3579,Bread,9,9,1,269.37,151.86,117.51,33.69,3.76,0,0,2025-12-19 20:00:00,1,0,1
TXN-03-00128,STORE-018,Apparel,BrandF,Mobile,UPC-755110432,SKU-APP-7220,Hat,8,8,4,2409.12,1351.36,1057.76,310.86,9.72,0,0,2025-12-07 23:00:00,1,0,1
TXN-03-03455,STORE-015,Apparel,BrandG,In-Store,UPC-777315283,SKU-APP-7658,T-Shirt,8,8,2,198.16,84.88,113.28,34.56,9.79,0,0,2025-12-01 01:00:00,0,0,1
TXN-03-03003,STORE-009,Grocery,BrandA,In-Store,UPC-380631992,SKU-GRO-2962,Juice,5,5,4,730.5,469.23,261.27,166.14,20.04,0,0,2025-12-22 11:00:00,0,1,1
TXN-03-00880,STORE-016,Home & Garden,BrandD,Online,UPC-229704259,SKU-HOM-8035,Rug,9,9,3,487.08,242.79,244.29,72.61,18.49,0,0,2025-12-21 06:00:00,0,1,1
TXN-03-05607,STORE-012,Home & Garden,BrandA,Mobile,UPC-624101572,SKU-HOM-6477,Cushion,8,8,1,3226.4,1929.88,1296.52,404.41,1.11,0,0,2025-12-21 08:00:00,0,1,1
TXN-03-03894,STORE-015,Home & Garden,BrandA,Online,UPC-594934543,SKU-HOM-9563,Vase,3,3,0,556.92,253.68,303.24,230.33,44.69,0,0,2025-12-04 19:00:00,1,0,1
TXN-03-03433,STORE-001,Electronics,BrandF,In-Store,UPC-370606764,SKU-ELE-7509,Speaker,4,4,3,30.88,15.22,15.66,8.82,1.1,0,0,2025-12-24 07:00:00,0,0,1
TXN-03-03320,STORE-013,Home & Garden,BrandE,Mobile,UPC-364763988,SKU-HOM-1127,Cushion,5,5,2,357.15,261.57,95.58,101.32,29.89,0,0,2025-12-21 09:00:00,0,1,1
TXN-03-01471,STORE-020,Apparel,BrandH,In-Store,UPC-686685444,SKU-APP-9359,Jeans,9,9,1,3262.23,2149.69,1112.54,399.78,37.31,0,0,2025-12-29 15:00:00,0,0,1
TXN-03-04816,STORE-014,Grocery,BrandB,Online,UPC-994736958,SKU-GRO-1430,Coffee,6,6,2,1055.82,752.54,303.28,176.17,0.2,1,0,2025-12-07 00:00:00,1,0,1
TXN-03-06017,STORE-005,Sports,BrandH,Online,UPC-711940833,SKU-SPO-8042,Resistance Band,9,9,0,2531.16,1067.12,1464.04,330.44,49.2,0,0,2025-12-20 07:00:00,1,1,1
TXN-03-06398,STORE-009,Grocery,BrandD,In-Store,UPC-252305259,SKU-GRO-7016,Bread,6,6,4,344.88,247.1,97.78,61.23,3.75,0,0,2025-12-02 00:00:00,1,0,1
TXN-03-00648,STORE-011,Home & Garden,BrandA,Mobile,UPC-451518819,SKU-HOM-7341,Tool Set,9,9,4,2431.98,1821.19,610.79,320.98,50.76,0,0,2025-12-09 22:00:00,1,0,1
TXN-03-02237,STORE-005,Electronics,BrandE,Online,UPC-975777897,SKU-ELE-8925,Tablet,7,7,0,2857.12,1554.67,1302.45,440.29,32.13,0,0,2025-12-30 22:00:00,1,1,1
TXN-03-01412,STORE-012,Apparel,BrandD,Mobile,UPC-683292577,SKU-APP-2723,Jacket,1,1,1,348.3,139.32,208.98,445.25,96.95,0,0,2025-12-19 18:00:00,1,0,1
TXN-03-00601,STORE-013,Grocery,BrandE,Mobile,UPC-220061990,SKU-GRO-4384,Bread,4,4,2,752.52,468.76,283.76,265.52,77.39,0,0,2025-12-22 11:00:00,1,0,1
TXN-03-05099,STORE-020,Sports,BrandE,Mobile,UPC-325283506,SKU-SPO-9976,Resistance Band,7,7,2,1022.98,464.14,558.84,147.91,1.77,0,0,2025-12-16 10:00:00,1,0,1
TXN-03-00911,STORE-006,Apparel,BrandC,Mobile,UPC-748233237,SKU-APP-4874,Scarf,9,9,2,2791.89,1470.04,1321.85,363.48,53.27,0,0,2025-12-30 23:00:00,1,0,1
TXN-03-03198,STORE-016,Apparel,BrandG,Online,UPC-641571372,SKU-APP-6853,Hat,7,7,3,2071.51,865.93,1205.58,328.43,32.5,0,0,2025-12-07 20:00:00,1,0,1
TXN-03-01193,STORE-012,Electronics,BrandB,Online,UPC-760368727,SKU-ELE-8351,Monitor,2,2,3,802.2,520.22,281.98,436.14,35.04,0,0,2025-12-11 17:00:00,0,0,1
TXN-03-01757,STORE-010,Grocery,BrandC,In-Store,UPC-175251759,SKU-GRO-5706,Coffee,4,4,3,1125.96,718.53,407.43,290.51,9.02,0,0,2025-12-19 08:00:00,1,0,1
TXN-03-01588,STORE-005,Apparel,BrandC,In-Store,UPC-545331218,SKU-APP-1819,Socks,1,1,1,74.86,50.35,24.51,75.68,0.82,1,1,2025-12-11 20:00:00,0,1,1
TXN-03-03546,STORE-009,Grocery,BrandD,In-Store,UPC-802662475,SKU-GRO-2791,Pasta,9,9,4,2497.86,1012.12,1485.74,377.72,100.18,0,0,2025-12-26 07:00:00,0,1,1
TXN-03-06227,STORE-020,Electronics,BrandE,In-Store,UPC-988315155,SKU-ELE-3437,Speaker,5,5,2,2277.6,1520.69,756.91,467.04,11.52,0,0,2025-12-08 21:00:00,0,0,1
TXN-03-01409,STORE-008,Apparel,BrandC,In-Store,UPC-737595802,SKU-APP-9849,Hat,6,6,0,2560.32,1548.65,1011.67,445.86,19.14,0,0,2025-12-27 04:00:00,1,1,1
TXN-03-02374,STORE-008,Electronics,BrandC,Mobile,UPC-479947534,SKU-ELE-4274,Speaker,6,6,1,2119.56,1569.63,549.93,416.54,63.28,0,0,2025-12-20 01:00:00,0,0,1
TXN-03-00525,STORE-010,Apparel,BrandB,Mobile,UPC-653164910,SKU-APP-5812,T-Shirt,2,2,3,145.0,60.78,84.22,92.94,20.44,0,0,2025-12-19 14:00:00,1,0,1
TXN-03-03843,STORE-009,Home & Garden,BrandB,Mobile,UPC-812801030,SKU-HOM-1180,Vase,7,7,1,1623.93,1139.32,484.61,312.06,80.07,0,0,2025-12-27 06:00:00,1,1,1
TXN-03-05049,STORE-020,Sports,BrandC,In-Store,UPC-167364276,SKU-SPO-3191,Water Bottle,5,5,0,1374.0,760.07,613.93,337.53,62.73,0,0,2025-12-19 23:00:00,0,1,1
TXN-03-02851,STORE-019,Apparel,BrandG,Online,UPC-911914159,SKU-APP-2484,Shoes,3,3,3,827.28,457.36,369.92,350.48,74.72,0,0,2025-12-11 16:00:00,1,0,1
TXN-03-00985,STORE-006,Sports,BrandG,Mobile,UPC-846805020,SKU-SPO-2716,Water Bottle,2,2,1,587.42,430.47,156.95,300.75,7.04,0,0,2025-12-04 01:00:00,0,1,1
TXN-03-04636,STORE-020,Apparel,BrandE,In-Store,UPC-897007492,SKU-APP-2684,Dress,3,3,2,745.2,510.05,235.15,309.77,61.37,0,0,2025-12-24 00:00:00,0,1,1
TXN-03-03703,STORE-007,Electronics,BrandF,Online,UPC-724968917,SKU-ELE-3594,Camera,2,2,0,773.92,426.71,347.21,416.04,29.08,0,0,2025-12-30 04:00:00,0,0,1
TXN-03-03590,STORE-007,Grocery,BrandF,Mobile,UPC-298651829,SKU-GRO-5962,Coffee,9,9,4,3477.51,1732.68,1744.83,443.32,56.93,0,0,2025-12-02 03:00:00,0,0,1
TXN-03-02580,STORE-004,Grocery,BrandG,Online,UPC-865637154,SKU-GRO-7055,Milk,2,2,4,309.8,151.81,157.99,183.49,28.59,0,0,2025-12-07 03:00:00,0,1,1
TXN-03-05482,STORE-019,Grocery,BrandH,In-Store,UPC-123958790,SKU-GRO-8012,Snack Bar,7,7,2,849.1,346.18,502.92,140.8,19.5,0,0,2025-12-05 13:00:00,0,0,1
TXN-03-04059,STORE-020,Apparel,BrandD,Online,UPC-908354571,SKU-APP-4284,Jacket,8,8,3,2101.76,1544.35,557.41,361.97,99.25,0,0,2025-12-22 04:00:00,1,0,1
TXN-03-05988,STORE-008,Apparel,BrandG,Mobile,UPC-877028049,SKU-APP-6419,Dress,6,6,0,2117.28,853.5,1263.78,387.48,34.6,1,0,2025-12-04 23:00:00,0,0,1
TXN-03-03235,STORE-011,Home & Garden,BrandF,Online,UPC-863051283,SKU-HOM-3554,Plant Pot,7,7,3,948.36,693.16,255.2,153.43,17.95,0,0,2025-12-03 05:00:00,0,0,1
TXN-03-03884,STORE-019,Apparel,BrandH,In-Store,UPC-260296350,SKU-APP-9621,Dress,2,2,3,659.3,371.07,288.23,429.28,99.63,0,0,2025-12-29 18:00:00,1,1,1
TXN-03-03739,STORE-012,Electronics,BrandH,In-Store,UPC-468480701,SKU-ELE-3881,Tablet,8,8,0,2698.0,1634.29,1063.71,413.64,76.39,0,0,2025-12-04 10:00:00,1,1,1
TXN-03-03434,STORE-007,Electronics,BrandE,In-Store,UPC-411676587,SKU-ELE-3894,Camera,1,1,2,87.31,56.95,30.36,105.21,17.9,0,0,2025-12-06 22:00:00,0,0,1
TXN-03-00453,STORE-005,Sports,BrandD,Mobile,UPC-147489473,SKU-SPO-6523,Jersey,9,9,3,3837.33,2167.09,1670.24,451.78,25.41,0,0,2025-12-26 17:00:00,1,0,1
TXN-03-03767,STORE-013,Home & Garden,BrandB,Online,UPC-313639078,SKU-HOM-7091,Vase,1,1,1,391.19,209.28,181.91,444.39,53.2,0,0,2025-12-29 03:00:00,0,0,1
TXN-03-04791,STORE-020,Home & Garden,BrandG,Online,UPC-769062409,SKU-HOM-5642,Plant Pot,2,2,4,80.6,42.15,38.45,43.05,2.75,0,0,2025-12-29 00:00:00,1,0,1
TXN-03-03668,STORE-005,Apparel,BrandE,Online,UPC-927632302,SKU-APP-8107,Dress,7,7,4,602.42,398.61,203.81,117.11,31.05,0,0,2025-12-03 03:00:00,1,0,1
TXN-03-01713,STORE-020,Electronics,BrandF,In-Store,UPC-893799025,SKU-ELE-9570,Laptop,7,7,1,2977.1,1505.24,1471.86,469.2,43.9,0,0,2025-12-21 22:00:00,1,0,1
TXN-03-02828,STORE-007,Apparel,BrandF,Online,UPC-705063396,SKU-APP-7581,Shoes,5,5,4,1309.35,899.61,409.74,308.03,46.16,0,0,2025-12-09 09:00:00,1,0,1
TXN-03-04885,STORE-008,Sports,BrandH,In-Store,UPC-554006785,SKU-SPO-4908,Cap,9,9,1,149.85,90.71,59.14,22.53,5.88,0,0,2025-12-02 20:00:00,1,1,1
TXN-03-04702,STORE-009,Sports,BrandH,Mobile,UPC-880566310,SKU-SPO-4108,Dumbbell,9,9,0,3322.71,1329.63,1993.08,384.42,15.23,0,0,2025-12-25 06:00:00,0,0,1
TXN-03-03277,STORE-013,Electronics,BrandD,Mobile,UPC-777246460,SKU-ELE-1837,Speaker,1,1,2,269.66,132.01,137.65,335.23,65.57,0,0,2025-12-13 22:00:00,1,1,1
TXN-03-05274,STORE-013,Electronics,BrandE,In-Store,UPC-906308835,SKU-ELE-5390,Phone,9,9,3,2781.81,1436.21,1345.6,338.7,29.61,0,0,2025-12-24 04:00:00,1,0,1
TXN-03-02427,STORE-020,Apparel,BrandD,In-Store,UPC-575394705,SKU-APP-7770,Socks,9,9,0,1578.33,845.37,732.96,236.59,61.22,0,0,2025-12-08 04:00:00,0,0,1
TXN-03-00909,STORE-009,Grocery,BrandB,Online,UPC-412275735,SKU-GRO-6303,Juice,9,9,4,1622.88,813.69,809.19,232.49,52.17,0,0,2025-12-27 05:00:00,0,0,1
TXN-03-01002,STORE-004,Sports,BrandA,In-Store,UPC-448008621,SKU-SPO-7450,Running Shoes,5,5,0,513.0,241.02,271.98,106.92,4.32,0,0,2025-12-23 09:00:00,0,0,1
TXN-03-02950,STORE-018,Apparel,BrandC,Mobile,UPC-324268929,SKU-APP-3520,Jeans,7,7,4,232.47,93.44,139.03,40.33,7.12,0,0,2025-12-23 04:00:00,1,0,1
TXN-03-04238,STORE-007,Grocery,BrandA,Online,UPC-367533973,SKU-GRO-1949,Rice,3,3,3,1256.76,935.88,320.88,428.96,10.04,1,0,2025-12-02 14:00:00,1,0,1
TXN-03-05075,STORE-020,Electronics,BrandE,Online,UPC-507881155,SKU-ELE-3046,Phone,4,4,0,652.24,410.03,242.21,199.76,36.7,0,0,2025-12-28 12:00:00,1,0,1
TXN-03-00178,STORE-013,Apparel,BrandE,Online,UPC-582616563,SKU-APP-9901,Hat,4,4,0,1258.44,666.46,591.98,315.23,0.62,0,0,2025-12-04 17:00:00,1,1,1
TXN-03-03520,STORE-006,Home & Garden,BrandB,Mobile,UPC-770718677,SKU-HOM-4541,Rug,3,3,4,359.46,197.11,162.35,133.31,13.49,0,0,2025-12-02 08:00:00,1,0,1
TXN-03-01347,STORE-010,Home & Garden,BrandE,Online,UPC-368119698,SKU-HOM-8435,Plant Pot,5,5,1,1823.25,1259.9,563.35,441.29,76.64,0,0,2025-12-04 06:00:00,1,0,1
TXN-03-06080,STORE-006,Electronics,BrandB,Online,UPC-960945292,SKU-ELE-7714,Phone,9,9,4,1092.33,771.34,320.99,123.01,1.64,0,0,2025-12-29 05:00:00,1,1,1
TXN-03-00331,STORE-011,Home & Garden,BrandE,Online,UPC-709709577,SKU-HOM-9067,Tool Set,9,9,0,3352.59,1940.7,1411.89,435.53,63.02,0,0,2025-12-27 15:00:00,0,0,1
TXN-03-00026,STORE-016,Grocery,BrandD,Mobile,UPC-495667276,SKU-GRO-4982,Juice,4,4,2,435.0,250.6,184.4,145.43,36.68,0,0,2025-12-27 00:00:00,0,0,1
TXN-03-02727,STORE-016,Grocery,BrandG,In-Store,UPC-838895176,SKU-GRO-5997,Juice,5,5,1,679.7,436.22,243.48,148.38,12.44,0,0,2025-12-18 01:00:00,1,0,1
TXN-03-05563,STORE-002,Electronics,BrandC,In-Store,UPC-355196332,SKU-ELE-7082,Tablet,8,8,0,2677.36,1134.26,1543.1,439.43,104.76,0,0,2025-12-13 19:00:00,0,0,1
TXN-03-05149,STORE-019,Apparel,BrandG,In-Store,UPC-523725809,SKU-APP-6433,Shoes,7,7,4,2573.06,1639.14,933.92,455.76,88.18,0,0,2025-12-19 14:00:00,0,0,1
TXN-03-01101,STORE-006,Apparel,BrandF,In-Store,UPC-944197820,SKU-APP-7657,Socks,2,2,1,77.88,47.12,30.76,40.47,1.53,0,0,2025-12-22 11:00:00,0,0,1
TXN-03-00368,STORE-015,Electronics,BrandA,In-Store,UPC-190835812,SKU-ELE-7163,Speaker,4,4,2,1268.48,612.48,656.0,319.09,1.97,0,0,2025-12-05 14:00:00,0,0,1
TXN-03-02838,STORE-007,Sports,BrandE,In-Store,UPC-341348037,SKU-SPO-1139,Dumbbell,5,5,0,1083.5,768.84,314.66,222.32,5.62,0,0,2025-12-17 14:00:00,1,0,1
TXN-03-05657,STORE-017,Home & Garden,BrandF,In-Store,UPC-444099771,SKU-HOM-4792,Chair,5,5,4,1722.0,926.46,795.54,360.53,16.13,0,0,2025-12-28 03:00:00,0,1,1
TXN-03-06230,STORE-015,Apparel,BrandB,In-Store,UPC-131955519,SKU-APP-5293,Socks,3,3,4,1032.66,427.36,605.3,461.93,117.71,1,1,2025-12-25 23:00:00,0,1,1
TXN-03-00566,STORE-002,Sports,BrandC,In-Store,UPC-411100077,SKU-SPO-9691,Resistance Band,8,8,3,1324.08,710.5,613.58,194.21,28.7,0,0,2025-12-11 14:00:00,1,0,1
TXN-03-05592,STORE-006,Apparel,BrandC,In-Store,UPC-250496566,SKU-APP-3818,Scarf,3,3,0,515.31,260.89,254.42,231.41,59.64,0,0,2025-12-21 17:00:00,1,0,1
TXN-03-03986,STORE-019,Electronics,BrandB,Online,UPC-869696475,SKU-ELE-5286,Monitor,5,5,2,1576.1,1142.87,433.23,351.9,36.68,0,0,2025-12-07 21:00:00,1,0,1
TXN-03-00879,STORE-010,Grocery,BrandB,In-Store,UPC-318153402,SKU-GRO-9415,Coffee,7,7,2,2841.37,1286.61,1554.76,434.23,28.32,0,0,2025-12-15 12:00:00,0,1,1
TXN-03-03271,STORE-009,Electronics,BrandA,In-Store,UPC-357758730,SKU-ELE-5857,Camera,9,9,4,3442.59,2534.04,908.55,497.75,115.24,1,0,2025-12-11 06:00:00,1,0,1
TXN-03-03295,STORE-002,Apparel,BrandE,In-Store,UPC-649843737,SKU-APP-2842,Jeans,6,6,4,2469.84,1442.34,1027.5,487.27,75.63,0,0,2025-12-20 18:00:00,1,0,1
TXN-03-05800,STORE-009,Grocery,BrandB,In-Store,UPC-986606570,SKU-GRO-1470,Snack Bar,5,5,1,1950.65,1432.36,518.29,413.96,23.83,0,0,2025-12-23 16:00:00,1,0,1
TXN-03-01699,STORE-019,Home & Garden,BrandC,Mobile,UPC-340256236,SKU-HOM-3295,Chair,5,5,0,1234.3,682.1,552.2,310.7,63.84,0,0,2025-12-09 21:00:00,1,0,1
TXN-03-04445,STORE-016,Grocery,BrandH,Online,UPC-532832691,SKU-GRO-3540,Milk,8,8,1,2215.36,1618.59,596.77,291.66,14.74,0,0,2025-12-21 16:00:00,1,0,1
TXN-03-04926,STORE-007,Home & Garden,BrandC,Mobile,UPC-901294046,SKU-HOM-2682,Plant Pot,9,9,1,431.64,205.29,226.35,61.41,13.45,0,0,2025-12-24 20:00:00,1,1,1
TXN-03-00369,STORE-004,Sports,BrandC,Online,UPC-711546493,SKU-SPO-7660,Jersey,9,9,3,1556.01,1022.77,533.24,220.4,47.51,0,0,2025-12-19 02:00:00,1,1,1
TXN-03-06350,STORE-009,Electronics,BrandF,Online,UPC-718326942,SKU-ELE-5584,Phone,7,7,3,1600.76,957.89,642.87,290.17,61.49,0,0,2025-12-29 23:00:00,1,0,1
TXN-03-01461,STORE-004,Grocery,BrandF,In-Store,UPC-243493674,SKU-GRO-2890,Juice,3,3,2,557.76,332.13,225.63,230.06,44.14,0,0,2025-12-23 05:00:00,0,0,1
TXN-03-05122,STORE-020,Electronics,BrandC,Mobile,UPC-453297510,SKU-ELE-6937,Tablet,6,6,4,1827.24,922.64,904.6,385.47,80.93,0,0,2025-12-22 02:00:00,1,0,1
TXN-03-04900,STORE-018,Home & Garden,BrandC,Mobile,UPC-818527958,SKU-HOM-1699,Chair,9,9,1,2207.88,1478.03,729.85,255.23,9.91,0,0,2025-12-08 20:00:00,1,0,1
TXN-03-04417,STORE-011,Apparel,BrandA,Online,UPC-732923951,SKU-APP-7302,T-Shirt,9,9,0,1838.43,990.19,848.24,226.4,22.13,0,0,2025-12-25 19:00:00,0,0,1
TXN-03-00278,STORE-007,Sports,BrandC,In-Store,UPC-642100816,SKU-SPO-9271,Dumbbell,3,3,3,271.08,144.01,127.07,110.51,20.15,0,0,2025-12-13 16:00:00,0,0,1
TXN-03-04859,STORE-014,Sports,BrandB,Online,UPC-810099667,SKU-SPO-7890,Cap,1,1,1,352.41,159.98,192.43,492.69,140.28,0,0,2025-12-18 03:00:00,1,0,1
TXN-03-05278,STORE-011,Apparel,BrandF,In-Store,UPC-301520403,SKU-APP-3400,Jeans,1,1,1,138.44,75.0,63.44,195.92,57.48,0,0,2025-12-16 05:00:00,1,0,1
TXN-03-05994,STORE-008,Grocery,BrandB,Online,UPC-780596847,SKU-GRO-5437,Juice,8,8,0,1276.96,899.7,377.26,172.54,12.92,0,0,2025-12-15 13:00:00,0,0,1
TXN-03-04403,STORE-018,Grocery,BrandA,Online,UPC-324438087,SKU-GRO-1595,Snack Bar,4,4,4,1046.6,712.09,334.51,357.79,96.14,1,0,2025-12-04 22:00:00,1,1,1
TXN-03-03080,STORE-019,Electronics,BrandG,Mobile,UPC-390389004,SKU-ELE-4479,Monitor,5,5,2,1339.8,678.86,660.94,285.3,17.34,0,0,2025-12-07 02:00:00,0,0,1
TXN-03-03445,STORE-006,Apparel,BrandC,In-Store,UPC-276975895,SKU-APP-7519,Scarf,5,5,3,1218.55,814.05,404.5,304.04,60.33,0,0,2025-12-02 22:00:00,1,0,1
TXN-03-06294,STORE-015,Apparel,BrandB,In-Store,UPC-129379588,SKU-APP-4676,Jacket,5,5,4,2148.2,1127.71,1020.49,448.09,18.45,0,0,2025-12-02 13:00:00,1,0,1
TXN-03-04489,STORE-020,Sports,BrandD,In-Store,UPC-285389528,SKU-SPO-6901,Running Shoes,5,5,0,171.4,70.37,101.03,36.99,2.71,1,0,2025-12-01 23:00:00,1,0,1
TXN-03-03017,STORE-003,Sports,BrandD,Online,UPC-305836366,SKU-SPO-6039,Dumbbell,6,6,0,1710.0,972.61,737.39,305.17,20.17,0,0,2025-12-09 03:00:00,0,0,1
TXN-03-05651,STORE-001,Electronics,BrandH,In-Store,UPC-665821598,SKU-ELE-6813,Speaker,3,3,3,849.96,637.35,212.61,396.0,112.68,0,0,2025-12-12 13:00:00,0,0,1
TXN-03-01536,STORE-004,Sports,BrandA,Mobile,UPC-785905331,SKU-SPO-9940,Jersey,7,7,3,2475.9,1182.69,1293.21,454.46,100.76,0,0,2025-12-22 00:00:00,1,0,1
TXN-03-04450,STORE-017,Sports,BrandA,In-Store,UPC-142123395,SKU-SPO-4799,Jersey,5,5,4,653.1,326.36,326.74,177.39,46.77,0,0,2025-12-19 12:00:00,1,0,1
TXN-03-04576,STORE-019,Grocery,BrandA,In-Store,UPC-513934791,SKU-GRO-5163,Pasta,6,6,4,1478.16,792.54,685.62,347.65,101.29,0,0,2025-12-30 02:00:00,0,1,1
TXN-03-05171,STORE-001,Home & Garden,BrandE,In-Store,UPC-737246697,SKU-HOM-4323,Cushion,3,3,4,15.78,7.15,8.63,7.43,2.17,0,0,2025-12-11 14:00:00,1,1,1
TXN-03-04204,STORE-017,Electronics,BrandF,Online,UPC-499545063,SKU-ELE-4508,Camera,8,8,0,3668.08,2600.96,1067.12,481.54,23.03,0,0,2025-12-03 21:00:00,1,0,1
TXN-03-02649,STORE-007,Electronics,BrandF,Online,UPC-593916587,SKU-ELE-9026,Charger,9,9,3,2249.73,1493.02,756.71,293.24,43.27,0,0,2025-12-19 07:00:00,0,0,1
TXN-03-06186,STORE-013,Home & Garden,BrandE,Online,UPC-816257170,SKU-HOM-3232,Lamp,2,2,0,895.46,488.28,407.18,478.6,30.87,0,0,2025-12-24 03:00:00,1,0,1
TXN-03-01560,STORE-018,Apparel,BrandH,In-Store,UPC-261244350,SKU-APP-7963,Scarf,9,9,3,2370.51,959.56,1410.95,353.35,89.96,0,0,2025-12-16 09:00:00,1,1,1
TXN-03-03877,STORE-007,Electronics,BrandF,Online,UPC-847440471,SKU-ELE-5796,Monitor,5,5,4,1395.25,916.85,478.4,356.74,77.69,0,0,2025-12-26 18:00:00,1,0,1
TXN-03-03577,STORE-009,Sports,BrandG,Online,UPC-233822196,SKU-SPO-2963,Yoga Mat,4,4,1,451.24,287.65,163.59,124.32,11.51,0,0,2025-12-05 07:00:00,0,0,1
TXN-03-04397,STORE-001,Home & Garden,BrandB,In-Store,UPC-367652857,SKU-HOM-1183,Chair,1,1,2,461.07,336.05,125.02,478.91,17.84,0,0,2025-12-11 15:00:00,1,0,1
TXN-03-06313,STORE-012,Apparel,BrandC,In-Store,UPC-725544197,SKU-APP-6527,Scarf,1,1,2,90.3,55.24,35.06,114.6,24.3,0,0,2025-12-12 20:00:00,0,0,1
TXN-03-02715,STORE-019,Home & Garden,BrandE,In-Store,UPC-396539441,SKU-HOM-6651,Plant Pot,6,6,3,1035.6,457.73,577.87,203.18,30.58,0,0,2025-12-15 17:00:00,0,0,1
TXN-03-16414,STORE-004,Electronics,BrandC,Mobile,UPC-171537803,SKU-ELE-8969,Tablet,5,5,4,322.25,204.93,117.32,72.88,8.43,0,0,2025-12-26 08:00:00,1,1,1
TXN-03-05738,STORE-011,Apparel,BrandE,Online,UPC-873169163,SKU-APP-5832,Scarf,3,3,4,1051.41,766.27,285.14,392.19,41.72,0,0,2025-12-04 23:00:00,1,0,1
TXN-03-00815,STORE-007,Electronics,BrandD,In-Store,UPC-519932051,SKU-ELE-3589,Monitor,1,1,2,133.1,63.13,69.97,145.25,12.15,0,0,2025-12-04 17:00:00,1,0,1
TXN-03-04802,STORE-004,Grocery,BrandD,In-Store,UPC-825283336,SKU-GRO-2722,Milk,2,2,2,668.6,268.64,399.96,444.42,110.12,0,0,2025-12-28 01:00:00,0,0,1
TXN-03-04288,STORE-010,Apparel,BrandC,Online,UPC-952199855,SKU-APP-7525,Socks,3,3,3,165.78,88.64,77.14,76.23,20.97,0,0,2025-12-11 00:00:00,1,0,1
TXN-03-02696,STORE-006,Home & Garden,BrandD,Online,UPC-411388141,SKU-HOM-5355,Cushion,3,3,1,705.54,283.55,421.99,250.97,15.79,0,0,2025-12-05 11:00:00,0,0,1
TXN-03-05484,STORE-017,Apparel,BrandC,In-Store,UPC-750779725,SKU-APP-3013,Jacket,7,7,0,122.64,65.08,57.56,20.88,3.36,0,0,2025-12-21 21:00:00,1,0,1
TXN-03-03392,STORE-013,Electronics,BrandE,Mobile,UPC-891340560,SKU-ELE-6423,Laptop,5,5,2,1114.6,502.28,612.32,311.9,88.98,0,0,2025-12-14 12:00:00,1,1,1
TXN-03-04901,STORE-019,Home & Garden,BrandE,Online,UPC-642012697,SKU-HOM-3610,Plant Pot,9,9,4,3027.69,1969.22,1058.47,388.65,52.24,0,0,2025-12-20 10:00:00,1,0,1
TXN-03-16401,STORE-002,Home & Garden,BrandF,Online,UPC-316882017,SKU-HOM-3439,Chair,2,2,0,676.32,461.9,214.42,404.56,66.4,0,0,2025-12-15 01:00:00,0,0,1
TXN-03-00539,STORE-010,Apparel,BrandF,In-Store,UPC-848508448,SKU-APP-8208,Socks,1,1,2,5.11,2.2,2.91,5.75,0.64,0,0,2025-12-02 18:00:00,1,0,1
TXN-03-00757,STORE-007,Sports,BrandH,Online,UPC-484685586,SKU-SPO-4857,Jersey,2,2,1,690.04,321.3,368.74,350.74,5.72,0,0,2025-12-23 13:00:00,1,1,1
TXN-03-03407,STORE-009,Electronics,BrandH,In-Store,UPC-267946666,SKU-ELE-9817,Phone,3,3,3,1047.39,611.05,436.34,488.36,139.23,0,0,2025-12-01 09:00:00,0,0,1
TXN-03-01504,STORE-017,Electronics,BrandE,In-Store,UPC-904227522,SKU-ELE-8536,Tablet,1,1,2,218.09,104.65,113.44,280.59,62.5,0,0,2025-12-30 20:00:00,0,0,1
TXN-03-00329,STORE-012,Home & Garden,BrandB,Online,UPC-784832554,SKU-HOM-4238,Cushion,4,4,2,245.24,164.36,80.88,62.74,1.43,0,0,2025-12-08 10:00:00,1,1,1
TXN-03-02309,STORE-020,Electronics,BrandC,In-Store,UPC-500155324,SKU-ELE-2489,Speaker,6,6,0,648.12,355.08,293.04,109.21,1.19,0,0,2025-12-22 18:00:00,0,1,1
TXN-03-01464,STORE-004,Sports,BrandD,Online,UPC-115050217,SKU-SPO-1159,Yoga Mat,6,6,0,2092.92,1407.97,684.95,350.16,1.34,0,0,2025-12-10 02:00:00,1,0,1
TXN-03-01119,STORE-010,Electronics,BrandA,Mobile,UPC-110982917,SKU-ELE-9357,Laptop,2,2,1,230.58,94.95,135.63,162.94,47.65,0,0,2025-12-26 13:00:00,0,0,1
TXN-03-03376,STORE-014,Home & Garden,BrandC,In-Store,UPC-266924509,SKU-HOM-6706,Hose,9,9,2,1525.05,845.15,679.9,192.26,22.81,0,0,2025-12-22 08:00:00,1,0,1
TXN-03-04631,STORE-003,Electronics,BrandG,Online,UPC-480408876,SKU-ELE-6275,Tablet,4,4,2,1044.08,424.87,619.21,275.13,14.11,0,0,2025-12-29 08:00:00,1,0,1
TXN-03-02518,STORE-002,Electronics,BrandH,Online,UPC-239348580,SKU-ELE-1093,Headphones,4,4,3,923.04,688.61,234.43,285.66,54.9,0,0,2025-12-24 09:00:00,0,1,1
TXN-03-00560,STORE-008,Sports,BrandH,Online,UPC-464274781,SKU-SPO-9297,Running Shoes,5,5,4,864.55,385.33,479.22,211.53,38.62,1,0,2025-12-08 12:00:00,1,0,1
TXN-03-03845,STORE-016,Grocery,BrandA,Online,UPC-168484398,SKU-GRO-6929,Coffee,9,9,0,1247.22,823.85,423.37,147.58,9.0,0,0,2025-12-20 11:00:00,0,1,1
TXN-03-05671,STORE-008,Apparel,BrandF,Mobile,UPC-760276899,SKU-APP-3384,Jeans,5,5,4,1762.95,1108.62,654.33,461.19,108.6,0,0,2025-12-26 15:00:00,1,0,1
TXN-03-00468,STORE-005,Home & Garden,BrandB,In-Store,UPC-734253484,SKU-HOM-9794,Vase,3,3,3,1065.57,597.14,468.43,395.52,40.33,0,0,2025-12-30 15:00:00,1,1,1
TXN-03-04188,STORE-012,Apparel,BrandC,Online,UPC-362448533,SKU-APP-3004,Shoes,8,8,3,2454.56,1614.48,840.08,358.38,51.56,0,0,2025-12-23 10:00:00,0,0,1
TXN-03-06101,STORE-003,Home & Garden,BrandE,In-Store,UPC-970787681,SKU-HOM-8393,Chair,6,6,1,2057.46,1106.83,950.63,370.94,28.03,0,0,2025-12-10 16:00:00,1,0,1
TXN-03-00482,STORE-009,Electronics,BrandD,In-Store,UPC-409171153,SKU-ELE-5979,Monitor,1,1,0,134.52,88.88,45.64,175.51,40.99,0,0,2025-12-29 20:00:00,1,0,1
TXN-03-00488,STORE-012,Grocery,BrandB,Mobile,UPC-827811536,SKU-GRO-1270,Rice,7,7,0,1938.79,1127.74,811.05,323.21,46.24,0,0,2025-12-25 23:00:00,1,0,1
TXN-03-00288,STORE-002,Apparel,BrandD,In-Store,UPC-458100620,SKU-APP-1303,Dress,3,3,3,662.22,316.73,345.49,245.45,24.71,0,0,2025-12-21 15:00:00,1,0,1
TXN-03-05085,STORE-005,Grocery,BrandH,Mobile,UPC-558687535,SKU-GRO-3071,Rice,5,5,2,176.7,82.37,94.33,35.7,0.36,0,0,2025-12-10 11:00:00,0,0,1
TXN-03-03083,STORE-015,Electronics,BrandE,Online,UPC-591062652,SKU-ELE-1720,Headphones,3,3,3,249.42,108.02,141.4,113.01,29.87,0,0,2025-12-10 14:00:00,1,1,1
TXN-03-03769,STORE-011,Sports,BrandC,In-Store,UPC-762591184,SKU-SPO-3293,Yoga Mat,2,2,4,106.66,69.86,36.8,69.91,16.58,0,0,2025-12-24 08:00:00,1,1,1
TXN-03-04405,STORE-012,Apparel,BrandA,Mobile,UPC-318693415,SKU-APP-9228,Jeans,9,9,2,1280.43,732.85,547.58,147.39,5.12,0,0,2025-12-05 22:00:00,0,1,1
TXN-03-04051,STORE-003,Sports,BrandB,Mobile,UPC-542337680,SKU-SPO-2159,Running Shoes,1,1,0,190.62,106.46,84.16,221.54,30.92,0,0,2025-12-25 06:00:00,1,0,1
TXN-03-04533,STORE-002,Home & Garden,BrandC,In-Store,UPC-410676648,SKU-HOM-6122,Plant Pot,7,7,3,1808.17,812.1,996.07,336.98,78.67,0,0,2025-12-04 18:00:00,1,0,1
TXN-03-00873,STORE-012,Home & Garden,BrandG,In-Store,UPC-673427989,SKU-HOM-7184,Hose,6,6,3,2454.42,1119.72,1334.7,449.34,40.27,0,0,2025-12-04 15:00:00,0,0,1
TXN-03-06381,STORE-014,Apparel,BrandC,Mobile,UPC-540977358,SKU-APP-8589,Hat,8,8,0,1450.08,793.63,656.45,228.43,47.17,0,0,2025-12-25 15:00:00,1,0,1
TXN-03-04517,STORE-005,Grocery,BrandC,Mobile,UPC-694836728,SKU-GRO-7716,Coffee,1,1,1,255.79,172.45,83.34,291.14,35.35,1,0,2025-12-17 23:00:00,1,0,1
TXN-03-03775,STORE-001,Sports,BrandD,Online,UPC-204211703,SKU-SPO-1925,Cap,5,5,0,1702.0,1139.57,562.43,396.39,55.99,0,0,2025-12-07 16:00:00,1,1,1
TXN-03-00441,STORE-012,Grocery,BrandH,Mobile,UPC-658507397,SKU-GRO-6819,Cereal,4,4,0,1169.24,862.81,306.43,378.96,86.65,0,0,2025-12-22 00:00:00,0,1,1
TXN-03-01521,STORE-005,Grocery,BrandB,Online,UPC-121762575,SKU-GRO-1527,Coffee,8,8,0,2801.2,1844.39,956.81,436.24,86.09,0,0,2025-12-25 17:00:00,1,0,1
TXN-03-03130,STORE-016,Grocery,BrandD,In-Store,UPC-266265653,SKU-GRO-6842,Bread,6,6,2,1388.7,675.12,713.58,310.97,79.52,0,0,2025-12-02 20:00:00,1,1,1
TXN-03-05505,STORE-006,Electronics,BrandH,Online,UPC-454327296,SKU-ELE-3625,Phone,2,2,0,251.32,113.27,138.05,159.63,33.97,0,0,2025-12-29 21:00:00,1,0,1
TXN-03-03383,STORE-009,Home & Garden,BrandA,In-Store,UPC-838187821,SKU-HOM-4168,Tool Set,4,4,1,1114.0,673.18,440.82,350.38,71.88,1,0,2025-12-13 05:00:00,1,0,1
TXN-03-04550,STORE-005,Sports,BrandD,In-Store,UPC-327935865,SKU-SPO-2152,Jersey,8,8,2,3156.56,2168.14,988.42,441.07,46.5,0,0,2025-12-10 09:00:00,1,0,1
TXN-03-04883,STORE-011,Grocery,BrandG,Mobile,UPC-264724668,SKU-GRO-3353,Juice,2,2,4,849.5,505.8,343.7,483.0,58.25,0,0,2025-12-09 20:00:00,0,1,1
TXN-03-02208,STORE-006,Home & Garden,BrandE,Online,UPC-255903338,SKU-HOM-5416,Vase,7,7,0,536.2,227.8,308.4,106.56,29.96,1,1,2025-12-07 04:00:00,1,0,1
TXN-03-02107,STORE-020,Sports,BrandC,Mobile,UPC-527996986,SKU-SPO-2144,Yoga Mat,3,3,3,1081.89,657.85,424.04,421.84,61.21,0,0,2025-12-02 08:00:00,1,0,1
TXN-03-00059,STORE-015,Sports,BrandB,Mobile,UPC-306778705,SKU-SPO-9557,Water Bottle,7,7,0,1136.1,841.69,294.41,176.64,14.34,0,0,2025-12-19 07:00:00,1,0,1
TXN-03-03023,STORE-019,Sports,BrandH,Online,UPC-275002560,SKU-SPO-8011,Resistance Band,9,9,1,611.46,354.73,256.73,90.79,22.85,0,0,2025-12-06 20:00:00,0,1,1
TXN-03-05997,STORE-016,Grocery,BrandD,In-Store,UPC-580056589,SKU-GRO-2687,Bread,7,7,1,2534.28,1623.78,910.5,430.12,68.08,0,0,2025-12-24 14:00:00,1,0,1
TXN-03-05133,STORE-013,Home & Garden,BrandE,Online,UPC-743775733,SKU-HOM-5979,Rug,9,9,1,558.54,333.12,225.42,67.61,5.55,0,0,2025-12-26 19:00:00,1,0,1
TXN-03-01942,STORE-010,Grocery,BrandC,In-Store,UPC-960727762,SKU-GRO-6360,Rice,7,7,4,1838.27,1190.98,647.29,291.01,28.4,0,0,2025-12-05 03:00:00,1,0,1
TXN-03-03899,STORE-004,Grocery,BrandC,Online,UPC-415045010,SKU-GRO-2003,Juice,4,4,3,362.44,251.82,110.62,115.11,24.5,0,0,2025-12-19 23:00:00,0,1,1
TXN-03-03952,STORE-012,Grocery,BrandF,In-Store,UPC-585553283,SKU-GRO-3489,Bread,1,1,4,168.54,97.42,71.12,192.03,23.49,0,0,2025-12-14 15:00:00,0,0,1
TXN-03-02714,STORE-018,Grocery,BrandH,In-Store,UPC-358617984,SKU-GRO-7290,Rice,8,8,1,111.6,70.11,41.49,14.85,0.9,0,0,2025-12-09 03:00:00,1,0,1
TXN-03-06362,STORE-019,Electronics,BrandB,In-Store,UPC-700102649,SKU-ELE-4057,Camera,8,8,0,3079.12,2009.64,1069.48,439.49,54.6,0,0,2025-12-02 14:00:00,1,1,1
TXN-03-06092,STORE-011,Electronics,BrandD,Online,UPC-916366993,SKU-ELE-9877,Tablet,6,6,4,768.18,476.4,291.78,142.43,14.4,0,0,2025-12-23 02:00:00,0,0,1
TXN-03-04671,STORE-008,Sports,BrandA,Online,UPC-402716742,SKU-SPO-5747,Jersey,8,8,3,1285.76,850.17,435.59,172.23,11.51,0,0,2025-12-11 18:00:00,1,1,1
TXN-03-06142,STORE-001,Electronics,BrandA,Online,UPC-362810643,SKU-ELE-5374,Phone,4,4,1,208.16,155.77,52.39,60.1,8.06,0,0,2025-12-13 14:00:00,1,0,1
TXN-03-05688,STORE-003,Home & Garden,BrandG,Online,UPC-300210750,SKU-HOM-1751,Lamp,1,1,1,55.35,24.69,30.66,77.83,22.48,0,0,2025-12-22 08:00:00,1,0,1
TXN-03-02496,STORE-005,Sports,BrandC,In-Store,UPC-833942906,SKU-SPO-1149,Backpack,2,2,0,495.12,324.15,170.97,263.86,16.3,0,0,2025-12-20 23:00:00,0,0,1
TXN-03-03012,STORE-020,Electronics,BrandG,In-Store,UPC-681947218,SKU-ELE-7652,Laptop,4,4,2,841.16,484.6,356.56,235.7,25.41,0,0,2025-12-20 03:00:00,1,0,1
TXN-03-02802,STORE-005,Electronics,BrandC,In-Store,UPC-772273139,SKU-ELE-6236,Tablet,5,5,4,1723.05,768.13,954.92,393.73,49.12,0,0,2025-12-13 05:00:00,1,0,1
TXN-03-05649,STORE-017,Apparel,BrandA,Online,UPC-908346513,SKU-APP-2592,Jeans,4,4,2,1302.64,932.98,369.66,428.98,103.32,0,0,2025-12-20 19:00:00,1,0,1
TXN-03-01874,STORE-008,Electronics,BrandF,In-Store,UPC-230195660,SKU-ELE-5122,Speaker,6,6,1,1333.86,936.74,397.12,256.42,34.11,0,0,2025-12-04 16:00:00,1,1,1
TXN-03-04668,STORE-017,Apparel,BrandH,In-Store,UPC-285713082,SKU-APP-1049,Shoes,4,4,0,1221.96,760.47,461.49,386.27,80.78,0,0,2025-12-08 03:00:00,0,0,1
TXN-03-04609,STORE-017,Apparel,BrandE,Online,UPC-958851939,SKU-APP-5543,Scarf,6,6,4,2271.24,1700.49,570.75,408.69,30.15,0,0,2025-12-06 15:00:00,0,0,1
TXN-03-05054,STORE-012,Home & Garden,BrandF,In-Store,UPC-272550056,SKU-HOM-5168,Cushion,1,1,2,122.37,51.0,71.37,131.93,9.56,0,0,2025-12-22 08:00:00,0,1,1
TXN-03-03098,STORE-005,Home & Garden,BrandD,In-Store,UPC-931172255,SKU-HOM-3382,Chair,1,1,1,306.83,145.57,161.26,350.2,43.37,0,0,2025-12-26 12:00:00,1,0,1
TXN-03-05298,STORE-012,Grocery,BrandE,In-Store,UPC-130740991,SKU-GRO-5295,Pasta,6,6,4,911.7,370.94,540.76,216.49,64.54,0,0,2025-12-06 11:00:00,1,1,1
TXN-03-01573,STORE-003,Electronics,BrandF,Mobile,UPC-925127267,SKU-ELE-2913,Charger,9,9,0,2291.58,1001.12,1290.46,279.52,24.9,0,0,2025-12-27 19:00:00,1,0,1
TXN-03-01286,STORE-005,Apparel,BrandG,In-Store,UPC-533050143,SKU-APP-3558,Jacket,7,7,1,503.02,320.72,182.3,83.8,11.94,0,0,2025-12-13 07:00:00,1,0,1
TXN-03-03070,STORE-011,Electronics,BrandD,Online,UPC-116722968,SKU-ELE-4782,Charger,1,1,0,406.74,174.52,232.22,432.49,25.75,0,0,2025-12-08 09:00:00,1,0,1
TXN-03-05938,STORE-012,Sports,BrandH,Online,UPC-409262522,SKU-SPO-6833,Jersey,3,3,2,328.41,217.55,110.86,137.45,27.98,0,0,2025-12-21 20:00:00,0,0,1
TXN-03-04225,STORE-001,Sports,BrandE,Online,UPC-250498396,SKU-SPO-2756,Yoga Mat,7,7,0,2353.68,1199.88,1153.8,423.28,87.04,0,0,2025-12-28 03:00:00,0,1,1
TXN-03-01659,STORE-019,Electronics,BrandH,Online,UPC-264143945,SKU-ELE-2656,Charger,5,5,0,913.55,605.11,308.44,207.96,25.25,0,0,2025-12-05 02:00:00,0,0,1
TXN-03-00340,STORE-011,Grocery,BrandB,In-Store,UPC-610396141,SKU-GRO-8296,Cereal,4,4,0,692.92,389.85,303.07,236.37,63.14,0,0,2025-12-22 17:00:00,0,0,1
TXN-03-04458,STORE-015,Apparel,BrandB,Online,UPC-217800941,SKU-APP-1840,Shoes,5,5,2,1767.5,720.32,1047.18,457.77,104.27,0,0,2025-12-12 12:00:00,1,0,1
TXN-03-02385,STORE-001,Grocery,BrandH,In-Store,UPC-814347475,SKU-GRO-7871,Coffee,2,2,0,204.26,92.03,112.23,135.46,33.33,0,0,2025-12-12 05:00:00,0,0,1
TXN-03-00104,STORE-015,Home & Garden,BrandD,Mobile,UPC-190883077,SKU-HOM-1442,Tool Set,9,9,0,987.39,499.53,487.86,121.34,11.63,0,0,2025-12-17 08:00:00,1,0,1
TXN-03-02982,STORE-015,Apparel,BrandG,In-Store,UPC-402993305,SKU-APP-6800,Jeans,3,3,2,332.31,137.03,195.28,145.67,34.9,0,0,2025-12-23 22:00:00,0,0,1
TXN-03-01563,STORE-012,Sports,BrandB,In-Store,UPC-528300619,SKU-SPO-9657,Backpack,8,8,1,2735.6,1605.12,1130.48,395.27,53.32,0,0,2025-12-22 15:00:00,1,0,1
TXN-03-00869,STORE-008,Electronics,BrandD,In-Store,UPC-575865929,SKU-ELE-7062,Tablet,2,2,0,564.3,273.09,291.21,396.52,114.37,0,0,2025-12-30 15:00:00,1,0,1
TXN-03-03039,STORE-006,Home & Garden,BrandH,Online,UPC-461482245,SKU-HOM-9426,Vase,4,4,3,895.64,601.21,294.43,257.25,33.34,0,0,2025-12-19 11:00:00,1,0,1
TXN-03-05762,STORE-013,Sports,BrandF,Mobile,UPC-536287270,SKU-SPO-2696,Cap,8,8,3,274.88,175.31,99.57,41.41,7.05,0,0,2025-12-25 12:00:00,1,0,1
TXN-03-00876,STORE-013,Electronics,BrandA,In-Store,UPC-744049690,SKU-ELE-8752,Charger,4,4,0,1052.88,626.7,426.18,307.56,44.34,0,0,2025-12-23 19:00:00,1,0,1
TXN-03-01397,STORE-005,Home & Garden,BrandH,Online,UPC-638068692,SKU-HOM-3408,Plant Pot,4,4,3,307.6,202.91,104.69,105.43,28.53,0,0,2025-12-25 15:00:00,1,1,1
TXN-03-04106,STORE-010,Grocery,BrandB,Mobile,UPC-154933181,SKU-GRO-3230,Coffee,5,5,3,1205.1,498.99,706.11,253.96,12.94,0,0,2025-12-28 15:00:00,0,1,1
TXN-03-02248,STORE-001,Sports,BrandF,In-Store,UPC-459297681,SKU-SPO-8578,Dumbbell,8,8,0,1296.4,875.58,420.82,189.36,27.31,1,0,2025-12-02 15:00:00,1,0,1
TXN-03-01944,STORE-016,Electronics,BrandC,Online,UPC-714231472,SKU-ELE-6799,Headphones,5,5,4,146.15,89.61,56.54,40.0,10.77,0,0,2025-12-02 08:00:00,1,1,1
TXN-03-03443,STORE-006,Home & Garden,BrandB,In-Store,UPC-487706506,SKU-HOM-8984,Hose,3,3,0,352.65,208.03,144.62,141.25,23.7,0,0,2025-12-04 03:00:00,0,0,1
TXN-03-03615,STORE-003,Home & Garden,BrandH,Mobile,UPC-138512023,SKU-HOM-8642,Plant Pot,9,9,3,2060.64,1498.36,562.28,300.24,71.28,0,0,2025-12-03 18:00:00,1,0,1
TXN-03-04639,STORE-020,Apparel,BrandG,Mobile,UPC-368241163,SKU-APP-6768,Hat,2,2,0,471.5,284.53,186.97,257.03,21.28,0,0,2025-12-17 00:00:00,0,1,1
TXN-03-02815,STORE-018,Apparel,BrandB,Online,UPC-321553757,SKU-APP-9683,T-Shirt,2,2,1,866.96,386.04,480.92,456.82,23.34,0,0,2025-12-13 03:00:00,1,0,1
TXN-03-00582,STORE-006,Home & Garden,BrandC,Online,UPC-929658180,SKU-HOM-9519,Vase,2,2,3,440.88,189.21,251.67,243.11,22.67,1,0,2025-12-23 16:00:00,1,1,1
TXN-03-02939,STORE-003,Electronics,BrandH,Mobile,UPC-579135494,SKU-ELE-2096,Phone,1,1,3,81.11,43.56,37.55,84.1,2.99,0,0,2025-12-30 21:00:00,1,0,1
TXN-03-01194,STORE-005,Electronics,BrandC,Online,UPC-482917240,SKU-ELE-4202,Charger,1,1,2,104.06,57.44,46.62,122.01,17.95,0,0,2025-12-23 21:00:00,0,0,1
TXN-03-05025,STORE-015,Apparel,BrandF,Online,UPC-117114941,SKU-APP-9492,Scarf,9,9,1,3354.03,1639.85,1714.18,421.41,48.74,0,0,2025-12-14 04:00:00,1,0,1
TXN-03-05658,STORE-019,Grocery,BrandF,In-Store,UPC-789149839,SKU-GRO-5445,Coffee,1,1,1,42.71,20.86,21.85,44.1,1.39,0,0,2025-12-29 21:00:00,0,0,1
TXN-03-05782,STORE-009,Sports,BrandH,Mobile,UPC-329750741,SKU-SPO-1651,Backpack,5,5,2,1571.6,937.55,634.05,426.37,112.05,0,0,2025-12-04 11:00:00,1,0,1
TXN-03-01152,STORE-010,Electronics,BrandE,Online,UPC-619999068,SKU-ELE-5695,Headphones,2,2,1,486.48,241.53,244.95,317.5,74.26,0,0,2025-12-05 11:00:00,1,0,1
TXN-03-05880,STORE-001,Grocery,BrandD,Online,UPC-208513867,SKU-GRO-5703,Milk,9,9,4,3647.43,1902.7,1744.73,459.59,54.32,0,0,2025-12-16 13:00:00,1,0,1
TXN-03-01654,STORE-018,Home & Garden,BrandB,Online,UPC-989195467,SKU-HOM-5315,Chair,1,1,1,66.54,36.6,29.94,92.39,25.85,0,0,2025-12-26 05:00:00,1,1,1
TXN-03-01123,STORE-003,Electronics,BrandB,In-Store,UPC-706140398,SKU-ELE-1823,Tablet,6,6,4,1072.02,749.91,322.11,220.8,42.13,0,0,2025-12-19 14:00:00,1,0,1
TXN-03-02698,STORE-016,Sports,BrandB,Online,UPC-591020748,SKU-SPO-7459,Jersey,7,7,0,2361.8,1389.74,972.06,421.72,84.32,0,0,2025-12-07 21:00:00,0,0,1
TXN-03-06271,STORE-014,Sports,BrandA,In-Store,UPC-814400194,SKU-SPO-8247,Resistance Band,3,3,4,1491.42,871.14,620.28,499.33,2.19,0,0,2025-12-10 22:00:00,0,0,1
TXN-03-01751,STORE-001,Home & Garden,BrandD,In-Store,UPC-587322639,SKU-HOM-1869,Lamp,7,7,0,3031.63,2235.52,796.11,449.13,16.04,0,0,2025-12-19 11:00:00,1,1,1
TXN-03-00089,STORE-011,Sports,BrandD,In-Store,UPC-937899125,SKU-SPO-1444,Yoga Mat,7,7,2,2665.18,1916.31,748.87,380.93,0.19,0,0,2025-12-14 12:00:00,1,1,1
TXN-03-04356,STORE-018,Electronics,BrandD,In-Store,UPC-231813912,SKU-ELE-6484,Headphones,1,1,0,242.36,106.08,136.28,256.42,14.06,0,0,2025-12-25 19:00:00,0,0,1
TXN-03-04708,STORE-014,Apparel,BrandC,Online,UPC-171479216,SKU-APP-4684,Socks,7,7,4,2970.03,1573.01,1397.02,439.88,15.59,0,0,2025-12-06 03:00:00,0,0,1
TXN-03-05685,STORE-013,Apparel,BrandE,In-Store,UPC-344035930,SKU-APP-7174,Jeans,5,5,3,860.2,401.92,458.28,213.04,41.0,0,0,2025-12-18 13:00:00,0,0,1
TXN-03-00592,STORE-010,Grocery,BrandA,Mobile,UPC-987361370,SKU-GRO-1304,Bread,5,5,4,1113.3,708.94,404.36,311.15,88.49,0,0,2025-12-21 00:00:00,1,1,1
TXN-03-01716,STORE-004,Electronics,BrandA,In-Store,UPC-580990161,SKU-ELE-6721,Phone,8,8,3,2022.4,921.55,1100.85,348.12,95.32,0,0,2025-12-29 12:00:00,1,0,1
TXN-03-06282,STORE-002,Apparel,BrandG,Online,UPC-590600384,SKU-APP-4781,Socks,1,1,3,373.48,247.2,126.28,463.12,89.64,0,0,2025-12-12 01:00:00,0,0,1
TXN-03-05063,STORE-002,Home & Garden,BrandF,In-Store,UPC-627470169,SKU-HOM-3407,Chair,1,1,0,100.65,48.86,51.79,131.16,30.51,0,0,2025-12-25 10:00:00,0,0,1
TXN-03-00214,STORE-017,Sports,BrandB,In-Store,UPC-161128299,SKU-SPO-3726,Running Shoes,4,4,0,673.2,462.41,210.79,240.12,71.82,0,0,2025-12-25 20:00:00,0,1,1
TXN-03-01975,STORE-002,Electronics,BrandB,In-Store,UPC-434517298,SKU-ELE-5751,Laptop,4,4,2,328.36,154.25,174.11,89.08,6.99,0,0,2025-12-17 07:00:00,1,0,1
TXN-03-02137,STORE-019,Sports,BrandH,In-Store,UPC-866634664,SKU-SPO-5792,Dumbbell,4,4,0,1523.16,733.34,789.82,476.69,95.9,0,0,2025-12-06 01:00:00,1,1,1
TXN-03-00198,STORE-017,Electronics,BrandA,Online,UPC-727679064,SKU-ELE-4629,Tablet,1,1,4,148.74,67.12,81.62,184.32,35.58,0,0,2025-12-22 19:00:00,0,0,1
TXN-03-04082,STORE-004,Electronics,BrandF,Online,UPC-675876530,SKU-ELE-1979,Monitor,6,6,4,2074.44,1234.34,840.1,459.31,113.57,1,0,2025-12-15 18:00:00,1,0,1
TXN-03-04720,STORE-017,Electronics,BrandG,In-Store,UPC-199644041,SKU-ELE-9553,Monitor,2,2,0,361.06,200.75,160.31,222.6,42.07,0,0,2025-12-04 07:00:00,0,0,1
TXN-03-02011,STORE-020,Grocery,BrandG,Mobile,UPC-348911964,SKU-GRO-2884,Snack Bar,7,7,2,338.87,216.36,122.51,51.11,2.7,0,0,2025-12-04 07:00:00,0,0,1
TXN-03-05943,STORE-018,Grocery,BrandG,Online,UPC-840766672,SKU-GRO-7838,Coffee,8,8,1,231.04,151.35,79.69,30.5,1.62,0,0,2025-12-24 17:00:00,1,0,1
TXN-03-03889,STORE-010,Home & Garden,BrandA,Mobile,UPC-670601081,SKU-HOM-7486,Plant Pot,1,1,3,235.33,154.35,80.98,238.1,2.77,0,0,2025-12-21 06:00:00,0,1,1
TXN-03-05809,STORE-012,Home & Garden,BrandA,Online,UPC-700360124,SKU-HOM-3080,Plant Pot,8,8,4,1509.52,830.6,678.92,212.43,23.74,0,0,2025-12-11 10:00:00,1,0,1
TXN-03-01833,STORE-010,Home & Garden,BrandC,Online,UPC-335160469,SKU-HOM-4307,Vase,4,4,1,1133.88,663.68,470.2,303.92,20.45,0,0,2025-12-05 19:00:00,0,1,1
TXN-03-02875,STORE-002,Electronics,BrandB,In-Store,UPC-462475183,SKU-ELE-7059,Tablet,7,7,0,1458.03,993.0,465.03,214.53,6.24,0,0,2025-12-17 16:00:00,1,0,1
TXN-03-00783,STORE-010,Grocery,BrandB,Online,UPC-495844036,SKU-GRO-1069,Pasta,4,4,4,375.68,185.59,190.09,117.22,23.3,0,0,2025-12-03 17:00:00,1,1,1
TXN-03-01351,STORE-017,Apparel,BrandD,Mobile,UPC-670635735,SKU-APP-5231,Dress,7,7,3,898.87,505.47,393.4,134.9,6.49,0,0,2025-12-08 04:00:00,1,0,1
TXN-03-00741,STORE-013,Electronics,BrandC,In-Store,UPC-782921833,SKU-ELE-5686,Speaker,2,2,4,583.04,304.92,278.12,373.56,82.04,0,0,2025-12-24 17:00:00,0,1,1
TXN-03-00405,STORE-017,Electronics,BrandG,In-Store,UPC-303510916,SKU-ELE-4194,Phone,7,7,0,2093.42,986.3,1107.12,331.67,32.61,0,0,2025-12-23 00:00:00,1,0,1
TXN-03-05632,STORE-003,Home & Garden,BrandG,In-Store,UPC-840338396,SKU-HOM-9438,Vase,5,5,0,695.75,517.39,178.36,150.52,11.37,0,0,2025-12-03 09:00:00,0,0,1
TXN-03-03384,STORE-010,Grocery,BrandD,In-Store,UPC-373851599,SKU-GRO-8711,Coffee,5,5,3,1424.6,962.93,461.67,383.04,98.12,0,0,2025-12-13 07:00:00,1,1,1
TXN-03-05816,STORE-003,Home & Garden,BrandD,Online,UPC-572092379,SKU-HOM-3609,Cushion,5,5,1,1505.6,615.91,889.69,362.09,60.97,0,0,2025-12-10 19:00:00,0,1,1
TXN-03-00541,STORE-002,Electronics,BrandC,Mobile,UPC-252853853,SKU-ELE-1949,Charger,2,2,1,499.52,286.07,213.45,276.49,26.73,0,0,2025-12-30 05:00:00,1,0,1
TXN-03-03710,STORE-003,Electronics,BrandB,In-Store,UPC-413238237,SKU-ELE-6345,Phone,9,9,0,2124.63,1046.0,1078.63,279.27,43.2,0,0,2025-12-05 17:00:00,1,0,1
TXN-03-01005,STORE-018,Home & Garden,BrandG,In-Store,UPC-838699944,SKU-HOM-6850,Cushion,1,1,2,353.1,205.22,147.88,402.9,49.8,0,0,2025-12-18 06:00:00,0,0,1
TXN-03-03418,STORE-014,Apparel,BrandF,In-Store,UPC-696988785,SKU-APP-3233,Jacket,4,4,1,1098.0,473.67,624.33,387.12,112.62,0,0,2025-12-03 18:00:00,0,0,1
TXN-03-01201,STORE-005,Sports,BrandA,Online,UPC-323020351,SKU-SPO-2494,Resistance Band,5,5,0,1416.1,667.26,748.84,376.3,93.08,0,0,2025-12-16 16:00:00,1,1,1
TXN-03-02437,STORE-010,Sports,BrandA,In-Store,UPC-953174871,SKU-SPO-8147,Cap,1,1,3,383.94,155.13,228.81,495.22,111.28,0,0,2025-12-20 05:00:00,1,0,1
TXN-03-05078,STORE-015,Apparel,BrandF,In-Store,UPC-703922667,SKU-APP-6938,Socks,7,7,0,3094.28,2052.38,1041.9,481.38,39.34,0,0,2025-12-29 17:00:00,1,1,1
TXN-03-06311,STORE-014,Apparel,BrandB,Mobile,UPC-727937565,SKU-APP-3074,T-Shirt,6,6,2,518.22,268.48,249.74,94.58,8.21,0,0,2025-12-22 20:00:00,1,0,1
TXN-03-03404,STORE-019,Sports,BrandA,Online,UPC-211403634,SKU-SPO-4314,Dumbbell,1,1,4,158.88,88.77,70.11,177.28,18.4,1,0,2025-12-20 15:00:00,1,0,1
TXN-03-01938,STORE-018,Home & Garden,BrandB,In-Store,UPC-751257296,SKU-HOM-5501,Lamp,9,9,1,3360.51,2395.4,965.11,493.07,119.68,0,0,2025-12-11 06:00:00,0,1,1
TXN-03-05267,STORE-011,Apparel,BrandC,In-Store,UPC-631842079,SKU-APP-8645,Shoes,6,6,0,1952.28,947.88,1004.4,361.52,36.14,0,0,2025-12-06 06:00:00,1,0,1
TXN-03-04707,STORE-010,Home & Garden,BrandA,Online,UPC-107765376,SKU-HOM-5203,Tool Set,1,1,4,253.48,105.09,148.39,341.97,88.49,0,0,2025-12-04 09:00:00,0,0,1
TXN-03-02681,STORE-004,Home & Garden,BrandA,Online,UPC-742939371,SKU-HOM-4415,Chair,5,5,1,1965.45,982.09,983.36,408.15,15.06,0,0,2025-12-19 21:00:00,0,0,1
TXN-03-04430,STORE-009,Home & Garden,BrandF,In-Store,UPC-299609845,SKU-HOM-7280,Cushion,7,7,4,990.29,429.6,560.69,199.5,58.03,0,0,2025-12-03 13:00:00,1,0,1
TXN-03-01724,STORE-006,Sports,BrandD,Mobile,UPC-393107067,SKU-SPO-8724,Resistance Band,4,4,2,593.0,416.92,176.08,201.49,53.24,0,0,2025-12-24 17:00:00,1,0,1
TXN-03-02206,STORE-012,Electronics,BrandH,In-Store,UPC-166604907,SKU-ELE-1510,Monitor,3,3,3,896.04,638.32,257.72,378.36,79.68,0,0,2025-12-03 09:00:00,1,0,1
TXN-03-02934,STORE-013,Electronics,BrandF,In-Store,UPC-117791380,SKU-ELE-7352,Tablet,4,4,4,1680.36,891.12,789.24,424.32,4.23,0,0,2025-12-11 03:00:00,1,0,1
TXN-03-04580,STORE-003,Grocery,BrandB,In-Store,UPC-429963056,SKU-GRO-3501,Coffee,9,9,1,2304.81,1715.38,589.43,293.03,36.94,0,0,2025-12-09 03:00:00,1,0,1
TXN-03-00426,STORE-002,Sports,BrandE,In-Store,UPC-381418794,SKU-SPO-3345,Cap,7,7,3,553.14,353.99,199.15,80.93,1.91,0,0,2025-12-24 22:00:00,1,1,1
TXN-03-03306,STORE-013,Apparel,BrandC,In-Store,UPC-380592390,SKU-APP-3340,Hat,2,2,2,133.62,87.94,45.68,85.81,19.0,0,0,2025-12-25 17:00:00,0,0,1
TXN-03-04505,STORE-016,Home & Garden,BrandB,In-Store,UPC-576269324,SKU-HOM-9498,Plant Pot,3,3,1,814.05,416.87,397.18,373.63,102.28,0,0,2025-12-27 23:00:00,1,0,1
TXN-03-04961,STORE-004,Apparel,BrandE,In-Store,UPC-907066339,SKU-APP-1273,Jeans,9,9,3,2302.11,1265.09,1037.02,309.15,53.36,0,0,2025-12-13 17:00:00,0,0,1
TXN-03-00408,STORE-013,Home & Garden,BrandC,In-Store,UPC-377672592,SKU-HOM-5534,Cushion,5,5,0,1045.8,490.21,555.59,248.46,39.3,0,0,2025-12-10 09:00:00,1,1,1
TXN-03-02532,STORE-001,Electronics,BrandH,In-Store,UPC-506616414,SKU-ELE-9418,Camera,5,5,0,1956.7,1148.69,808.01,460.05,68.71,1,1,2025-12-15 08:00:00,0,1,1
TXN-03-00194,STORE-017,Sports,BrandE,In-Store,UPC-870491127,SKU-SPO-8962,Jersey,8,8,2,1196.32,745.34,450.98,173.51,23.97,0,0,2025-12-22 05:00:00,0,1,1
TXN-03-00164,STORE-017,Apparel,BrandF,In-Store,UPC-848796868,SKU-APP-1939,Dress,3,3,3,624.18,372.14,252.04,276.41,68.35,0,0,2025-12-10 21:00:00,0,0,1
TXN-03-06184,STORE-010,Electronics,BrandH,In-Store,UPC-370928198,SKU-ELE-8490,Speaker,4,4,1,1223.16,587.07,636.09,409.35,103.56,0,0,2025-12-30 14:00:00,1,0,1
TXN-03-04955,STORE-012,Home & Garden,BrandC,Mobile,UPC-840727143,SKU-HOM-2924,Lamp,8,8,4,2491.84,1563.58,928.26,372.24,60.76,0,0,2025-12-06 03:00:00,1,1,1
TXN-03-02493,STORE-014,Sports,BrandG,Mobile,UPC-492697123,SKU-SPO-9010,Yoga Mat,2,2,1,222.68,94.82,127.86,119.73,8.39,0,0,2025-12-05 15:00:00,1,0,1
TXN-03-00808,STORE-001,Grocery,BrandG,In-Store,UPC-114441956,SKU-GRO-5038,Coffee,6,6,0,1245.3,745.53,499.77,270.59,63.04,0,0,2025-12-26 12:00:00,1,1,1
TXN-03-01803,STORE-018,Grocery,BrandE,Online,UPC-814264763,SKU-GRO-6381,Coffee,9,9,1,3853.44,2525.03,1328.41,444.46,16.3,0,0,2025-12-09 18:00:00,1,1,1
TXN-03-03554,STORE-005,Electronics,BrandH,In-Store,UPC-391635615,SKU-ELE-4865,Phone,6,6,3,808.5,423.31,385.19,153.42,18.67,0,0,2025-12-03 10:00:00,0,0,1
TXN-03-05124,STORE-016,Electronics,BrandD,Mobile,UPC-898923715,SKU-ELE-6010,Camera,3,3,4,879.21,655.58,223.63,306.85,13.78,0,0,2025-12-10 12:00:00,0,0,1
TXN-03-03856,STORE-002,Electronics,BrandA,In-Store,UPC-945200134,SKU-ELE-2798,Phone,8,8,2,426.24,192.11,234.13,65.91,12.63,0,0,2025-12-07 14:00:00,1,0,1
TXN-03-00709,STORE-009,Sports,BrandB,In-Store,UPC-539500247,SKU-SPO-6263,Running Shoes,6,6,0,846.78,448.7,398.08,144.75,3.62,0,0,2025-12-10 05:00:00,1,0,1
TXN-03-04318,STORE-016,Apparel,BrandF,Online,UPC-419628380,SKU-APP-8194,Dress,8,8,2,1643.76,1096.96,546.8,222.09,16.62,0,0,2025-12-25 16:00:00,1,0,1
TXN-03-04749,STORE-018,Grocery,BrandC,Online,UPC-292574689,SKU-GRO-9685,Cereal,7,7,0,1464.68,826.39,638.29,270.77,61.53,0,0,2025-12-25 14:00:00,1,0,1
TXN-03-04118,STORE-006,Home & Garden,BrandF,Mobile,UPC-970666845,SKU-HOM-8453,Plant Pot,1,1,2,271.87,192.3,79.57,370.6,98.73,0,0,2025-12-23 17:00:00,1,1,1
TXN-03-05367,STORE-001,Electronics,BrandE,In-Store,UPC-694723598,SKU-ELE-8694,Speaker,5,5,1,1655.25,1216.04,439.21,446.63,115.58,0,0,2025-12-14 23:00:00,0,0,1
TXN-03-02079,STORE-011,Apparel,BrandE,In-Store,UPC-342864327,SKU-APP-7519,Jeans,9,9,2,71.01,38.2,32.81,9.58,1.69,0,0,2025-12-01 11:00:00,1,0,1
TXN-03-00121,STORE-004,Sports,BrandF,In-Store,UPC-651085784,SKU-SPO-8541,Jersey,8,8,4,2900.72,1321.69,1579.03,422.75,60.16,1,1,2025-12-22 22:00:00,1,0,1
TXN-03-01890,STORE-011,Apparel,BrandE,Mobile,UPC-102618135,SKU-APP-6126,Shoes,6,6,3,1734.78,947.51,787.27,325.33,36.2,0,0,2025-12-05 03:00:00,1,1,1
TXN-03-05966,STORE-017,Home & Garden,BrandB,In-Store,UPC-156967791,SKU-HOM-9394,Tool Set,6,6,3,551.04,299.69,251.35,96.35,4.51,0,0,2025-12-02 13:00:00,1,0,1
TXN-03-01668,STORE-004,Electronics,BrandD,In-Store,UPC-123060511,SKU-ELE-8986,Phone,3,3,1,166.92,82.1,84.82,72.83,17.19,0,0,2025-12-17 02:00:00,1,1,1
TXN-03-02512,STORE-014,Apparel,BrandB,Mobile,UPC-868763720,SKU-APP-4801,Hat,6,6,2,2615.4,1449.22,1166.18,482.03,46.13,0,0,2025-12-29 05:00:00,0,1,1
TXN-03-04650,STORE-012,Sports,BrandG,In-Store,UPC-312836121,SKU-SPO-1903,Dumbbell,7,7,2,1538.67,752.78,785.89,252.15,32.34,0,0,2025-12-28 11:00:00,0,0,1
TXN-03-01096,STORE-002,Electronics,BrandB,Mobile,UPC-607433827,SKU-ELE-6148,Tablet,4,4,1,955.52,459.53,495.99,265.23,26.35,0,0,2025-12-08 20:00:00,0,1,1
TXN-03-01920,STORE-015,Sports,BrandE,In-Store,UPC-126052889,SKU-SPO-8134,Cap,9,9,2,2454.66,1235.15,1219.51,324.95,52.21,0,0,2025-12-17 04:00:00,1,0,1
TXN-03-04117,STORE-009,Home & Garden,BrandG,In-Store,UPC-756548699,SKU-HOM-4219,Hose,9,9,2,287.64,115.15,172.49,33.33,1.37,0,0,2025-12-23 07:00:00,1,0,1
TXN-03-04121,STORE-016,Grocery,BrandA,Online,UPC-739669323,SKU-GRO-3467,Rice,3,3,2,177.57,115.61,61.96,60.73,1.54,0,0,2025-12-11 09:00:00,1,1,1
TXN-03-00101,STORE-008,Apparel,BrandA,In-Store,UPC-235215093,SKU-APP-3163,Socks,6,6,1,351.18,174.34,176.84,66.15,7.62,0,0,2025-12-26 09:00:00,1,1,1
TXN-03-04835,STORE-019,Home & Garden,BrandG,Online,UPC-914545036,SKU-HOM-6704,Plant Pot,8,8,2,1786.88,768.13,1018.75,310.01,86.65,0,0,2025-12-28 16:00:00,1,0,1
TXN-03-05472,STORE-013,Home & Garden,BrandB,Mobile,UPC-769985630,SKU-HOM-9165,Hose,1,1,1,363.72,251.92,111.8,408.3,44.58,0,0,2025-12-15 22:00:00,0,1,1
TXN-03-03624,STORE-019,Grocery,BrandD,In-Store,UPC-445850736,SKU-GRO-8676,Juice,4,4,4,1526.0,1007.81,518.19,467.55,86.05,0,0,2025-12-03 13:00:00,0,0,1
TXN-03-06077,STORE-017,Sports,BrandH,Online,UPC-429465071,SKU-SPO-2045,Running Shoes,1,1,0,108.46,47.47,60.99,129.82,21.36,0,0,2025-12-19 10:00:00,1,0,1
TXN-03-01128,STORE-005,Apparel,BrandE,Mobile,UPC-769559082,SKU-APP-8112,Hat,6,6,0,1396.26,992.35,403.91,273.82,41.11,1,0,2025-12-20 21:00:00,0,0,1
TXN-03-05852,STORE-005,Grocery,BrandA,In-Store,UPC-853575138,SKU-GRO-2470,Snack Bar,7,7,2,2767.73,1268.54,1499.19,446.47,51.08,0,0,2025-12-21 11:00:00,0,0,1
TXN-03-03471,STORE-014,Sports,BrandB,In-Store,UPC-474548834,SKU-SPO-8839,Jersey,5,5,1,305.3,160.25,145.05,63.38,2.32,0,0,2025-12-08 05:00:00,1,0,1
TXN-03-05887,STORE-009,Electronics,BrandE,In-Store,UPC-618936441,SKU-ELE-4183,Monitor,6,6,3,2178.0,1359.09,818.91,407.51,44.51,0,0,2025-12-26 19:00:00,0,0,1
TXN-03-03281,STORE-013,Electronics,BrandD,Mobile,UPC-143284576,SKU-ELE-1159,Charger,7,7,2,3137.68,1641.65,1496.03,453.64,5.4,0,0,2025-12-04 21:00:00,1,0,1
TXN-03-00373,STORE-002,Electronics,BrandG,Online,UPC-904133045,SKU-ELE-5305,Speaker,7,7,3,1061.97,763.02,298.95,209.47,57.76,0,0,2025-12-04 18:00:00,0,1,1
TXN-03-05435,STORE-012,Sports,BrandB,Online,UPC-312486512,SKU-SPO-4844,Dumbbell,2,2,1,312.36,211.72,100.64,208.76,52.58,0,0,2025-12-23 05:00:00,1,0,1
TXN-03-00461,STORE-009,Home & Garden,BrandC,In-Store,UPC-389816041,SKU-HOM-2365,Tool Set,2,2,4,513.26,210.74,302.52,363.14,106.51,0,0,2025-12-06 14:00:00,1,0,1
TXN-03-02998,STORE-012,Apparel,BrandA,Online,UPC-271890234,SKU-APP-3357,Socks,1,1,0,280.56,128.9,151.66,333.26,52.7,0,0,2025-12-05 08:00:00,0,0,1
TXN-03-00533,STORE-009,Electronics,BrandA,In-Store,UPC-719564098,SKU-ELE-1062,Speaker,1,1,4,74.33,45.37,28.96,101.22,26.89,0,0,2025-12-14 07:00:00,1,0,1
TXN-03-01964,STORE-019,Home & Garden,BrandA,In-Store,UPC-613314755,SKU-HOM-1540,Tool Set,1,1,0,94.76,64.19,30.57,121.75,26.99,0,0,2025-12-05 23:00:00,1,1,1
TXN-03-01655,STORE-020,Electronics,BrandH,In-Store,UPC-220132834,SKU-ELE-7734,Speaker,4,4,4,1228.0,782.55,445.45,327.16,20.16,0,0,2025-12-24 16:00:00,1,0,1
TXN-03-03014,STORE-013,Grocery,BrandD,Online,UPC-610344030,SKU-GRO-1987,Pasta,9,9,3,2807.55,1710.73,1096.82,385.33,73.38,0,0,2025-12-27 21:00:00,1,1,1
TXN-03-00628,STORE-009,Sports,BrandF,In-Store,UPC-541441900,SKU-SPO-4958,Resistance Band,1,1,0,72.44,42.43,30.01,86.43,13.99,0,0,2025-12-12 02:00:00,0,0,1
TXN-03-03618,STORE-012,Electronics,BrandA,In-Store,UPC-618616981,SKU-ELE-4682,Monitor,1,1,4,203.87,133.14,70.73,216.29,12.42,0,0,2025-12-10 16:00:00,1,0,1
TXN-03-01700,STORE-005,Electronics,BrandE,In-Store,UPC-101208724,SKU-ELE-5146,Headphones,1,1,1,129.57,59.74,69.83,158.94,29.37,0,0,2025-12-21 16:00:00,1,0,1
TXN-03-00745,STORE-004,Grocery,BrandC,Online,UPC-377515966,SKU-GRO-8928,Bread,8,8,3,2063.84,1521.88,541.96,299.42,41.44,0,0,2025-12-09 23:00:00,1,0,1
TXN-03-05640,STORE-009,Home & Garden,BrandA,Mobile,UPC-566175974,SKU-HOM-7360,Chair,8,8,3,1617.92,1021.15,596.77,207.72,5.48,0,0,2025-12-24 17:00:00,0,0,1
TXN-03-02353,STORE-009,Electronics,BrandG,Online,UPC-442305322,SKU-ELE-5368,Monitor,8,8,0,3217.44,1875.69,1341.75,497.28,95.1,0,0,2025-12-30 18:00:00,1,0,1
TXN-03-05432,STORE-019,Apparel,BrandB,Online,UPC-637872662,SKU-APP-1764,Jeans,7,7,0,3379.67,2518.25,861.42,499.19,16.38,1,0,2025-12-18 20:00:00,1,0,1
TXN-03-06089,STORE-018,Grocery,BrandH,Online,UPC-207357897,SKU-GRO-3804,Juice,6,6,2,1271.64,580.96,690.68,262.58,50.64,0,0,2025-12-22 05:00:00,0,0,1
TXN-03-05698,STORE-012,Grocery,BrandD,Mobile,UPC-613050464,SKU-GRO-7203,Milk,7,7,3,1397.97,970.74,427.23,232.4,32.69,0,0,2025-12-21 10:00:00,1,1,1
TXN-03-06018,STORE-013,Electronics,BrandF,In-Store,UPC-987956463,SKU-ELE-8171,Monitor,2,2,3,91.52,68.03,23.49,53.45,7.69,0,0,2025-12-23 21:00:00,1,0,1
TXN-03-00140,STORE-001,Electronics,BrandD,Online,UPC-766488233,SKU-ELE-1781,Charger,8,8,3,302.56,205.07,97.49,47.77,9.95,0,0,2025-12-30 04:00:00,1,0,1
TXN-03-01599,STORE-014,Home & Garden,BrandA,In-Store,UPC-217950424,SKU-HOM-1940,Rug,6,6,3,40.62,29.0,11.62,8.38,1.61,0,0,2025-12-05 16:00:00,0,0,1
TXN-03-03585,STORE-014,Electronics,BrandE,In-Store,UPC-918747220,SKU-ELE-1621,Charger,5,5,2,494.1,355.77,138.33,128.4,29.58,0,0,2025-12-24 21:00:00,1,0,1
TXN-03-03676,STORE-005,Electronics,BrandE,Online,UPC-146916223,SKU-ELE-5436,Speaker,4,4,2,976.52,650.67,325.85,281.29,37.16,0,0,2025-12-12 16:00:00,0,0,1
TXN-03-02066,STORE-010,Apparel,BrandA,Mobile,UPC-687568824,SKU-APP-1870,Jeans,1,1,2,301.32,193.79,107.53,316.26,14.94,0,0,2025-12-02 15:00:00,0,0,1
TXN-03-05448,STORE-015,Grocery,BrandF,Online,UPC-178662750,SKU-GRO-8473,Coffee,3,3,3,18.0,11.12,6.88,8.26,2.26,0,0,2025-12-15 05:00:00,1,0,1
TXN-03-03700,STORE-005,Home & Garden,BrandD,In-Store,UPC-815747110,SKU-HOM-7643,Chair,3,3,2,471.6,330.54,141.06,173.4,16.2,0,0,2025-12-15 04:00:00,0,1,1
TXN-03-01011,STORE-007,Grocery,BrandE,Online,UPC-140775198,SKU-GRO-5593,Cereal,8,8,2,1713.04,1279.88,433.16,247.07,32.94,0,0,2025-12-07 01:00:00,1,1,1
TXN-03-03216,STORE-007,Home & Garden,BrandE,Mobile,UPC-262142741,SKU-HOM-2516,Chair,2,2,4,813.72,542.83,270.89,490.0,83.14,0,0,2025-12-14 18:00:00,1,0,1
TXN-03-04850,STORE-015,Apparel,BrandB,Mobile,UPC-311398537,SKU-APP-4371,Scarf,4,4,4,1585.76,718.73,867.03,426.23,29.79,1,0,2025-12-05 20:00:00,1,1,1
TXN-03-02134,STORE-006,Home & Garden,BrandB,Online,UPC-397169815,SKU-HOM-8464,Hose,2,2,1,147.3,73.18,74.12,96.82,23.17,0,0,2025-12-14 21:00:00,1,1,1
TXN-03-16437,STORE-019,Home & Garden,BrandG,In-Store,UPC-303071608,SKU-HOM-1225,Plant Pot,2,2,2,492.6,267.52,225.08,329.72,83.42,0,0,2025-12-14 00:00:00,0,0,1
TXN-03-03656,STORE-018,Apparel,BrandF,In-Store,UPC-142659283,SKU-APP-1021,Scarf,3,3,2,334.62,242.62,92.0,140.79,29.25,0,0,2025-12-09 12:00:00,1,1,1
TXN-03-05821,STORE-012,Home & Garden,BrandH,Online,UPC-509095020,SKU-HOM-9010,Rug,2,2,2,523.04,342.81,180.23,342.91,81.39,0,0,2025-12-20 21:00:00,1,0,1
TXN-03-00477,STORE-011,Grocery,BrandD,Mobile,UPC-693464022,SKU-GRO-2698,Milk,2,2,1,327.08,140.63,186.45,185.77,22.23,0,0,2025-12-01 00:00:00,1,1,1
TXN-03-03144,STORE-019,Apparel,BrandC,Online,UPC-935179956,SKU-APP-1455,Dress,9,9,2,2063.7,1294.58,769.12,230.11,0.81,0,0,2025-12-21 22:00:00,1,0,1
TXN-03-16431,STORE-010,Apparel,BrandC,In-Store,UPC-227814986,SKU-APP-4305,Socks,6,6,3,391.02,178.24,212.78,70.13,4.96,0,0,2025-12-25 14:00:00,1,0,1
TXN-03-02537,STORE-014,Home & Garden,BrandE,In-Store,UPC-853650828,SKU-HOM-8328,Hose,8,8,0,201.52,105.3,96.22,29.38,4.19,0,0,2025-12-23 19:00:00,1,0,1
TXN-03-02468,STORE-006,Grocery,BrandG,In-Store,UPC-141612759,SKU-GRO-1909,Cereal,7,7,2,2385.39,1303.13,1082.26,365.83,25.06,0,0,2025-12-25 11:00:00,0,1,1
TXN-03-00330,STORE-020,Sports,BrandF,Mobile,UPC-782178307,SKU-SPO-3252,Yoga Mat,6,6,3,1636.68,1197.2,439.48,383.32,110.54,0,0,2025-12-28 03:00:00,1,0,1
TXN-03-03797,STORE-015,Grocery,BrandF,Online,UPC-777323931,SKU-GRO-2168,Rice,2,2,3,645.88,447.28,198.6,389.21,66.27,0,0,2025-12-11 01:00:00,0,1,1
TXN-03-00932,STORE-011,Grocery,BrandC,In-Store,UPC-595810993,SKU-GRO-8790,Juice,2,2,4,409.32,264.96,144.36,238.79,34.13,0,0,2025-12-14 03:00:00,1,0,1
TXN-03-06264,STORE-009,Home & Garden,BrandE,In-Store,UPC-884355383,SKU-HOM-8852,Vase,3,3,4,1035.75,722.92,312.83,425.79,80.54,0,0,2025-12-13 13:00:00,1,0,1
TXN-03-01038,STORE-008,Apparel,BrandH,Online,UPC-472502945,SKU-APP-1028,Shoes,3,3,0,228.6,161.02,67.58,89.98,13.78,0,0,2025-12-14 10:00:00,0,1,1
TXN-03-05377,STORE-013,Apparel,BrandG,Online,UPC-207983023,SKU-APP-4243,Shoes,5,5,0,280.35,142.71,137.64,58.15,2.08,0,0,2025-12-15 12:00:00,0,0,1
TXN-03-02105,STORE-001,Grocery,BrandD,Online,UPC-217830776,SKU-GRO-8102,Snack Bar,7,7,0,222.25,150.85,71.4,38.44,6.69,0,0,2025-12-25 14:00:00,1,0,1
TXN-03-04597,STORE-019,Home & Garden,BrandG,In-Store,UPC-303071608,SKU-HOM-1225,Plant Pot,2,2,2,492.6,267.52,225.08,329.72,83.42,0,0,2025-12-14 00:00:00,0,0,1
TXN-03-02660,STORE-008,Apparel,BrandB,Mobile,UPC-313100871,SKU-APP-2715,Jeans,8,8,2,1329.12,602.86,726.26,188.35,22.21,0,0,2025-12-13 07:00:00,1,0,1
TXN-03-03046,STORE-015,Sports,BrandG,Online,UPC-725305689,SKU-SPO-4779,Water Bottle,9,9,4,2849.31,1518.74,1330.57,438.66,122.07,0,0,2025-12-22 02:00:00,1,0,1
TXN-03-02275,STORE-008,Electronics,BrandB,In-Store,UPC-234583733,SKU-ELE-7028,Headphones,2,2,3,442.2,300.39,141.81,267.01,45.91,0,0,2025-12-14 18:00:00,1,0,1
TXN-03-00579,STORE-014,Apparel,BrandH,In-Store,UPC-894466805,SKU-APP-5604,Jacket,2,2,2,699.82,289.62,410.2,461.7,111.79,0,0,2025-12-16 08:00:00,1,1,1
TXN-03-03783,STORE-020,Home & Garden,BrandD,Online,UPC-508544271,SKU-HOM-2774,Lamp,1,1,4,441.35,223.47,217.88,497.55,56.2,0,0,2025-12-27 12:00:00,1,1,1
TXN-03-05827,STORE-019,Apparel,BrandG,Online,UPC-521481049,SKU-APP-4943,Shoes,3,3,3,521.01,243.99,277.02,239.05,65.38,0,0,2025-12-07 14:00:00,1,1,1
TXN-03-04407,STORE-007,Electronics,BrandG,Online,UPC-470509492,SKU-ELE-5761,Tablet,5,5,1,1636.75,765.89,870.86,327.66,0.31,0,0,2025-12-21 18:00:00,0,0,1
TXN-03-00120,STORE-011,Home & Garden,BrandB,In-Store,UPC-317087560,SKU-HOM-1327,Plant Pot,4,4,0,850.8,450.81,399.99,285.06,72.36,0,0,2025-12-11 08:00:00,0,1,1
TXN-03-03050,STORE-012,Electronics,BrandB,In-Store,UPC-817393210,SKU-ELE-7244,Tablet,3,3,3,953.64,631.59,322.05,443.05,125.17,0,0,2025-12-03 10:00:00,0,0,1
TXN-03-02799,STORE-018,Home & Garden,BrandC,In-Store,UPC-307370019,SKU-HOM-8086,Cushion,8,8,2,1223.76,865.59,358.17,211.21,58.24,0,0,2025-12-29 14:00:00,0,1,1
TXN-03-02947,STORE-013,Electronics,BrandG,In-Store,UPC-951351776,SKU-ELE-8693,Laptop,7,7,1,812.91,417.59,395.32,145.99,29.86,0,0,2025-12-02 06:00:00,1,1,1
TXN-03-04180,STORE-013,Sports,BrandB,In-Store,UPC-741518819,SKU-SPO-9253,Jersey,8,8,0,2540.72,1820.94,719.78,327.17,9.58,0,0,2025-12-29 14:00:00,0,0,1
TXN-03-02144,STORE-016,Grocery,BrandA,Online,UPC-839881447,SKU-GRO-1155,Juice,1,1,3,230.36,111.99,118.37,254.77,24.41,0,0,2025-12-14 22:00:00,1,0,1
TXN-03-03971,STORE-009,Home & Garden,BrandB,In-Store,UPC-511760018,SKU-HOM-9308,Vase,5,5,0,1271.8,738.98,532.82,323.22,68.86,0,0,2025-12-13 02:00:00,1,0,1
TXN-03-00571,STORE-002,Sports,BrandA,Mobile,UPC-615074115,SKU-SPO-4063,Cap,5,5,3,1528.4,766.55,761.85,332.65,26.97,0,0,2025-12-13 22:00:00,1,1,1
TXN-03-01197,STORE-009,Electronics,BrandD,Online,UPC-206985792,SKU-ELE-1950,Camera,5,5,0,947.6,668.77,278.83,227.81,38.29,0,0,2025-12-02 07:00:00,0,0,1
TXN-03-02801,STORE-019,Electronics,BrandA,In-Store,UPC-522649796,SKU-ELE-4936,Headphones,1,1,3,365.89,245.04,120.85,427.26,61.37,0,0,2025-12-27 15:00:00,1,1,1
TXN-03-03491,STORE-014,Electronics,BrandB,In-Store,UPC-760729799,SKU-ELE-2440,Headphones,4,4,4,71.8,53.58,18.22,19.85,1.9,0,0,2025-12-17 11:00:00,0,0,1
TXN-03-05908,STORE-003,Sports,BrandE,Online,UPC-863486493,SKU-SPO-4353,Water Bottle,7,7,1,977.9,693.71,284.19,183.12,43.42,0,0,2025-12-24 11:00:00,0,1,1
